id,startDate,endDate,ecMaxContribution
101116741,2024-02-01,2029-01-31,1499998
101163161,2025-08-01,2031-07-31,12085363
101160499,2025-06-01,2030-05-31,1489128
101166905,2025-05-01,2031-04-30,9957560
101162875,2025-03-01,2030-02-28,1500000
101167314,2025-04-01,2031-03-31,11982258
101165261,2025-10-01,2030-09-30,1495625
101072693,2022-08-01,2024-07-31,100000
101172406,2024-07-01,2025-12-31,300000
101114128,2023-07-01,2024-03-31,75000
101114412,2023-06-01,2024-02-29,75000
101114020,2023-06-01,2024-02-29,75000
101114248,2023-07-01,2024-06-30,75000
101052410,2021-09-01,2023-02-28,2000000
101172981,2024-02-01,2025-02-28,999500
101157697,2023-09-20,2025-09-19,132000
101146726,2023-12-01,2025-05-31,2000000
101124648,2023-09-01,2026-08-31,"2499638,25"
101146604,2023-12-01,2024-11-30,"499691,5"
101054755,2021-09-01,2021-12-31,100000
101131799,2024-01-01,2026-12-31,1046625
101052247,2021-08-01,2023-03-31,2000000
101056649,2022-01-01,2024-12-31,850000
101123904,2022-09-01,2023-12-31,1000000
101113277,2023-01-01,2024-12-31,22712147
101113201,2023-01-01,2025-12-31,5895000
101113245,2023-01-01,2024-12-31,33696216
101071749,2022-06-01,2023-05-31,75000
101071876,2022-06-01,2023-02-28,75000
101113634,2023-06-01,2024-02-29,75000
101177609,2024-02-06,2024-08-05,100000
101114214,2023-07-01,2023-12-31,75000
101148217,2024-01-01,2026-12-31,600000
101114169,2023-07-01,2024-06-30,75000
101071680,2022-06-01,2023-05-31,70000
101100432,2023-06-01,2026-05-31,"899658,75"
101096195,2023-06-01,2025-05-31,500000
101072248,2022-09-01,2024-11-30,"993786,44"
101134907,2024-01-15,2025-03-14,"507684,07"
101070806,2022-08-01,2024-07-31,353500
101070768,2022-09-01,2024-08-31,500000
101095910,2023-07-01,2026-06-30,575789
101070737,2022-06-01,2024-05-31,499968
101096775,2023-03-01,2024-08-31,"413285,96"
101134349,2023-12-01,2024-11-30,"499981,25"
101070745,2022-10-01,2024-09-30,"498187,5"
101070847,2022-07-01,2024-06-30,"500620,95"
101114167,2024-03-01,2026-02-28,"999989,75"
101096390,2023-02-01,2024-11-30,"499982,81"
101096746,2023-02-01,2025-01-31,"400743,75"
101072092,2022-09-01,2024-08-31,998750
101113669,2023-06-01,2024-02-29,75000
101134912,2024-01-01,2024-12-31,"499891,67"
101086099,2022-12-01,2026-05-31,15000000
101071418,2022-06-01,2023-01-31,75000
101113295,2023-08-01,2024-07-31,75000
101113904,2023-07-01,2024-01-31,75000
101134321,2023-12-01,2024-12-31,"675264,61"
101124525,2023-05-01,2023-12-31,100000
101070749,2022-06-01,2024-05-31,498625
101102760,2023-07-01,2023-12-31,75000
101071724,2022-06-01,2023-02-28,75000
101071560,2022-07-01,2022-12-31,75000
101072302,2022-06-01,2023-05-31,75000
101071659,2022-06-01,2022-11-30,75000
101113978,2023-07-01,2023-12-31,75000
101113993,2023-08-01,2024-07-31,75000
101114173,2023-06-01,2024-05-31,75000
101114321,2023-07-01,2024-04-30,75000
101072279,2022-06-01,2023-01-31,75000
101113961,2023-07-01,2024-04-30,75000
101121182,2023-11-01,2026-10-31,"2180563,94"
101113615,2023-06-01,2024-03-31,75000
101113839,2023-07-01,2024-06-30,75000
101069625,2022-07-01,2022-12-31,75000
101113214,2023-01-01,2025-12-31,"8129911,81"
101113035,2023-01-01,2025-12-31,"79853967,07"
101113099,2023-01-01,2025-12-31,2471486
101113078,2023-01-01,2025-12-31,25025000
101071830,2022-06-01,2023-01-31,75000
101113831,2023-06-01,2024-05-31,75000
101058391,2022-04-01,2025-03-31,2000000
101071850,2022-07-01,2023-06-30,75000
101114385,2023-07-01,2024-06-30,75000
101071747,2022-06-01,2023-05-31,75000
101114041,2023-06-01,2024-02-29,75000
101114564,2023-07-01,2024-06-30,75000
101072034,2022-07-01,2023-06-30,75000
101071988,2022-06-01,2023-02-28,75000
101058623,2022-09-01,2025-08-31,1847562
101072294,2022-06-01,2022-11-30,75000
101113683,2023-07-01,2024-03-31,75000
101112701,2023-01-01,2025-10-31,"4056412,63"
101114261,2023-06-01,2024-05-31,75000
101114484,2023-07-01,2024-12-31,75000
101097010,2023-01-15,2025-01-14,499875
101112921,2023-01-01,2025-12-31,"160024833,85"
101114052,2023-07-01,2024-01-31,75000
101114225,2023-09-01,2024-08-31,75000
101096781,2023-02-01,2025-01-31,"499187,5"
101072296,2022-06-01,2022-11-30,75000
101113750,2023-07-01,2023-12-31,75000
101113932,2023-06-01,2023-11-30,75000
101072150,2022-07-01,2023-06-30,75000
101113889,2023-07-01,2024-06-30,75000
101113568,2023-08-01,2024-07-31,75000
101114157,2023-07-01,2024-03-31,75000
101113711,2023-07-01,2024-06-30,75000
101114222,2023-07-01,2023-12-31,75000
101114192,2023-07-01,2024-06-30,75000
101113570,2023-07-01,2024-03-31,75000
101114249,2023-07-01,2023-12-31,75000
101113663,2023-07-01,2024-08-31,75000
101113870,2023-07-01,2023-12-31,75000
101113810,2023-06-01,2024-05-31,75000
101134869,2024-06-01,2025-05-31,"499091,32"
101113697,2023-06-01,2024-05-31,75000
101075949,2022-01-10,2022-07-09,"399026,5"
101134833,2023-12-01,2025-02-28,"499210,75"
101114273,2023-09-01,2024-06-30,75000
101113998,2023-06-01,2024-05-31,75000
101096680,2023-01-15,2025-01-14,"498927,5"
101113944,2023-09-01,2024-08-31,75000
101114470,2023-07-01,2024-06-30,75000
101113845,2023-07-01,2024-06-30,75000
101113597,2023-07-01,2024-06-30,75000
101114180,2023-08-01,2024-04-30,75000
101113791,2023-07-01,2024-02-29,75000
101114443,2023-07-01,2023-12-31,75000
101113800,2023-07-01,2024-06-30,75000
101113560,2023-07-01,2024-06-30,75000
101071451,2022-06-01,2022-11-30,75000
101114467,2023-07-01,2024-06-30,75000
101072239,2022-06-01,2023-11-30,75000
101114117,2023-06-01,2024-03-31,75000
101114316,2023-06-01,2023-11-30,75000
101114399,2023-07-01,2024-06-30,75000
101114190,2023-07-01,2024-03-31,75000
101071868,2022-06-01,2022-11-30,75000
101113647,2023-06-01,2024-05-31,75000
101071507,2022-06-01,2022-11-30,75000
101113895,2023-07-01,2024-12-31,75000
101114238,2023-09-04,2025-09-03,"996479,7"
101121171,2023-08-01,2024-07-31,"910986,65"
101070811,2022-09-01,2024-08-31,"491697,5"
101113979,2023-07-01,2023-12-31,75000
101159520,2024-01-01,2025-12-31,"24999996,1"
101114541,2023-07-01,2024-06-30,75000
101114279,2023-06-01,2023-11-30,75000
101114276,2023-09-04,2024-10-03,75000
101114086,2023-07-01,2024-01-31,75000
101193439,2025-01-01,2026-12-31,"1459781,25"
101071755,2022-07-01,2023-03-31,75000
101114323,2023-06-01,2024-05-31,75000
101071517,2022-06-01,2023-05-31,75000
101113607,2023-09-01,2025-08-31,1000000
101157473,2024-06-01,2026-05-31,"999843,75"
101070767,2022-09-01,2024-08-31,499644
101161013,2024-10-01,2029-09-30,10431230
101071842,2022-06-01,2023-05-31,75000
101113034,2023-01-01,2025-12-31,170517769
101133528,2024-02-01,2026-01-31,15000000
101072183,2022-06-01,2023-05-31,75000
101114061,2023-09-01,2026-02-28,1000000
101114292,2023-07-01,2024-03-31,75000
101158281,2024-09-01,2026-08-31,"989673,13"
101070827,2022-09-01,2024-04-30,"532756,25"
101113879,2023-07-01,2024-06-30,75000
101161108,2024-09-01,2028-08-31,"9797991,86"
101096732,2022-11-01,2025-02-28,500000
101114023,2023-09-01,2026-02-28,"1149343,75"
101114109,2023-08-01,2024-07-31,75000
101074040,2022-11-01,2025-10-31,1999075
101113151,2023-01-01,2025-12-31,"13394681,26"
101097000,2022-12-01,2024-11-30,"516423,88"
101113131,2023-01-01,2025-12-31,"19434311,08"
101134909,2023-12-01,2024-11-30,498575
101193381,2025-01-01,2026-12-31,"1999966,25"
101114558,2023-09-04,2024-09-03,75000
101072131,2022-06-01,2023-05-31,75000
101071600,2022-07-01,2023-06-30,75000
101100515,2023-01-15,2025-07-14,999838
101114063,2023-07-01,2024-06-30,75000
101072288,2022-06-01,2023-01-31,75000
101071633,2022-06-01,2023-05-31,75000
101072176,2022-06-01,2023-05-31,75000
101101912,2023-01-01,2025-12-31,"211411004,99"
101100468,2023-01-15,2025-07-14,1000000
101096826,2023-04-01,2025-03-31,"354598,3"
101072018,2022-06-01,2023-05-31,75000
101114439,2023-07-01,2024-06-30,75000
101113995,2023-07-01,2024-03-31,75000
101072251,2022-07-01,2023-06-30,75000
101071540,2022-06-01,2023-05-31,75000
101072135,2022-07-01,2024-12-31,999706
101114252,2023-12-15,2024-10-14,75000
101114283,2023-07-01,2024-06-30,75000
101114429,2023-07-01,2024-06-30,75000
101095912,2023-03-01,2025-06-30,499730
101072133,2022-06-01,2022-11-30,75000
101114451,2023-06-01,2024-03-31,75000
101055476,2021-09-01,2029-01-31,"142112603,26"
101071478,2022-06-01,2023-05-31,75000
101071854,2022-07-01,2023-03-31,75000
101071928,2022-07-01,2023-06-30,75000
101113565,2023-07-01,2024-06-30,75000
101114050,2023-07-01,2024-06-30,75000
101167800,2024-09-01,2025-08-31,"957144,62"
101113431,2023-06-01,2024-05-31,75000
101071919,2022-06-01,2023-05-31,75000
101114289,2023-07-01,2023-12-31,75000
101114473,2023-07-01,2023-12-31,75000
101114520,2023-07-01,2024-06-30,75000
101113976,2023-07-01,2024-04-30,75000
101114401,2023-06-01,2023-12-31,75000
101114114,2023-06-01,2024-05-31,75000
101114531,2023-07-01,2024-03-31,75000
101113897,2023-07-01,2024-06-30,75000
101114454,2023-08-01,2024-01-31,75000
101113589,2023-07-01,2024-03-31,75000
101113566,2023-06-01,2024-04-30,75000
101113990,2023-07-01,2024-06-30,75000
101071989,2022-06-01,2023-05-31,75000
101072301,2022-06-01,2022-11-30,75000
101113730,2023-07-01,2024-06-30,75000
101071795,2022-06-01,2022-11-30,75000
101113619,2023-09-01,2024-08-31,75000
101114112,2023-06-01,2024-02-29,75000
101072126,2022-07-01,2023-06-30,75000
101072224,2022-07-01,2023-06-30,75000
101114524,2023-07-01,2024-12-31,75000
101114304,2023-07-01,2024-01-31,75000
101113982,2023-07-01,2024-03-31,75000
101114381,2023-07-01,2024-06-30,75000
101114133,2023-07-01,2024-06-30,75000
101114390,2023-07-01,2024-06-30,75000
101113967,2023-07-01,2024-12-31,75000
101114006,2023-07-01,2024-02-29,75000
101114070,2023-07-01,2024-06-30,75000
101113645,2023-06-01,2024-04-30,75000
101113594,2023-06-01,2024-01-31,75000
101193231,2025-02-01,2027-03-31,2000000
101113674,2023-07-01,2024-06-30,75000
101114159,2023-06-01,2024-01-31,75000
101113259,2023-01-01,2025-12-31,"119780232,74"
101112778,2023-01-01,2024-12-31,"47991636,73"
101158024,2025-03-01,2026-08-31,"998224,89"
101093387,2023-01-01,2026-02-28,"1980507,5"
101114349,2023-06-01,2024-05-31,"74940,8"
101131520,2024-01-01,2026-08-31,1999860
101121325,2023-12-01,2026-11-30,"1999957,5"
101114356,2024-03-15,2026-09-14,"999968,76"
101070756,2022-06-15,2024-06-14,409376
101051287,2021-07-01,2022-12-31,300000
101058507,2022-09-01,2025-08-31,"1719786,25"
101100458,2023-06-01,2025-09-30,998306
101198044,2025-01-01,2029-04-30,8000000
101073910,2023-01-01,2025-12-31,"3457062,5"
101134908,2023-12-01,2025-01-31,499625
101070719,2022-07-01,2024-06-30,499336
101131696,2024-01-01,2026-12-31,1485625
101058393,2022-06-01,2024-05-31,"1883841,25"
101134885,2024-01-01,2024-12-31,"497566,85"
101188210,2025-01-01,2027-12-31,"2997895,75"
101193424,2025-01-01,2027-06-30,"2493671,25"
101168322,2024-10-01,2027-09-30,"5620216,25"
101094529,2023-04-01,2025-09-30,"1075092,5"
101071805,2022-06-01,2023-03-31,75000
101073472,2022-09-01,2025-08-31,2374666
101072073,2022-09-01,2025-02-28,"996243,75"
101168325,2024-09-01,2027-08-31,"2998347,88"
101161301,2024-07-01,2029-06-30,11340050
101070772,2022-07-01,2024-06-30,497325
101168309,2024-09-01,2027-08-31,5338197
101168355,2024-09-01,2027-08-31,3990605
101058398,2022-06-01,2029-05-31,1999362
101118823,2023-04-01,2028-03-31,"3999999,75"
101131556,2023-12-01,2026-11-30,"2166762,5"
101129732,2024-02-01,2026-01-31,"1452727,15"
101094406,2023-01-01,2025-12-31,2999999
101161224,2024-10-01,2028-09-30,"7435281,25"
101124559,2023-09-01,2027-08-31,"2999463,88"
101058475,2022-09-01,2025-08-31,1499997
101166699,2024-10-01,2027-09-30,"3493218,75"
101112710,2023-05-01,2028-04-30,"1805636,14"
101157621,2024-06-01,2027-05-31,"998852,5"
101058677,2022-07-01,2026-06-30,4113312
101070800,2022-07-01,2023-12-31,482000
101070831,2022-10-01,2024-09-30,"499262,62"
101114215,2024-02-01,2026-01-31,"999987,5"
101188026,2025-01-01,2026-12-31,"1920891,25"
101058092,2022-04-01,2026-03-31,"2499922,5"
101168489,2024-10-01,2027-03-31,"4463268,27"
101131725,2024-01-01,2025-12-31,"1494634,4"
101130216,2024-01-01,2026-06-30,"1499999,41"
101130986,2024-03-01,2027-08-31,4000000
101177314,2024-06-01,2027-11-30,1500000
101060646,2022-07-01,2025-06-30,599999
101121379,2023-10-01,2026-09-30,"2480335,5"
101130467,2024-01-01,2026-12-31,2884500
101158152,2024-10-01,2026-09-30,"987230,14"
101100494,2023-04-01,2025-06-30,997125
101094391,2023-01-01,2025-12-31,999235
101061700,2022-11-01,2025-10-31,"3998228,18"
101059986,2022-02-01,2029-01-31,3500000
101180096,2024-02-13,2025-01-12,300000
101178191,2025-02-01,2028-01-31,"2980258,75"
101112280,2023-07-01,2026-06-30,"2998385,64"
101052304,2021-11-01,2023-04-30,"404983,75"
101178821,2024-12-01,2027-11-30,"2998251,25"
101177310,2025-03-01,2029-02-28,2994425
101060749,2022-10-01,2026-09-30,"2379425,75"
101094190,2023-03-01,2026-02-28,2999870
101178684,2025-03-01,2028-02-29,"2779188,75"
101121200,2023-10-01,2026-09-30,"2826716,25"
101094340,2023-01-01,2027-12-31,2264695
101193504,2025-01-01,2026-12-31,1890475
101188045,2025-06-01,2027-12-31,"4661104,5"
101188315,2025-01-01,2028-12-31,1999870
101119681,2023-10-01,2026-09-30,"5704187,5"
101135215,2024-01-01,2025-12-31,"1904715,53"
101135855,2023-11-01,2025-10-31,"973746,25"
101082007,2022-12-01,2026-01-31,39000000
101163017,2023-11-01,2024-10-31,100000
101072644,2022-07-01,2024-06-30,1000000
101135803,2024-01-01,2026-06-30,"1034521,25"
101092208,2023-01-01,2026-04-30,8999735
101114754,2023-01-01,2023-09-30,500000
101189783,2024-12-01,2028-11-30,"8029445,13"
101189824,2024-11-01,2028-10-31,"4986528,75"
101091494,2022-12-01,2025-11-30,"4999646,25"
101069594,2022-08-01,2025-07-31,12499375
101129646,2024-01-01,2026-12-31,"1498481,25"
101082630,2022-11-01,2024-10-31,"2334143,75"
101092711,2023-01-01,2025-12-31,"5962092,5"
101069595,2022-10-01,2025-09-30,3891875
101136335,2024-01-01,2026-12-31,"5476221,52"
101138380,2024-01-01,2026-12-31,"4131800,25"
101125120,2023-07-01,2026-06-30,25000000
101180091,2024-11-01,2027-10-31,"1971987,5"
101082720,2022-12-01,2025-11-30,"4913846,25"
101125102,2023-07-01,2026-06-30,8000000
101130407,2024-01-01,2025-12-31,"1886658,84"
101070125,2022-09-01,2025-08-31,2000000
101091774,2023-01-01,2026-06-30,3243750
101135194,2024-01-01,2025-12-31,"2292812,5"
101092990,2023-01-01,2025-12-31,11499375
101138366,2023-12-01,2026-11-30,"2093511,77"
101135888,2023-12-01,2025-11-30,499375
101081937,2022-11-01,2024-12-31,"1498220,25"
101082230,2022-11-01,2025-10-31,"2425270,37"
101082624,2023-02-01,2025-07-31,2869432
101133911,2024-01-01,2026-12-31,"4999655,62"
101129658,2024-01-01,2025-12-31,"999968,75"
101180225,2024-10-01,2027-09-30,993581
101180201,2024-11-01,2026-10-31,998944
101190041,2025-02-01,2028-01-31,"3370416,35"
101082189,2022-11-01,2025-04-30,1705231
101139292,2024-01-01,2026-12-31,"2062937,5"
101137974,2024-01-01,2027-06-30,"4090265,34"
101138897,2023-12-01,2026-11-30,"2487491,25"
101057049,2022-12-01,2026-05-31,"6495323,5"
101177480,2024-10-01,2028-03-31,9948357
101081785,2023-01-01,2025-12-31,"2113168,75"
101069904,2022-07-01,2025-06-30,946035
101058385,2022-06-01,2025-05-31,4949512
101082476,2022-12-01,2025-11-30,"1438620,75"
101092295,2023-09-01,2027-02-28,"7949362,5"
101092646,2023-01-01,2025-12-31,"3405322,5"
101082738,2022-11-01,2025-10-31,1185905
101057029,2022-10-01,2026-09-30,5616875
101215869,2024-11-01,2025-10-31,150000
101082464,2023-01-01,2025-03-31,25983822
101131190,2024-01-01,2025-12-31,"1056912,5"
101070028,2022-10-01,2025-09-30,"3770558,5"
101214737,2025-01-01,2025-10-31,300000
101070043,2022-03-01,2025-02-28,"2470445,5"
101139167,2024-01-01,2027-06-30,4999894
101125116,2023-07-01,2026-06-30,6000000
101135181,2024-01-01,2025-12-31,"983118,86"
101091367,2023-01-01,2026-12-31,"4999777,5"
101091679,2022-12-01,2027-11-30,"9562417,25"
101135075,2024-01-01,2025-06-30,"1499911,79"
101129891,2024-01-01,2026-06-30,"2915643,13"
101138742,2024-01-01,2026-12-31,4602250
101091982,2023-01-01,2025-12-31,"5905508,25"
101177922,2024-12-01,2028-11-30,"4999665,11"
101180110,2024-11-01,2027-10-31,3587500
101092242,2022-12-01,2026-11-30,3218277
101092944,2023-01-01,2025-12-31,4911425
101129626,2024-02-01,2026-01-31,"1499992,5"
101135515,2024-01-01,2025-08-31,"2999360,18"
101177617,2024-10-01,2027-09-30,4886982
101135428,2024-01-01,2026-12-31,"2701857,96"
101137809,2024-01-01,2027-12-31,"6218132,55"
101189962,2025-01-01,2027-12-31,"1999970,45"
101082493,2023-07-01,2025-12-31,"2143783,88"
101082745,2022-11-01,2025-10-31,"2055006,25"
101135481,2024-01-01,2026-12-31,"2293610,83"
101135997,2023-12-01,2026-05-31,2469385
101139070,2024-01-01,2025-12-31,999625
101180146,2024-12-01,2027-11-30,1701375
101091373,2023-01-01,2026-06-30,"4829772,5"
101143297,2023-06-01,2024-04-30,500000
101070069,2022-10-01,2025-09-30,4687490
101125121,2023-11-01,2026-10-31,7000000
101200215,2025-06-01,2027-05-31,1000000
101057988,2022-06-01,2025-11-30,5754843
101081568,2023-01-01,2026-12-31,2999315
101058477,2023-01-01,2026-12-31,9484631
101058450,2022-06-01,2025-11-30,4660536
101177798,2024-11-01,2028-04-30,"4380528,5"
101070035,2022-06-01,2025-05-31,"1499902,5"
101082236,2022-12-01,2025-11-30,"2712954,25"
101178023,2024-11-01,2028-04-30,"4998811,88"
101092234,2023-03-01,2026-02-28,3392500
101092644,2023-01-01,2025-12-31,3913585
101177746,2024-10-01,2028-09-30,"7198734,5"
101135095,2024-03-01,2026-02-28,"6057683,75"
101091783,2023-01-01,2026-12-31,"5142377,5"
101058693,2022-06-01,2025-09-30,4691490
101082517,2023-01-01,2024-04-30,2047882
101180176,2024-10-01,2027-09-30,2499130
101082466,2023-01-01,2025-06-30,"1489701,25"
101189988,2025-03-01,2028-02-29,"2999106,45"
101070666,2022-09-01,2025-08-31,"2948250,25"
101138334,2024-04-01,2028-03-31,5253290
101138342,2024-01-01,2025-12-31,"971087,5"
101091766,2022-12-01,2026-11-30,"4462392,23"
101082732,2022-11-01,2025-10-31,2853249
101058656,2022-06-01,2026-05-31,"1658186,25"
101129911,2024-09-01,2028-08-31,"6617386,75"
101135455,2023-12-01,2026-07-31,"2991393,25"
101180172,2024-10-01,2027-03-31,2000000
101135077,2024-01-01,2027-12-31,"4999995,07"
101082355,2022-11-01,2025-04-30,"2147112,5"
101092993,2023-01-01,2025-12-31,5316125
101136078,2023-12-01,2026-11-30,3000000
101178074,2024-11-01,2028-10-31,"11939105,26"
101058409,2022-10-01,2026-03-31,6113210
101135595,2023-12-01,2026-05-31,"2468190,81"
101082555,2022-11-01,2025-09-30,"2609341,25"
101092087,2022-12-01,2026-05-31,"3357137,75"
101136022,2024-01-01,2026-12-31,"2490345,63"
101070521,2022-10-01,2025-09-30,4786875
101092887,2023-01-01,2025-12-31,6000000
101135965,2023-12-01,2027-05-31,"3717547,35"
101131955,2024-02-01,2027-07-31,"5199797,5"
101136011,2024-01-01,2025-12-31,"489873,38"
101138432,2023-12-01,2026-11-30,"4995636,59"
101125111,2023-07-01,2026-06-30,6000000
101082320,2022-11-01,2025-10-31,"2998934,38"
101082164,2022-12-01,2025-11-30,"604111,25"
101134934,2023-12-01,2025-11-30,"2324917,93"
101131859,2024-03-01,2026-02-28,"1499893,75"
101092161,2023-01-01,2025-12-31,4400800
101082551,2022-12-01,2025-11-30,"1793899,65"
101135429,2024-01-01,2027-06-30,"26999930,5"
101180124,2024-10-01,2027-09-30,"2267387,88"
101058406,2022-06-01,2026-05-31,4571767
101070351,2022-10-01,2025-09-30,"4444228,75"
101135434,2024-01-01,2026-06-30,1619125
101177460,2024-10-01,2027-09-30,2200000
101135284,2023-11-01,2026-10-31,4959190
101135832,2023-12-01,2026-11-30,"1823772,77"
101058526,2022-04-01,2025-03-31,3998440
101058574,2022-06-01,2026-05-31,4638414
101081749,2022-11-01,2025-10-31,"3377402,2"
101081835,2023-01-01,2024-12-31,999750
101092052,2023-01-01,2025-12-31,"4499402,5"
101070519,2022-08-01,2025-07-31,1500000
101082449,2023-01-01,2025-04-30,"1999868,5"
101070571,2022-06-01,2024-11-30,1499750
101135067,2023-12-01,2026-11-30,"2296041,7"
101178045,2024-10-01,2028-03-31,"6925179,74"
101189683,2024-10-01,2027-03-31,2001625
101135110,2024-01-01,2026-12-31,"2994911,13"
101121134,2023-10-01,2026-09-30,4998765
101135986,2024-01-01,2026-12-31,"2830156,25"
101081987,2023-01-01,2025-12-31,"2105815,5"
101096505,2023-01-15,2025-03-14,505375
101082440,2022-11-01,2025-10-31,2311699
101082451,2022-12-01,2025-02-28,"1587257,5"
101093150,2023-01-01,2025-12-31,4430525
101092269,2023-01-01,2026-12-31,"4999046,75"
101188467,2025-02-01,2028-01-31,"998676,25"
101168521,2024-10-01,2027-09-30,"3499923,75"
101178170,2025-01-01,2027-12-31,"2972396,25"
101118139,2023-07-01,2025-06-30,"4999999,5"
101178624,2024-11-01,2028-10-31,"14995451,75"
101135691,2024-01-01,2026-12-31,3000000
101143931,2024-01-01,2026-12-31,"2998448,13"
101082078,2023-01-01,2024-12-31,1969335
101058458,2022-10-01,2026-03-31,5612470
101121271,2023-10-01,2025-09-30,"3499906,25"
101091828,2023-07-01,2026-12-31,"3860178,5"
101094766,2023-02-01,2026-01-31,"1743947,5"
101178362,2025-01-01,2027-12-31,"3927100,75"
101177660,2025-02-01,2028-01-31,"3999162,5"
101177908,2025-03-01,2028-02-29,"2999757,5"
101132575,2024-01-01,2026-12-31,3994750
101132481,2024-02-01,2027-01-31,"3899812,5"
101132652,2024-01-01,2026-12-31,"2884085,75"
101069428,2021-11-01,2022-06-30,298813
101060774,2022-10-01,2025-09-30,2948000
101061441,2022-10-01,2025-09-30,3358745
101132442,2024-02-01,2027-01-31,"3477816,25"
101061303,2022-10-01,2025-09-30,3928630
101178180,2025-02-01,2028-01-31,"3478000,34"
101061496,2022-10-01,2025-09-30,"3295253,5"
101136009,2023-04-01,2023-12-31,300000
101130898,2024-03-01,2027-02-28,1999250
101130073,2024-09-01,2028-08-31,"7384272,5"
101178623,2024-12-01,2027-11-30,"3759773,04"
101177556,2025-01-01,2027-12-31,"3944966,79"
101132483,2024-01-01,2027-12-31,"5732238,75"
101060920,2022-10-01,2025-09-30,"1419581,55"
101178637,2024-12-01,2028-05-31,"3978895,51"
101138276,2024-01-01,2026-12-31,"4531761,5"
101194458,2024-10-01,2027-09-30,"1499791,25"
101138040,2024-01-01,2026-12-31,"5711992,5"
101070533,2022-09-01,2025-06-30,7449850
101138504,2024-01-01,2027-12-31,"10569803,75"
101061748,2022-09-01,2025-08-31,2490220
101095088,2023-03-01,2026-02-28,"3026734,75"
101180173,2024-10-01,2027-03-31,1362420
101092851,2023-01-01,2026-06-30,"6998568,5"
101134225,2023-11-01,2024-11-30,"499990,63"
101132454,2024-04-01,2027-03-31,"2799733,75"
101138460,2023-12-01,2027-05-31,4999236
101138718,2024-01-01,2026-12-31,"5573813,75"
101091826,2022-12-01,2025-11-30,"5475469,25"
101189992,2025-01-01,2027-12-31,"3060053,64"
101081104,2022-11-01,2024-10-31,"1990171,5"
101134997,2024-06-01,2028-02-29,"9986088,75"
101132628,2024-04-01,2028-03-31,"2444223,75"
101158081,2025-01-01,2028-12-31,"4196368,71"
101131527,2023-12-01,2026-05-31,"2998881,25"
101132584,2024-03-01,2027-02-28,"2999988,75"
101132601,2024-01-01,2026-12-31,2960000
101094270,2023-01-01,2024-12-31,"1859812,5"
101132489,2024-01-01,2026-12-31,"2999927,5"
101080143,2022-10-01,2026-09-30,2988644
101058593,2022-09-01,2025-08-31,4997125
101061687,2023-01-01,2025-12-31,2158756
101070325,2022-09-01,2025-08-31,"4999012,5"
101095171,2023-06-01,2026-05-31,2806156
101135795,2023-12-01,2026-11-30,4421800
101132385,2023-12-01,2027-11-30,2737164
101138813,2023-12-01,2028-11-30,4691795
101178210,2025-01-01,2028-06-30,"4940583,75"
101092612,2022-12-01,2025-11-30,"7482542,5"
101091852,2023-01-01,2026-12-31,"4050412,5"
101092328,2023-01-01,2026-06-30,"3564245,25"
101177496,2024-11-01,2027-10-31,4999329
101069364,2022-09-01,2025-08-31,"8499531,25"
101193512,2025-01-01,2026-12-31,"1450831,25"
101071410,2022-05-01,2024-10-31,"999878,75"
101069813,2022-07-01,2025-06-30,2005000
101134999,2024-01-01,2027-02-28,"1496838,75"
101095295,2023-01-01,2025-12-31,"2973812,5"
101094237,2023-01-01,2025-12-31,3993500
101094658,2023-02-01,2027-01-31,1864789
101135720,2024-08-01,2027-07-31,1778125
101070604,2022-09-01,2025-08-31,2999725
101070085,2022-09-01,2025-02-28,"4293263,29"
101180133,2024-10-01,2027-09-30,1013435
101131073,2024-02-01,2025-07-31,1498683
101135358,2023-12-01,2026-11-30,"2453522,1"
101071694,2022-11-01,2025-01-31,4999906
101131237,2024-03-01,2026-02-28,"2372921,38"
101122956,2023-06-01,2025-05-31,"429536,25"
101092877,2023-01-01,2025-12-31,"4090673,5"
101058094,2022-09-01,2025-08-31,"4201758,75"
101070303,2022-09-01,2025-08-31,3647438
101129593,2024-03-01,2026-02-28,"1499812,5"
101180143,2024-11-01,2027-10-31,"2895108,88"
101082402,2023-01-01,2026-12-31,3599965
101082531,2023-01-01,2024-12-31,1296157
101093054,2023-01-01,2026-12-31,3040668
101070546,2022-07-01,2026-06-30,6664541
101070212,2022-11-01,2026-01-31,3341637
101070278,2022-09-01,2025-08-31,2826500
101070588,2022-09-01,2026-02-28,1877250
101187947,2025-02-01,2029-01-31,"14994619,25"
101177925,2025-02-01,2028-01-31,"2949817,75"
101093129,2023-01-01,2025-12-31,5975000
101086541,2023-01-01,2026-06-30,2644357
101084549,2022-11-01,2026-10-31,4488423
101060707,2022-08-01,2025-07-31,"3490501,25"
101082008,2022-12-01,2025-11-30,2999998
101081807,2022-11-01,2026-04-30,"3993637,25"
101137068,2024-02-01,2028-01-31,"3557821,53"
101157583,2024-06-01,2029-05-31,"16639435,85"
101082051,2023-06-01,2027-05-31,7547650
101182027,2025-01-01,2028-12-31,"5998801,25"
101086105,2023-01-01,2025-12-31,"3999937,5"
101135505,2024-06-01,2027-05-31,"10244330,61"
101081778,2022-12-01,2026-11-30,"4359748,75"
101181208,2024-12-01,2028-11-30,"3991210,65"
101060937,2022-09-01,2026-08-31,"12915068,04"
101060879,2022-06-01,2025-05-31,"4545488,63"
101060974,2022-06-01,2026-05-31,1775250
101082232,2022-11-01,2025-10-31,1999725
101052342,2021-10-01,2028-09-30,105000000
101135298,2024-01-01,2026-12-31,3460908
101060618,2022-10-01,2025-09-30,"2998823,5"
101081770,2023-05-01,2027-04-30,"4999122,25"
101181392,2025-02-01,2029-01-31,"4829708,38"
101135062,2024-06-01,2029-05-31,"9659285,15"
101060133,2022-06-01,2025-05-31,2000000
101060501,2022-11-01,2025-04-30,"1999762,5"
101135583,2024-01-01,2027-12-31,"8156593,75"
101083653,2023-01-01,2026-12-31,"6645513,06"
101086525,2023-01-01,2025-12-31,"2518371,25"
101197801,2024-07-16,2025-07-15,1000000
101135392,2024-01-01,2025-12-31,"1499664,6"
101060703,2022-08-01,2025-07-31,"2329487,5"
101112555,2023-06-01,2026-05-31,"13909015,08"
101181294,2025-03-01,2029-02-28,7265660
101059923,2022-09-01,2026-02-28,"5960131,13"
101084245,2022-11-01,2026-10-31,"4691437,5"
101216980,2025-03-01,2028-02-29,3000000
101183127,2024-11-01,2028-10-31,"3823271,8"
101081883,2022-12-01,2026-11-30,7250117
101060020,2022-09-01,2025-08-31,1999007
101136598,2024-01-01,2027-12-31,"3392557,5"
101181939,2025-01-01,2026-06-30,832400
101060790,2022-07-01,2025-06-30,"2636607,5"
101060166,2022-09-01,2025-08-31,"2999962,5"
101061060,2022-10-01,2028-09-30,"4657724,75"
101112407,2023-06-01,2026-05-31,"4751936,41"
101119387,2023-05-01,2028-04-30,5000000
101086379,2022-09-01,2029-08-31,23000000
101134117,2024-01-01,2026-12-31,2998553
101112318,2023-06-01,2027-05-31,"4354416,52"
101135150,2024-06-01,2027-11-30,4695750
101059839,2022-06-01,2027-12-31,3400577
101135042,2024-06-01,2028-05-31,"6999973,52"
101197372,2024-10-01,2025-03-31,150000
101060958,2022-09-01,2025-08-31,2999997
101133326,2024-06-01,2027-05-31,"2763318,36"
101084248,2022-11-01,2026-04-30,6985275
101134335,2023-12-01,2025-11-30,"1998674,38"
101061083,2022-07-01,2026-06-30,"4995172,5"
101084160,2024-01-01,2027-12-31,"6592887,5"
101084171,2023-05-01,2027-04-30,4215000
101181978,2025-01-01,2028-06-30,2999965
101182908,2025-02-01,2028-01-31,"1851468,75"
101157414,2024-09-01,2029-08-31,"11619420,75"
101157359,2024-09-01,2028-08-31,"16977024,75"
101060591,2022-10-01,2025-09-30,1615800
101136987,2024-01-01,2026-12-31,"3405762,5"
101088822,2022-06-01,2025-05-31,1999775
101060418,2022-10-01,2025-09-30,"1999721,25"
101060592,2022-06-01,2024-06-30,"1953526,25"
101135051,2024-08-01,2028-07-31,5998880
101059957,2022-10-01,2025-09-30,"5197512,75"
101180525,2025-01-01,2027-12-31,5999668
101081845,2022-11-01,2026-10-31,1999800
101059988,2023-01-01,2026-04-30,2682228
101060588,2022-09-01,2025-08-31,"1776419,25"
101134083,2024-01-01,2026-12-31,"4999987,5"
101135037,2024-01-01,2027-12-31,"5249178,75"
101060564,2022-07-01,2026-06-30,"4392345,27"
101133904,2023-11-01,2026-10-31,"1998636,2"
101086531,2023-01-01,2027-12-31,"4998268,75"
101135088,2024-02-01,2027-01-31,"4697312,5"
101084322,2022-12-01,2026-11-30,"11816305,09"
101181704,2025-01-01,2028-12-31,5716120
101060264,2022-09-01,2025-08-31,"2999887,5"
101081980,2022-11-01,2026-04-30,"4186197,25"
101134969,2024-01-01,2027-12-31,"3913203,25"
101084270,2023-01-01,2026-12-31,"4732381,25"
101086512,2023-03-01,2026-02-28,"2834847,5"
101158065,2024-03-01,2027-02-28,"3999629,65"
101112457,2023-07-01,2026-06-30,2873165
101181943,2025-01-01,2028-12-31,"3999801,25"
101060762,2022-10-01,2025-09-30,4422563
101157239,2024-06-01,2028-05-31,"5840012,75"
101060529,2022-07-01,2025-06-30,"5949746,25"
101060537,2022-09-01,2025-08-31,"2222952,5"
101090738,2022-11-01,2024-10-31,"2999084,25"
101181513,2025-01-01,2027-12-31,"1975338,98"
101134850,2024-04-01,2028-03-31,"4998669,69"
101135144,2024-01-01,2026-06-30,"1509809,06"
101135490,2024-01-01,2027-12-31,"3588576,11"
101082212,2022-11-01,2025-10-31,2954307
101182028,2025-01-01,2028-12-31,"8999725,76"
101060426,2022-09-01,2025-02-28,"1999749,5"
101059900,2022-11-01,2025-04-30,"1871312,5"
101135420,2024-01-01,2026-12-31,"1977398,33"
101060504,2022-09-01,2025-08-31,2499951
101135119,2024-01-01,2027-12-31,"4444977,5"
101112951,2023-06-01,2026-05-31,3067095
101134847,2023-12-01,2026-05-31,1499225
101059264,2022-10-01,2026-09-30,4099405
101059662,2022-09-01,2026-08-31,4109910
101136253,2024-01-01,2027-12-31,4499840
101136910,2024-01-01,2026-12-31,"5498673,5"
101134888,2024-09-01,2028-08-31,"4998667,5"
101082224,2022-11-01,2025-04-30,"1978837,5"
101182167,2025-01-01,2027-12-31,"1996637,5"
101084220,2022-11-01,2026-10-31,5254627
101134122,2024-01-01,2028-12-31,"3786986,15"
101082377,2022-10-01,2027-03-31,"1264531,25"
101084468,2023-06-01,2027-05-31,4997500
101157635,2024-06-01,2028-05-31,"16834622,75"
101182590,2025-01-01,2029-12-31,"3770599,06"
101112889,2023-05-01,2026-04-30,"5804677,5"
101134911,2024-03-01,2027-02-28,4999455
101134128,2024-01-01,2026-12-31,"4997726,25"
101112379,2023-06-01,2026-05-31,"4083971,25"
101181799,2024-11-01,2029-10-31,"2999846,08"
101139282,2024-01-01,2026-06-30,3627081
101139266,2024-01-01,2026-12-31,"3999819,75"
101189595,2025-02-01,2028-07-31,"4109363,75"
101094949,2023-09-01,2025-10-31,"998713,75"
101158046,2024-09-01,2029-02-28,"4026823,51"
101182919,2025-02-01,2028-01-31,"1999868,17"
101157081,2024-06-01,2028-05-31,"6609475,5"
101083589,2023-05-01,2027-04-30,"4988679,25"
101178431,2024-11-01,2028-10-31,3079420
101182955,2025-01-01,2027-12-31,"2999886,25"
101058541,2022-06-01,2025-05-31,"5063743,75"
101086524,2023-01-01,2025-12-31,"1999962,5"
101059812,2022-09-01,2026-08-31,3271891
101181873,2025-01-01,2028-12-31,"8953480,25"
101060835,2022-09-01,2025-08-31,1998829
101156480,2024-10-01,2028-09-30,"5967116,25"
101112842,2023-06-01,2026-05-31,"2998821,13"
101060836,2023-02-01,2026-01-31,"2697318,25"
101070421,2022-09-01,2025-08-31,"3088475,5"
101120727,2023-11-01,2027-12-31,"4973683,75"
101130174,2025-01-01,2029-12-31,4247380
101135853,2023-12-01,2026-11-30,3274393
101137324,2024-01-01,2027-12-31,"3749417,5"
101135629,2024-01-01,2027-12-31,"4636971,25"
101134750,2024-01-01,2027-12-31,"4998037,5"
101132661,2024-02-01,2027-01-31,"2606193,75"
101133914,2024-01-01,2026-12-31,"1999097,5"
101060497,2022-08-01,2025-07-31,499995
101060554,2023-01-01,2026-12-31,4289076
101057971,2022-09-01,2026-08-31,6058487
101134842,2024-02-01,2027-01-31,"2538181,88"
101181568,2025-01-01,2028-12-31,"4426170,8"
101081928,2023-06-01,2026-05-31,5964610
101074004,2022-10-01,2025-09-30,"4175836,25"
101136799,2024-02-01,2027-01-31,"3209652,75"
101188248,2025-01-01,2028-12-31,"7983031,25"
101181300,2024-11-01,2027-10-31,"3972738,63"
101091464,2023-01-01,2026-12-31,"4815296,25"
101132431,2024-01-01,2026-12-31,"2546782,5"
101095083,2023-01-01,2026-12-31,"3197063,75"
101082622,2023-01-01,2024-12-31,"1999500,5"
101069471,2022-10-01,2025-09-30,"3997897,5"
101138397,2024-01-01,2027-12-31,5142175
101058163,2022-05-01,2026-04-30,"6195641,25"
101091541,2023-01-01,2026-06-30,"9186129,38"
101091483,2023-01-01,2025-12-31,2291975
101057832,2022-06-01,2025-11-30,"7268627,5"
101058178,2022-08-01,2025-07-31,7494657
101091960,2022-12-01,2026-11-30,4985616
101058362,2022-12-01,2026-05-31,4645639
101138494,2024-01-01,2028-12-31,"19090973,75"
101079902,2022-10-01,2026-09-30,"2667457,25"
101057357,2022-05-01,2025-04-30,7497032
101058483,2022-06-01,2025-05-31,"5598316,84"
101058429,2022-06-01,2026-05-31,"4161835,25"
101059548,2022-06-01,2026-05-31,12720045
101134854,2024-01-01,2024-12-31,"496862,5"
101058632,2022-06-01,2026-05-31,7667878
101061051,2022-09-01,2026-08-31,"5838693,88"
101058654,2022-06-01,2025-05-31,5861763
101183132,2025-02-01,2029-01-31,"2999999,51"
101060922,2022-06-01,2026-05-31,"3970437,5"
101135205,2024-01-01,2026-12-31,1511755
101182256,2025-02-01,2028-07-31,"4427461,25"
101081847,2022-12-01,2026-11-30,"4617123,38"
101137025,2024-01-01,2027-12-31,"6026428,75"
101084561,2023-01-01,2026-12-31,"2999687,5"
101135035,2024-01-01,2026-12-31,"2951847,33"
101136649,2024-01-01,2027-12-31,5030905
101157373,2024-06-01,2029-05-31,"6132886,65"
101112707,2023-06-01,2026-05-31,"5462932,5"
101157729,2025-01-01,2027-12-31,"5999859,25"
101060643,2022-07-01,2026-06-30,"5436911,25"
101180529,2025-01-01,2027-12-31,"1999790,7"
101084332,2023-09-01,2028-08-31,"4542116,25"
101182278,2025-01-01,2028-12-31,"4499618,75"
101086297,2023-01-01,2026-12-31,"4919743,75"
101112875,2024-02-01,2028-01-31,"5999126,25"
101060887,2022-10-01,2026-03-31,"4117592,75"
101136754,2024-01-01,2026-12-31,"1886655,67"
101134820,2024-01-01,2027-12-31,"3994977,5"
101070496,2022-09-01,2026-02-28,2998370
101060527,2022-09-01,2029-08-31,"9999481,25"
101082057,2022-12-01,2026-11-30,"2156303,25"
101058732,2022-06-01,2025-05-31,"2143702,5"
101112370,2023-06-01,2027-05-31,4473777
101092189,2023-01-01,2026-12-31,5519470
101178444,2024-10-01,2028-01-31,"15998160,38"
101069499,2022-09-01,2025-08-31,2979375
101120853,2023-11-01,2026-10-31,5964850
101177315,2025-03-01,2028-02-29,"2494117,5"
101070350,2022-09-01,2025-08-31,"3880687,5"
101070443,2022-09-01,2025-08-31,"2457203,5"
101181774,2025-01-01,2028-06-30,"4997966,25"
101135492,2024-02-01,2028-01-31,8656994
101094227,2023-01-01,2026-06-30,8845420
101069990,2022-09-01,2026-02-28,2796781
101138228,2024-01-01,2027-12-31,5997965
101177536,2025-02-01,2029-01-31,"2977972,75"
101132449,2024-02-01,2027-01-31,"3999122,5"
101058520,2022-06-01,2026-05-31,5556227
101135297,2024-01-01,2026-12-31,"1999536,25"
101073878,2022-10-01,2025-09-30,1999875
101086091,2024-01-01,2027-12-31,"4981157,55"
101094560,2023-01-01,2026-12-31,3211354
101178914,2024-11-01,2028-10-31,"2695006,25"
101083541,2023-09-01,2026-08-31,"4999820,13"
101073990,2022-11-01,2025-10-31,3998125
101138642,2024-01-01,2027-12-31,"6956943,75"
101070690,2022-09-01,2025-08-31,"2619812,5"
101119747,2023-09-01,2026-08-31,4425570
101182813,2025-01-01,2027-12-31,"2998444,32"
101121152,2023-09-01,2026-08-31,"1912794,13"
101058696,2022-06-01,2026-11-30,11966323
101082662,2023-01-01,2024-12-31,"1465167,5"
101091912,2023-09-01,2026-08-31,"4946876,25"
101082326,2022-11-01,2025-10-31,"17585397,25"
101135539,2024-01-01,2026-12-31,"1723699,4"
101178484,2024-10-01,2028-09-30,"5999683,75"
101058310,2022-06-01,2025-11-30,6085644
101071977,2023-01-15,2025-01-14,996375
101168467,2024-10-01,2027-09-30,"3961193,85"
101138094,2023-12-01,2026-11-30,"5611566,25"
101134959,2023-12-01,2027-05-31,"3058895,74"
101135156,2024-03-01,2027-02-28,"19965202,75"
101091980,2023-01-01,2025-12-31,3759104
101091514,2022-12-01,2025-11-30,"4481812,5"
101178079,2024-11-01,2028-04-30,"4998217,45"
101091996,2023-01-01,2025-12-31,5491685
101168016,2024-09-01,2027-08-31,"4749862,77"
101135507,2024-01-01,2026-06-30,"2416797,81"
101091790,2022-12-01,2026-05-31,4380720
101130442,2024-06-01,2028-05-31,6851903
101138645,2024-01-01,2026-12-31,"2652618,75"
101132389,2024-01-01,2026-12-31,3955225
101057369,2022-06-01,2025-06-30,4988125
101135417,2023-12-01,2025-11-30,"922111,25"
101057961,2022-09-01,2026-08-31,"4264953,13"
101100507,2023-01-15,2025-07-14,"1048950,03"
101138739,2024-01-01,2026-12-31,"5392275,72"
101095303,2023-02-01,2026-01-31,3966875
101058487,2022-06-01,2026-05-31,7289051
101136739,2024-01-01,2026-12-31,"6750129,38"
101167839,2024-10-01,2028-03-31,"5916095,56"
101194368,2024-10-01,2027-09-30,"1489199,25"
101138775,2024-01-01,2027-12-31,"4896406,25"
101091933,2023-01-01,2025-12-31,4500000
101134963,2024-01-01,2025-12-31,"2969988,53"
101094455,2023-01-01,2025-12-31,"2889406,25"
101138517,2024-01-01,2026-12-31,"5932343,75"
101060252,2022-09-01,2025-08-31,"3999412,5"
101189899,2024-12-01,2027-11-30,5996250
101137643,2024-01-01,2026-12-31,"2977905,07"
101138842,2024-01-01,2027-12-31,6000000
101138144,2023-12-01,2027-11-30,"6956195,76"
101058158,2022-06-01,2025-05-31,1816064
101057457,2022-09-01,2026-08-31,6994296
101070114,2022-09-01,2026-02-28,"4741079,25"
101082266,2023-01-01,2025-12-31,"3428293,5"
101167787,2024-10-01,2025-09-30,"1037047,88"
101070093,2022-09-15,2025-09-14,5691875
101082410,2022-12-01,2025-11-30,2799597
101118511,2023-10-01,2026-09-30,"2992176,63"
101080136,2022-10-01,2025-09-30,"6016720,63"
101092834,2023-01-01,2026-12-31,4997148
101070672,2022-10-01,2025-12-31,"6097399,5"
101194393,2024-10-01,2027-09-30,1499956
101189875,2025-01-01,2028-12-31,"4999864,38"
101136314,2024-01-01,2026-12-31,"3999647,5"
101190057,2025-01-01,2027-12-31,"2999530,48"
101138427,2024-01-01,2027-12-31,"5760076,77"
101082387,2023-01-01,2025-12-31,"2398623,75"
101070622,2022-09-01,2026-08-31,"4151212,5"
101058682,2022-06-01,2025-05-31,"3530338,25"
101057992,2022-09-01,2026-08-31,3731633
101070008,2022-10-01,2025-09-30,3814500
101188390,2025-01-01,2027-12-31,"1499981,3"
101082139,2023-01-01,2026-12-31,"10499424,25"
101189689,2024-11-01,2028-10-31,"8226276,25"
101061747,2022-07-01,2026-06-30,3999840
101081878,2023-10-01,2028-09-30,"7077914,74"
101183071,2025-03-01,2029-02-28,"3993673,75"
101059372,2022-10-01,2026-09-30,4580979
101135130,2024-01-01,2026-12-31,5987060
101137089,2024-01-01,2026-12-31,"999983,13"
101134965,2024-09-01,2029-08-31,"5472484,5"
101082130,2023-01-01,2025-12-31,"4999531,25"
101157688,2024-10-01,2029-09-30,"7346987,5"
101061015,2022-09-01,2025-08-31,5032777
101060368,2022-09-01,2026-02-28,"3999768,75"
101060568,2022-09-01,2027-02-28,"5840990,75"
101084097,2022-11-01,2025-10-31,4999859
101059483,2022-08-01,2026-07-31,"4949614,55"
101094718,2023-01-01,2025-12-31,2653314
101060905,2022-09-15,2027-09-14,"3998662,5"
101136611,2024-03-01,2028-02-29,5671625
101188351,2025-01-01,2028-12-31,"2414977,5"
101130741,2024-09-01,2028-08-31,"7093178,75"
101132223,2024-04-01,2028-03-31,5000000
101135402,2024-09-01,2028-02-29,"4644952,5"
101081973,2022-11-01,2026-10-31,"7419463,75"
101131632,2024-01-01,2027-12-31,"2176793,25"
101059497,2022-06-01,2025-11-30,"4984313,25"
101057802,2022-04-01,2023-12-31,302259
101156486,2024-10-01,2028-03-31,4929060
101058432,2022-06-01,2025-05-31,4599653
101192912,2025-01-01,2027-12-31,"7997516,08"
101070186,2022-09-01,2025-08-31,"8846422,5"
101084527,2023-01-01,2026-12-31,"5992693,75"
101059872,2022-10-01,2026-09-30,"4683630,24"
101181857,2025-01-01,2027-12-31,2044085
101157434,2024-06-01,2028-05-31,"5941413,25"
101112838,2023-09-01,2027-08-31,"5999968,75"
101135494,2024-01-01,2028-02-29,"4739663,75"
101136916,2024-01-01,2027-12-31,4984995
101091308,2023-01-01,2026-12-31,"4999922,5"
101157907,2024-09-01,2028-08-31,"7498855,25"
101060979,2022-08-01,2026-07-31,"2598986,25"
101060430,2022-12-01,2026-11-30,"5629986,9"
101060558,2022-10-01,2025-09-30,"2499637,5"
101134711,2024-02-01,2029-01-31,"3998770,31"
101056828,2022-09-01,2026-08-31,2823600
101060280,2022-09-01,2025-08-31,"3998371,25"
101136676,2024-01-01,2026-12-31,"5997930,5"
101059785,2022-06-01,2025-05-31,1999750
101079772,2022-11-01,2025-10-31,1317750
101136770,2024-01-01,2027-12-31,"2980190,32"
101136771,2023-12-01,2027-11-30,"3319038,22"
101135348,2024-09-01,2028-08-31,"4835796,25"
101081782,2023-09-01,2027-08-31,"5968686,25"
101084179,2023-04-01,2030-03-31,"18283641,25"
101060553,2023-09-01,2027-08-31,"3999952,5"
101156589,2024-09-01,2028-08-31,"6818387,5"
101060212,2022-10-01,2029-09-30,"21487127,16"
101180259,2024-11-01,2026-10-31,995503
101081984,2022-11-01,2026-10-31,"2730203,75"
101136785,2024-01-01,2027-12-31,"4311559,4"
101182485,2024-11-01,2028-10-31,"4499353,24"
101059911,2022-10-01,2027-09-30,"3809059,25"
101060816,2022-09-01,2026-08-31,"6398587,5"
101082311,2023-01-01,2025-12-31,"2814462,5"
101135314,2024-01-01,2028-12-31,"5677697,5"
101084647,2022-12-01,2026-11-30,"6999185,01"
101070045,2022-07-01,2025-06-30,4990228
101135213,2024-01-01,2027-12-31,"4746138,75"
101157354,2024-10-01,2028-09-30,"11987316,25"
101059238,2022-07-01,2025-06-30,"3202843,75"
101136439,2024-01-01,2027-12-31,5234950
101181492,2025-01-01,2028-12-31,"4998576,25"
101086311,2023-01-01,2026-12-31,3999994
101060179,2022-10-01,2026-09-30,7150413
101060329,2022-09-01,2025-08-31,1000000
101081974,2023-05-01,2027-04-30,"4997682,5"
101059924,2022-07-01,2025-12-31,4948591
101168315,2024-12-01,2027-11-30,3999995
101121210,2023-09-01,2026-08-31,"4810585,55"
101070524,2022-09-01,2025-08-31,2934800
101058405,2022-09-01,2025-08-31,1660625
101094434,2023-01-01,2026-12-31,7601825
101082073,2023-10-01,2027-09-30,"5495682,5"
101192918,2025-01-01,2028-12-31,"2498143,75"
101112705,2023-09-01,2026-12-31,5760510
101111784,2023-06-01,2027-05-31,"1999622,5"
101114853,2023-06-01,2025-11-30,1000000
101137953,2024-03-01,2028-02-29,"7211180,45"
101056824,2023-01-01,2025-12-31,4589291
101103695,2023-06-01,2026-05-31,4059585
101137650,2024-01-01,2026-12-31,"1499666,88"
101192831,2025-01-01,2027-12-31,"2326551,25"
101093908,2023-01-01,2026-06-30,2684875
101138620,2024-01-01,2028-12-31,"12986214,88"
101192973,2025-01-01,2028-06-30,"6754952,57"
101147335,2024-04-01,2026-09-30,"1458312,51"
101101517,2023-01-01,2026-06-30,"4617384,88"
101138220,2024-01-01,2027-06-30,"11959732,51"
101114715,2023-06-01,2026-05-31,"7842112,48"
101192539,2025-01-01,2029-06-30,"1542689,42"
101138672,2024-01-01,2027-12-31,"4499501,25"
101069604,2022-07-01,2027-12-31,"3250901,25"
101114774,2023-04-01,2026-03-31,"11959886,13"
101114762,2023-09-01,2026-02-28,998900
101112837,2023-06-01,2026-05-31,"2972863,75"
101069738,2022-09-01,2026-08-31,"7979282,5"
101156189,2024-05-01,2027-04-30,"1999877,5"
101069528,2022-07-01,2025-12-31,"5289222,25"
101137745,2024-01-01,2026-12-31,"4995343,75"
101167187,2024-09-01,2027-02-28,"953553,75"
101056831,2022-06-01,2025-05-31,8497104
101103972,2023-05-01,2026-04-30,"4901817,5"
101192334,2025-01-01,2028-06-30,"4998555,5"
101102011,2022-11-01,2026-12-31,100000000
101114748,2023-09-01,2026-08-31,"5628987,51"
101140499,2024-01-01,2026-12-31,"29684005,51"
101140627,2024-01-01,2026-06-30,"19947000,91"
101191866,2024-12-01,2027-11-30,"4999722,5"
101114735,2023-06-01,2026-05-31,"4979600,01"
101096981,2023-02-01,2026-07-31,5092999
101157482,2024-09-01,2028-08-31,"3819768,75"
101192720,2025-02-01,2028-07-31,"4983920,75"
101076633,2024-01-01,2026-12-31,"5845264,5"
101137734,2024-01-01,2026-12-31,"999480,63"
101137792,2024-01-01,2027-12-31,"9999964,63"
101112738,2023-10-01,2027-09-30,"2613856,25"
101056782,2023-01-01,2025-12-31,6644837
101114733,2023-06-01,2026-05-31,3460077
101056769,2022-06-01,2025-05-31,4660337
101192901,2025-01-01,2027-12-31,"7183927,25"
101112867,2023-09-01,2026-02-28,"2998353,75"
101114789,2023-09-01,2026-02-28,"1245006,25"
101112747,2023-04-01,2026-03-31,"998587,5"
101157247,2024-09-01,2027-02-28,"1937562,5"
101069492,2022-07-01,2026-06-30,"2499468,75"
101137915,2024-01-01,2026-12-31,3000000
101156425,2024-10-01,2027-09-30,"3720566,5"
101156281,2025-03-01,2029-02-28,"5783991,5"
101157477,2024-05-01,2028-04-30,"4546441,82"
101069702,2022-05-01,2026-02-28,"2499437,5"
101147799,2024-05-01,2027-10-31,"3999893,25"
101136656,2024-01-01,2027-12-31,6000000
101137351,2024-01-01,2027-12-31,4998750
101140632,2024-01-01,2025-06-30,749625
101138266,2024-01-01,2026-12-31,"4999814,25"
101096522,2023-02-01,2027-01-31,3211835
101138002,2024-02-01,2026-10-31,"4442550,75"
101058124,2022-06-01,2026-05-31,6019237
101192536,2025-01-01,2029-12-31,"8999074,63"
101096664,2023-01-01,2026-12-31,14600074
101104171,2023-05-01,2026-04-30,"4549281,25"
101112815,2023-08-01,2026-07-31,"2998518,75"
101138491,2024-01-01,2026-12-31,"3165181,73"
101137732,2024-01-01,2026-12-31,965835
101104240,2024-01-01,2027-06-30,"10233782,54"
101101427,2023-01-01,2026-12-31,"4178517,25"
101192342,2025-03-01,2029-02-28,"3999768,04"
101166972,2024-09-01,2027-02-28,"1769978,75"
101193032,2024-12-01,2028-11-30,"7453524,75"
101056815,2022-09-01,2025-08-31,"3758912,5"
101138261,2024-01-01,2026-12-31,"4981706,25"
101112866,2023-08-15,2028-08-14,8481917
101077071,2022-10-01,2026-09-30,8328635
101112736,2023-06-01,2027-05-31,"8300641,25"
101192615,2024-12-01,2027-11-30,"2498682,5"
101114736,2023-09-01,2026-08-31,"3848817,01"
101175856,2024-10-01,2027-09-30,1691125
101111903,2024-01-01,2028-12-31,"7999785,67"
101137847,2024-10-01,2028-09-30,"5576853,75"
101093964,2022-12-15,2026-12-14,"7999644,75"
101114799,2023-06-01,2026-05-31,"6924045,14"
101123100,2023-09-01,2026-08-31,600000
101094073,2023-01-01,2025-12-31,"3000097,25"
101138530,2024-01-01,2027-12-31,"13503786,25"
101114697,2023-09-01,2026-08-31,"7030567,87"
101069600,2022-09-01,2025-08-31,"3258946,25"
101096831,2023-02-01,2026-01-31,"4237872,5"
101079888,2022-10-01,2025-09-30,"4785562,5"
101136090,2023-04-01,2024-01-31,250000
101167539,2024-06-01,2026-11-30,"819493,75"
101192581,2025-01-01,2028-12-31,"4561951,07"
101114706,2023-09-01,2026-08-31,"2845214,46"
101178150,2024-10-15,2026-10-14,1499326
101101443,2023-02-01,2027-01-31,"3999381,5"
101121855,2023-04-01,2026-03-31,"1499829,16"
101101970,2023-01-01,2024-12-31,"720012,5"
101114844,2023-06-01,2026-05-31,"4623029,85"
101114820,2023-06-01,2025-11-30,759200
101112884,2023-06-01,2027-05-31,"8499975,01"
101156759,2024-09-02,2028-03-01,8375060
101056874,2022-06-01,2025-05-31,9991611
101140638,2024-01-01,2026-12-31,"20599024,07"
101056760,2022-11-01,2025-10-31,5481273
101147722,2024-06-01,2027-05-31,"4849550,89"
101137975,2024-01-01,2027-06-30,"4013441,88"
101069674,2022-09-01,2026-08-31,3971744
101136257,2024-01-01,2026-12-31,4499250
101056940,2022-06-01,2026-05-31,"8621612,45"
101166886,2024-09-01,2027-02-28,"1974387,5"
101101418,2023-02-01,2026-01-31,"5499822,5"
101114611,2023-06-01,2026-05-31,"5356611,76"
101077587,2022-10-01,2026-09-30,24198270
101167000,2024-09-01,2027-02-28,"999526,25"
101137773,2024-01-01,2026-04-30,"997383,58"
101147484,2024-06-01,2027-05-31,"3995551,25"
101103812,2023-05-01,2026-10-31,"6955273,5"
101138478,2024-01-01,2026-12-31,7153285
101114805,2023-09-01,2026-02-28,"1993112,5"
101146652,2024-06-01,2028-05-31,4176345
101094021,2023-01-01,2025-12-31,"2817902,5"
101147328,2025-01-01,2027-12-31,"1999815,62"
101114589,2023-07-01,2026-06-30,"4886912,63"
101114787,2023-09-01,2026-02-28,1139244
101069586,2022-09-01,2025-08-31,3792955
101192673,2025-01-01,2028-12-31,"6999684,64"
101113001,2023-06-01,2026-05-31,"1792562,5"
101147432,2024-05-01,2027-10-31,"6240265,33"
101137574,2024-01-01,2025-12-31,"1999019,94"
101114760,2023-06-01,2026-05-31,"7286667,03"
101146908,2024-06-01,2027-05-31,"2592584,7"
101138110,2024-01-01,2026-12-31,"4575719,99"
101114838,2023-09-01,2026-02-28,"999967,5"
101104072,2023-07-01,2026-06-30,"3997552,5"
101075332,2022-09-01,2025-08-31,"5778938,63"
101114635,2023-09-01,2026-02-28,999764
101111927,2023-09-01,2029-08-31,"24996826,69"
101138080,2024-01-01,2027-06-30,"3436753,75"
101148374,2024-05-01,2028-04-30,4999375
101138856,2024-01-01,2027-06-30,"4999641,25"
101101420,2023-06-01,2026-05-31,2989060
101094041,2023-01-01,2025-06-30,925625
101103716,2023-05-01,2027-04-30,"4997957,5"
101157341,2024-05-01,2028-04-30,8021357
101123556,2023-10-01,2026-09-30,"8693363,25"
101103702,2023-05-01,2027-04-30,"4998505,75"
101112169,2023-06-01,2028-05-31,7994812
101114717,2023-06-01,2026-05-31,"3771505,51"
101069834,2022-06-01,2026-05-31,4998612
101056938,2022-05-01,2023-10-31,523437
101138721,2024-01-01,2027-06-30,"9619202,63"
101191394,2025-01-01,2027-12-31,4518370
101137925,2024-01-01,2026-12-31,"2492868,75"
101147950,2024-05-01,2028-04-30,4999605
101112859,2023-09-01,2028-08-31,"15033486,25"
101192328,2025-02-01,2028-01-31,"849999,38"
101166998,2024-09-01,2027-02-28,1999577
101101318,2023-02-01,2026-01-31,1607330
101056835,2022-05-01,2026-04-30,"9788202,25"
101192365,2025-01-01,2028-06-30,"3983049,07"
101100576,2022-07-01,2022-12-31,196800
101157200,2024-06-01,2027-05-31,6154314
101096577,2023-01-01,2026-12-31,8991483
101096068,2023-01-01,2025-12-31,4109030
101079957,2023-01-01,2026-06-30,"9615236,9"
101202696,2025-01-01,2026-12-31,1000000
101138029,2024-01-01,2027-12-31,"5996081,25"
101157530,2024-05-01,2026-10-31,"2798772,5"
101191867,2024-12-01,2028-05-31,"6597981,39"
101096000,2023-12-01,2026-11-30,"4247535,6"
101069639,2022-07-01,2025-06-30,4100533
101069888,2022-09-01,2026-08-31,"2529167,25"
101056884,2022-06-01,2025-05-31,5535285
101069722,2022-07-01,2025-12-31,4950775
101147129,2024-06-01,2026-07-31,"1793381,25"
101137892,2024-03-01,2029-02-28,"19994886,4"
101156426,2024-05-01,2026-04-30,"1816561,25"
101056911,2022-06-01,2025-05-31,3309616
101167262,2024-09-01,2027-02-28,999625
101112812,2023-05-01,2026-04-30,"2177673,75"
101157447,2024-09-01,2028-08-31,"9528926,75"
101114764,2023-06-01,2026-05-31,"2555672,89"
101096809,2023-01-01,2026-06-30,"4184312,03"
101114686,2023-09-01,2026-02-28,"1057494,34"
101114815,2023-07-01,2025-12-31,1305380
101096083,2023-01-01,2025-12-31,3834550
101113045,2023-06-01,2026-05-31,"5794495,38"
101137743,2024-01-01,2026-12-31,"3711901,13"
101121856,2023-07-01,2025-12-31,"700032,12"
101102020,2023-01-01,2026-03-31,33760000
101095395,2023-01-01,2026-12-31,"2043548,75"
101192702,2025-02-01,2029-01-31,"7494184,5"
101101452,2023-03-01,2026-02-28,2653915
101069796,2022-09-01,2026-02-28,"7371208,39"
101112098,2023-09-01,2027-08-31,7446920
101155958,2024-06-01,2027-05-31,"5851010,14"
101112752,2023-06-01,2027-05-31,8197136
101192291,2025-02-01,2028-07-31,"5362093,75"
101192990,2025-01-01,2028-06-30,"5247799,25"
101114694,2023-04-01,2026-03-31,"5974550,99"
101192739,2025-01-01,2027-12-31,"4995981,25"
101147457,2024-05-01,2027-04-30,"4433848,75"
101192006,2024-07-01,2025-01-31,375000
101192534,2025-01-01,2029-06-30,"9999165,49"
101137756,2024-10-01,2028-09-30,"9954418,76"
101112906,2024-01-01,2027-12-31,"2999918,75"
101192913,2025-02-01,2029-01-31,"3530382,5"
101069931,2022-06-01,2025-11-30,2496004
101102944,2023-05-01,2026-04-30,"4903103,75"
101096253,2023-02-01,2026-01-31,"1999906,25"
101138004,2024-01-01,2026-12-31,"901734,27"
101101473,2022-10-01,2025-02-28,2999850
101077026,2022-09-01,2025-08-31,"4424871,63"
101139598,2025-01-01,2029-06-30,"11991392,5"
101138623,2023-12-01,2026-11-30,"2999566,13"
101114729,2023-06-01,2026-05-31,"11292194,42"
101192964,2025-01-01,2027-12-31,"2497753,75"
101166935,2024-09-01,2027-02-28,989637
101104241,2023-06-01,2026-11-30,"3764298,5"
101093928,2023-01-01,2024-12-31,"997939,5"
101056909,2022-05-01,2025-04-30,4733699
101056848,2022-09-01,2026-08-31,"5561610,75"
101102006,2023-01-01,2025-12-31,"48501871,65"
101167383,2024-09-01,2027-02-28,1971400
101102000,2023-01-01,2026-12-31,"21670632,33"
101095976,2022-12-01,2025-11-30,1999907
101114682,2023-09-01,2026-02-28,659000
101069359,2022-09-01,2025-08-31,"2073781,25"
101114648,2023-06-01,2027-05-31,"3346287,5"
101104246,2023-06-01,2026-11-30,"5645321,5"
101112220,2023-06-01,2028-05-31,"17757002,5"
101093921,2023-01-01,2025-12-31,"3706156,25"
101069610,2022-07-01,2026-06-30,"7995809,35"
101080377,2023-06-01,2027-05-31,5288925
101166947,2024-09-01,2027-02-28,977515
101147781,2024-06-01,2028-05-31,"5997764,63"
101111933,2023-06-01,2025-05-31,"1062754,5"
101138047,2024-01-01,2026-12-31,"3299368,22"
101196125,2024-12-01,2027-09-30,"13499875,24"
101138595,2024-06-01,2027-11-30,"3953606,25"
101114627,2023-09-01,2026-08-31,"3770315,68"
101102296,2023-01-01,2024-12-31,349500
101138195,2023-10-01,2027-09-30,"622744,01"
101069538,2022-09-01,2025-08-31,3998500
101139031,2024-01-01,2026-12-31,"3998540,5"
101112800,2023-09-01,2026-08-31,1978282
101101447,2023-01-01,2025-12-31,3453685
101120684,2023-10-01,2026-09-30,"4999158,25"
101093003,2022-12-01,2026-11-30,"11340223,5"
101070030,2022-09-01,2024-08-31,1489750
101070537,2022-11-01,2025-10-31,4603206
101061001,2022-09-01,2025-08-31,"4136964,75"
101070046,2022-09-01,2025-11-30,"2576987,5"
101070631,2022-10-01,2025-09-30,"4070321,89"
101139176,2024-01-01,2026-12-31,2858120
101058416,2022-06-01,2026-05-31,"1999829,12"
101137584,2024-01-01,2026-12-31,"933139,93"
101121249,2023-10-01,2026-09-30,2011762
101059700,2022-07-01,2026-03-31,"7397382,5"
101121342,2023-09-01,2026-08-31,"4936447,75"
101091495,2022-12-01,2025-11-30,4071977
101095856,2023-01-01,2026-06-30,23195078
101056893,2022-12-01,2025-11-30,4695269
101176865,2024-10-01,2027-09-30,"3283051,57"
101188172,2025-02-01,2028-01-31,"1999956,5"
101168312,2024-09-01,2027-08-31,"3626353,75"
101137798,2024-01-01,2029-09-30,"19655460,13"
101070302,2022-10-01,2026-09-30,"4942968,5"
101059909,2022-09-01,2026-08-31,9573418
101121149,2023-10-01,2026-09-30,2745160
101056777,2022-09-01,2025-08-31,4995098
101060107,2022-09-01,2026-08-31,3286600
101073913,2022-10-01,2025-09-30,1751315
101086287,2023-12-01,2027-11-30,"2999180,38"
101094052,2023-04-01,2026-03-31,"2138281,25"
101061123,2022-10-01,2025-09-30,"2999877,75"
101094741,2023-02-01,2026-01-31,2740550
101132673,2024-01-01,2026-12-31,"2994403,75"
101094087,2023-03-01,2027-02-28,"2940109,5"
101094497,2023-03-01,2026-02-28,"2461349,75"
101177543,2025-01-01,2027-12-31,"2999981,25"
101132435,2023-11-01,2026-11-30,"3047146,25"
101132476,2024-01-01,2026-12-31,2999350
101177268,2025-02-01,2028-01-31,"2997767,5"
101129146,2024-01-01,2028-01-31,"2773643,75"
101177351,2025-02-01,2028-01-31,"2996651,25"
101177736,2025-01-01,2027-12-31,2653771
101061388,2022-09-01,2025-08-31,"2999742,5"
101178988,2024-11-01,2027-10-31,"3183147,5"
101095020,2023-03-01,2027-02-28,"3049101,25"
101132701,2024-04-01,2027-09-30,"2891971,25"
101094837,2023-03-01,2026-02-28,2699585
101132727,2024-06-01,2027-05-31,2666250
101094828,2023-05-01,2026-10-31,3024240
101132470,2024-06-01,2027-05-31,"2575606,25"
101177874,2024-11-01,2027-10-31,"2999593,75"
101112305,2023-10-01,2026-09-30,"2997616,26"
101197406,2024-08-01,2025-01-31,298250
101179032,2025-01-01,2027-12-31,"2950962,34"
101177154,2025-02-01,2029-01-31,2872690
101132455,2024-02-01,2027-01-31,"2814203,75"
101132581,2024-01-01,2026-12-31,"2994866,25"
101132777,2024-04-01,2027-03-31,"2777058,75"
101132365,2024-03-01,2027-02-28,"3217581,25"
101132546,2024-02-01,2027-01-31,2999875
101178736,2025-01-01,2027-12-31,"2484233,75"
101059425,2022-10-01,2026-09-30,"2953668,25"
101132559,2024-01-01,2026-12-31,"2999593,75"
101061288,2022-11-01,2025-10-31,"2611528,75"
101132603,2023-12-01,2026-11-30,2991750
101178320,2024-12-01,2027-11-30,"2989299,38"
101178648,2024-10-01,2027-09-30,3330000
101104283,2023-05-01,2027-04-30,"4810447,63"
101094809,2023-07-01,2026-06-30,3004000
101094507,2023-03-01,2027-02-28,3984711
101094349,2023-03-01,2026-02-28,3112106
101177521,2025-01-01,2027-12-31,"2736469,01"
101058369,2022-04-01,2026-03-31,5057580
101177739,2025-03-01,2029-02-28,"3006121,25"
101161155,2024-09-01,2029-08-31,"13579061,51"
101112056,2023-07-01,2028-04-30,"7995825,63"
101094402,2023-06-01,2026-05-31,2910125
101131683,2024-01-01,2026-12-31,"2879401,25"
101147942,2024-08-01,2027-07-31,"2999067,5"
101136592,2024-10-01,2027-09-30,"4999991,25"
101132377,2024-01-01,2026-12-31,"2877781,25"
101178267,2025-01-01,2027-12-31,"2999881,25"
101132671,2024-01-01,2026-12-31,"2999766,25"
101167361,2024-10-01,2027-03-31,"956607,5"
101177985,2024-10-01,2026-09-30,"2997019,38"
101147377,2024-06-01,2027-05-31,"5998706,37"
101060375,2022-09-01,2026-08-31,7972753
101091967,2023-01-01,2026-12-31,"6584313,5"
101168146,2024-09-01,2026-08-31,"1426993,65"
101086551,2023-03-01,2027-02-28,2999997
101096425,2023-01-01,2026-12-31,"9994682,38"
101136880,2024-02-01,2028-01-31,"4999942,94"
101147517,2024-10-01,2028-09-30,"3999662,5"
101084046,2022-11-01,2025-10-31,"10158731,15"
101084376,2022-11-01,2025-10-31,2992060
101084137,2022-10-01,2025-09-30,"2999687,5"
101172958,2024-09-01,2028-08-31,"9057774,78"
101096139,2023-01-01,2026-02-28,7592626
101118296,2024-01-01,2027-12-31,"7027319,13"
101147601,2024-05-01,2028-04-30,"3470878,75"
101160594,2024-09-01,2027-08-31,"2999772,5"
101147455,2024-06-01,2028-05-31,2499631
101136085,2023-12-01,2029-11-30,"3192720,63"
101084623,2022-11-01,2025-10-31,4184145
101084253,2022-11-01,2025-10-31,"3195226,25"
101147904,2024-06-01,2028-05-31,3911000
101148170,2024-06-01,2028-05-31,"4346688,47"
101083905,2022-10-01,2025-09-30,2380800
101118123,2023-07-01,2026-06-30,"2499363,75"
101147532,2024-06-01,2027-11-30,"3653176,25"
101146291,2024-05-01,2028-04-30,"4437613,75"
101083536,2022-10-01,2026-09-30,"4993387,5"
101083571,2022-11-01,2025-04-30,"1322523,08"
101118270,2023-07-01,2027-06-30,"4997162,5"
101118286,2023-10-01,2027-09-30,"9678598,55"
101083342,2022-10-01,2025-09-30,"3515097,5"
101172954,2024-10-01,2027-09-30,3756130
101083409,2022-10-01,2026-03-31,3924195
101147226,2024-05-01,2028-04-30,"3997027,5"
101096250,2023-10-01,2027-09-30,"9988745,87"
101172849,2024-09-01,2028-02-29,"3861651,25"
101172857,2024-10-01,2028-09-30,"3999950,5"
101146616,2024-05-01,2027-04-30,"3999782,5"
101084148,2022-11-01,2026-10-31,"10294334,44"
101136149,2023-12-01,2029-02-28,"3360346,26"
101147467,2024-06-01,2027-11-30,"3998757,5"
101147321,2024-05-01,2028-04-30,"2105638,08"
101084336,2022-11-01,2026-10-31,"2951957,5"
101112475,2023-01-01,2025-12-31,2999851
101136148,2024-01-01,2027-12-31,6998055
101084323,2023-01-01,2027-12-31,"15483361,26"
101118127,2023-10-01,2027-09-30,7325300
101136156,2024-01-01,2027-12-31,"4291975,75"
101084321,2022-11-01,2026-10-31,"15455944,89"
101136142,2024-01-01,2026-12-31,"6917726,25"
101118293,2023-11-01,2027-10-31,"4711516,25"
101135567,2024-09-01,2027-08-31,"7082804,76"
101172766,2024-10-01,2028-09-30,"2980222,5"
101172835,2024-10-01,2027-09-30,"2994871,69"
101077477,2022-10-01,2025-03-31,2000000
101096803,2023-01-01,2026-12-31,15702550
101116076,2023-09-01,2027-02-28,"6377839,88"
101148066,2024-09-01,2028-02-29,"3785723,75"
101118318,2023-09-01,2028-08-31,10655475
101136123,2024-01-01,2027-12-31,"8417003,08"
101051223,2021-08-01,2022-01-31,250000
101084409,2023-01-01,2027-12-31,"16663950,5"
101172780,2024-10-01,2027-09-30,"2996262,5"
101172838,2024-10-01,2030-09-30,"9999999,97"
101095142,2023-02-01,2027-01-31,"2402047,5"
101172946,2024-11-01,2028-10-31,"4022148,75"
101060054,2022-09-01,2025-09-30,2913136
101061330,2022-10-01,2025-09-30,2756065
101096563,2023-02-01,2025-01-31,"499920,45"
101095106,2023-03-01,2026-02-28,"2951909,75"
101132124,2024-01-01,2026-12-31,"2996577,5"
101059811,2022-10-01,2025-09-30,"2748757,5"
101135916,2024-01-01,2026-12-31,"5072543,75"
101192383,2025-01-01,2027-12-31,"4344176,25"
101132694,2024-01-01,2027-12-31,"2106591,25"
101139285,2024-01-01,2026-12-31,"3628007,5"
101057557,2022-06-01,2024-11-30,1429877
101188015,2025-01-01,2027-12-31,"7999986,25"
101070292,2022-10-01,2026-09-30,"4948592,5"
101188188,2025-01-01,2027-12-31,4999075
101181146,2025-01-01,2028-12-31,6000000
101135305,2024-09-01,2027-08-31,"3629672,5"
101139067,2024-03-01,2027-02-28,"3999990,51"
101135308,2024-01-01,2027-12-31,"2373952,5"
101132314,2024-01-01,2026-12-31,2982125
101157779,2024-06-01,2028-05-31,"7499999,85"
101118420,2023-01-01,2023-08-31,100000
101181169,2025-01-01,2028-12-31,"6498316,75"
101096286,2023-01-01,2026-12-31,3135144
101131850,2024-01-01,2026-12-31,"4999625,25"
101059888,2022-10-01,2027-03-31,"5360734,75"
101060660,2022-10-01,2025-09-30,3527250
101192301,2025-02-01,2029-01-31,"4831975,5"
101095175,2023-02-01,2027-01-31,"2566066,63"
101087081,2023-01-01,2027-12-31,2400000
101162648,2024-09-30,2026-09-29,"177251,52"
101059552,2024-01-01,2029-12-31,14710000
101130751,2024-01-01,2025-12-31,"171399,36"
101187789,2025-03-01,2030-02-28,2629500
101180691,2025-02-01,2027-01-31,"156778,56"
101159729,2024-10-01,2027-09-30,"1498898,13"
101131513,2023-08-01,2025-07-31,"166278,72"
101159060,2024-10-01,2027-09-30,"1498183,75"
101079254,2022-11-01,2025-10-31,1422906
101183817,2025-03-01,2030-02-28,2476132
101071330,2022-10-01,2025-09-30,"1964601,76"
101180572,2025-09-01,2027-08-31,"156778,56"
101087126,2023-01-01,2027-12-31,2499341
101160182,2024-09-01,2027-08-31,"1234567,89"
101130849,2024-01-01,2026-06-30,"189877,2"
101186647,2025-02-01,2030-01-31,2500000
101087143,2024-01-01,2028-12-31,2499500
101079206,2022-10-01,2025-09-30,1194500
101186498,2025-01-01,2028-12-31,"4999822,5"
101185327,2025-04-01,2030-03-31,2499775
101160158,2024-07-01,2027-06-30,"1436237,06"
101059828,2023-05-01,2029-04-30,14200000
101160293,2024-10-01,2027-09-30,"1198362,5"
101180630,2025-03-01,2027-02-28,"172618,56"
101159771,2024-05-01,2027-04-30,"1483993,75"
101180603,2024-07-01,2026-06-30,"155559,36"
101130754,2024-09-01,2026-08-31,"156778,56"
101090310,2022-09-01,2024-08-31,"132638,4"
101130800,2023-06-01,2025-05-31,164328
101087348,2023-01-01,2026-12-31,4985150
101180632,2024-09-01,2026-08-31,"156778,56"
101159534,2024-04-01,2027-03-31,1199475
101130789,2024-02-12,2026-02-11,"166278,72"
101120502,2023-09-01,2027-08-31,3093030
101052416,2021-11-01,2024-10-31,153000000
101059801,2023-09-01,2029-08-31,"13122258,75"
101180612,2025-09-01,2027-08-31,"161889,6"
101156088,2024-09-01,2027-08-31,1218775
101060346,2023-09-01,2029-08-31,14992000
101160180,2024-05-01,2026-04-30,"1046012,5"
101159018,2024-03-01,2027-02-28,1217125
101180610,2025-09-01,2027-08-31,"166278,72"
101184578,2025-02-01,2030-01-31,"2457714,92"
101160079,2024-10-01,2027-09-30,"1440187,5"
101079345,2023-01-01,2025-12-31,"1294507,5"
101078933,2023-01-01,2025-12-31,1449125
101184092,2024-11-01,2029-10-31,2500000
101087403,2022-12-01,2027-11-30,2415000
101090276,2023-07-01,2025-06-30,"166278,72"
101130831,2023-07-01,2025-06-30,"150438,72"
101159051,2024-06-01,2027-05-31,"1498629,25"
101180663,2024-11-01,2026-10-31,"172618,56"
101087071,2023-01-01,2026-12-31,"4999693,75"
101159721,2024-09-01,2027-08-31,"1499945,83"
101090337,2023-03-01,2025-02-28,"156778,56"
101186869,2025-01-01,2028-12-31,5995825
101090284,2023-01-01,2024-12-31,"166278,72"
101130795,2023-10-01,2025-09-30,"156778,56"
101090291,2022-12-01,2025-05-31,"226441,2"
101184153,2025-01-01,2029-12-31,"2484596,25"
101185375,2024-11-01,2029-10-31,2499855
101071300,2022-09-01,2024-08-31,"2325576,75"
101090293,2022-11-01,2024-10-31,"166278,72"
101090323,2022-10-01,2024-09-30,"156778,56"
101160337,2024-09-01,2027-08-31,"1498575,32"
101130833,2023-06-01,2025-05-31,"169326,72"
101087162,2023-06-01,2027-05-31,"4999577,5"
101079425,2022-10-01,2025-09-30,1466801
101079184,2023-01-01,2025-12-31,1499885
101090340,2023-09-01,2025-08-31,"155793,6"
101087584,2023-03-01,2028-02-29,"2499827,5"
101090283,2023-09-01,2025-08-31,"156778,56"
101079192,2023-01-01,2025-12-31,1499406
101059942,2023-01-01,2025-12-31,1456250
101086665,2023-03-01,2028-02-29,2499921
101079246,2022-10-01,2025-09-30,1491970
101130830,2024-11-01,2026-10-31,"161889,6"
101055286,2022-04-01,2025-03-31,8000000
101180677,2025-04-01,2027-03-31,"162499,2"
101136530,2025-01-01,2030-12-31,14400000
101180586,2024-05-01,2026-04-30,"150438,72"
101130772,2024-09-01,2026-08-31,"155559,36"
101162646,2024-07-01,2026-12-31,"221564,4"
101186579,2025-01-01,2029-12-31,2467225
101130811,2023-09-01,2025-08-31,"166278,72"
101079372,2023-01-01,2025-12-31,"1375187,5"
101130783,2023-06-01,2025-05-31,"166278,72"
101130862,2024-01-01,2026-06-30,"211658,4"
101136692,2025-01-01,2030-12-31,14999170
101186499,2024-11-01,2029-10-31,2492490
101078997,2022-10-01,2025-09-30,"1499973,75"
101159400,2024-06-01,2027-05-31,"1465894,25"
101159106,2024-06-01,2027-05-31,1164880
101090315,2023-01-01,2024-12-31,"148478,4"
101087032,2023-02-01,2028-01-31,2500000
101079179,2022-11-01,2025-10-31,1497125
101130766,2023-06-01,2025-05-31,"172618,56"
101086340,2023-01-01,2027-12-31,2499300
101087571,2023-01-01,2027-12-31,"2500743,75"
101180613,2024-10-15,2026-10-14,"172618,56"
101079134,2023-01-01,2025-12-31,1124272
101130843,2023-09-01,2025-08-31,"172618,56"
101059842,2023-09-01,2029-08-31,"14067762,5"
101087529,2023-01-01,2026-12-31,"4999962,5"
101130807,2023-07-01,2025-08-31,"168522,64"
101130758,2023-07-01,2025-06-30,"150438,72"
101130788,2023-11-06,2025-11-05,"171399,36"
101180595,2024-10-01,2026-09-30,"155559,36"
101160135,2024-05-01,2026-04-30,"1199967,5"
101160215,2024-10-01,2027-09-30,"1248581,25"
101180631,2024-05-15,2026-05-14,"156778,56"
101087007,2023-01-01,2027-12-31,2500000
101132682,2023-09-01,2026-08-31,"1749362,5"
101090295,2022-10-01,2024-09-30,"157622,4"
101180599,2025-04-01,2027-03-31,"153486,72"
101086110,2023-01-01,2026-12-31,"4846397,25"
101090327,2023-01-01,2024-12-31,"156778,56"
101186662,2025-01-01,2028-12-31,"5946368,75"
101130859,2023-09-01,2025-08-31,"169326,72"
101180606,2024-10-01,2026-09-30,"172618,56"
101160298,2024-07-01,2027-06-30,"1498972,5"
101090336,2022-11-01,2025-03-31,164328
101136375,2024-11-01,2030-10-31,15000000
101136903,2025-01-01,2030-12-31,14998847
101130826,2023-06-01,2025-05-31,"148478,4"
101059999,2023-05-01,2029-04-30,14505000
101180845,2025-03-01,2027-02-28,"158597,76"
101185742,2025-02-01,2030-01-31,"2499965,82"
101162644,2024-06-01,2026-05-31,"161411,52"
101130870,2024-10-01,2026-09-30,"157622,4"
101180628,2024-09-01,2026-08-31,"153486,72"
101180634,2025-01-01,2026-12-31,"156778,56"
101059867,2022-08-01,2025-07-31,"1432937,5"
101159690,2024-09-01,2027-08-31,"1601268,75"
101077207,2022-11-01,2025-10-31,1493690
101159513,2024-10-01,2027-09-30,1499601
101160108,2024-10-01,2027-09-30,"1499987,51"
101180568,2025-01-01,2026-12-31,"155559,36"
101059985,2023-05-01,2029-04-30,9900000
101180584,2024-08-01,2026-07-31,"150438,72"
101071317,2022-10-01,2025-09-30,"1905934,34"
101090301,2022-10-01,2024-09-30,"133735,68"
101130752,2023-11-01,2025-10-31,164328
101071329,2022-10-01,2025-03-31,"1975312,5"
101187384,2025-01-01,2029-12-31,2492350
101059784,2022-09-01,2025-08-31,1477250
101186531,2025-01-01,2028-12-31,4688625
101079421,2022-10-01,2025-09-30,"1499737,5"
101078991,2022-10-01,2025-09-30,1499016
101079201,2022-10-01,2025-09-30,1499905
101130820,2024-09-01,2026-08-31,"171399,36"
101187823,2025-03-01,2030-02-28,2499080
101187352,2025-01-01,2029-12-31,"2499214,26"
101090325,2024-02-15,2026-02-14,"169326,72"
101079319,2022-10-01,2025-09-30,1515125
101087483,2023-06-01,2027-05-31,4750000
101079385,2022-09-01,2025-08-31,"1499631,25"
101159589,2024-07-01,2027-06-30,"1499976,25"
101180670,2025-05-02,2027-05-01,"165312,96"
101120507,2023-09-01,2027-08-31,"2706416,25"
101159516,2025-01-01,2028-12-31,5000000
101087269,2023-03-01,2028-02-29,2493395
101090278,2022-11-14,2024-11-13,"161889,6"
101180616,2024-10-01,2026-09-30,"169326,72"
101180609,2025-01-01,2026-12-31,"156778,56"
101090344,2022-10-17,2024-10-16,"150438,72"
101060011,2023-09-01,2029-08-31,15000000
101197135,2024-11-01,2026-10-31,120000000
101180608,2024-09-01,2026-08-31,"171399,36"
101090273,2022-06-01,2024-05-31,148488
101090316,2023-09-01,2025-08-31,"133735,68"
101086898,2023-01-01,2027-12-31,2235990
101187880,2025-01-01,2028-12-31,4937275
101079377,2022-10-01,2025-09-30,"1271892,5"
101162643,2024-09-01,2026-08-31,"161411,52"
101086768,2022-12-01,2027-11-30,"2499997,5"
101130814,2024-02-14,2026-02-13,"172618,56"
101159926,2024-10-01,2027-09-30,"1493729,38"
101130771,2023-06-01,2025-05-31,"156778,56"
101159646,2024-09-01,2027-08-31,1500000
101187119,2025-01-01,2029-12-31,"2491693,75"
101180570,2024-06-01,2026-05-31,"156778,56"
101180633,2025-01-01,2026-12-31,"172618,56"
101090313,2023-04-01,2025-03-31,"140187,84"
101180588,2025-01-06,2027-01-05,"155793,6"
101159809,2024-09-01,2027-08-31,1499450
101130782,2024-04-01,2026-03-31,"156778,56"
101090290,2023-06-01,2025-05-31,"169326,72"
101180627,2024-09-02,2026-09-01,"149575,68"
101079116,2022-12-01,2025-11-30,1074653
101186958,2025-01-01,2029-12-31,2500000
101087249,2023-03-01,2028-02-29,2497550
101079180,2023-01-01,2025-12-31,1499500
101180567,2025-01-01,2026-12-31,"177251,52"
101159895,2024-06-01,2027-05-31,1252850
101183743,2025-09-01,2030-08-31,"2494668,06"
101079267,2023-01-01,2025-12-31,1498660
101130777,2024-08-15,2026-08-14,"162499,2"
101079181,2022-10-01,2025-09-30,1500000
101059369,2022-09-01,2025-08-31,1498674
101090304,2023-05-02,2025-05-01,"156778,56"
101187327,2025-03-01,2030-02-28,"2499991,07"
101060201,2022-07-01,2025-06-30,1162391
101086962,2023-03-01,2028-02-29,2499364
101184899,2025-01-01,2029-12-31,"2499973,61"
101090268,2023-02-15,2025-02-14,"156778,56"
101130848,2023-08-01,2025-07-31,"150438,72"
101060130,2022-09-01,2025-08-31,1466675
101079214,2023-01-01,2025-12-31,1499625
101159951,2025-01-01,2027-12-31,"1498056,25"
101078970,2023-01-01,2025-12-31,1495880
101071306,2022-10-01,2025-09-30,"1741737,5"
101160233,2024-10-01,2027-09-30,1244706
101079203,2023-01-01,2025-12-31,"1499827,5"
101180656,2025-02-01,2027-01-31,"156778,56"
101130799,2024-03-01,2026-02-28,"166278,72"
101130801,2024-07-01,2026-06-30,"150438,72"
101180581,2024-09-01,2026-08-31,"149219,52"
101079207,2023-01-01,2025-12-31,1457000
101180812,2025-01-06,2027-07-05,"221564,4"
101160059,2024-06-01,2027-05-31,"1444691,24"
101180589,2024-07-01,2026-06-30,"139953,6"
101090338,2023-05-01,2025-04-30,"177251,52"
101159723,2024-09-01,2027-02-28,"1493687,5"
101090275,2023-09-01,2025-08-31,"153486,72"
101155017,2024-10-01,2027-09-30,1175250
101090280,2023-04-01,2025-03-31,"171399,36"
101060110,2022-09-01,2025-08-31,997280
101079183,2022-11-01,2025-10-31,1495575
101158832,2024-10-01,2027-09-30,"1223641,27"
101130803,2023-11-01,2025-10-31,"166278,72"
101079429,2023-01-01,2025-12-31,1050000
101130774,2023-12-01,2025-11-30,"141782,4"
101130784,2023-06-01,2025-05-31,"156778,56"
101087233,2023-01-01,2026-12-31,4985250
101186503,2025-01-01,2029-12-31,"2498572,5"
101130753,2023-10-11,2025-10-10,"148478,4"
101086712,2023-01-01,2027-12-31,2493750
101087471,2023-01-01,2027-12-31,2498750
101159624,2024-06-01,2027-05-31,"1491029,55"
101087110,2023-02-01,2028-01-31,2500000
101090312,2023-01-01,2025-06-30,"215773,2"
101180626,2024-10-01,2027-03-31,194742
101086741,2023-01-01,2027-12-31,2500000
101087262,2023-05-01,2028-04-30,2499530
101136453,2024-03-01,2028-02-29,"4722788,12"
101159147,2024-10-01,2027-09-30,"1478222,1"
101079210,2022-09-01,2025-08-31,"1383723,93"
101159570,2024-09-01,2027-08-31,"1349663,75"
101087181,2023-01-01,2027-12-31,2499950
101130836,2024-05-01,2026-04-30,"156778,56"
101159644,2024-07-01,2027-06-30,"1431827,92"
101059534,2022-09-01,2025-08-31,"1182431,25"
101130806,2023-06-01,2025-05-31,"153486,72"
101060145,2022-09-01,2025-08-31,1486125
101079370,2022-12-01,2026-02-28,"1226702,5"
101130805,2024-03-01,2026-02-28,"155559,36"
101187110,2025-03-01,2030-02-28,2490375
101130757,2024-07-20,2026-07-19,"148478,4"
101079417,2022-12-01,2025-11-30,1231375
101176529,2025-03-01,2030-02-28,2500000
101090345,2023-09-01,2025-08-31,"148478,4"
101090288,2023-02-13,2025-02-12,"161411,52"
101187661,2024-11-01,2029-10-31,"2497787,9"
101186573,2024-12-01,2027-11-30,"4996737,5"
101079051,2023-01-01,2025-12-31,1188125
101159949,2024-10-01,2027-09-30,"1499720,63"
101090322,2023-03-01,2025-08-31,"226441,2"
101087146,2023-01-01,2026-12-31,"4997562,5"
101160008,2024-05-01,2027-04-30,1498425
101120390,2023-07-01,2027-04-30,"2310612,5"
101158669,2024-09-01,2027-08-31,"1496433,13"
101162647,2024-06-01,2026-05-31,"177251,52"
101079282,2023-01-01,2025-12-31,"1499998,75"
101130808,2024-01-01,2025-12-31,"172618,56"
101090331,2023-01-01,2024-12-31,"172618,56"
101187166,2025-03-01,2030-02-28,"2499453,81"
101160258,2024-10-01,2027-09-30,"1499093,57"
101180602,2025-01-01,2026-12-31,"155559,36"
101180593,2025-01-01,2026-12-31,"156778,56"
101186601,2025-03-01,2030-02-28,"2499692,97"
101130855,2024-01-15,2026-01-14,"172618,56"
101079217,2022-10-01,2025-09-30,1500000
101090320,2022-11-01,2024-10-31,"156778,56"
101079337,2022-12-01,2025-11-30,"940454,5"
101186592,2025-02-01,2030-01-31,"2499988,62"
101180605,2024-07-01,2026-06-30,"153486,72"
101130769,2023-07-01,2025-06-30,"150438,72"
101079009,2022-10-01,2025-09-30,1494625
101130761,2024-09-01,2026-08-31,"166278,72"
101180576,2024-06-16,2026-06-15,"172618,56"
101119689,2023-06-01,2027-05-31,"2999585,63"
101136578,2024-01-01,2027-06-30,3097341
101180607,2024-09-09,2026-09-08,"132638,4"
101059981,2024-01-01,2029-12-31,14003705
101090311,2023-01-01,2024-12-31,"150438,72"
101130868,2024-09-01,2026-08-31,"156778,56"
101160253,2024-09-01,2027-08-31,"1498443,34"
101159555,2024-10-01,2027-09-30,1493420
101158945,2024-09-01,2026-08-31,"1159062,5"
101159623,2024-09-01,2027-08-31,"1499999,26"
101079355,2022-10-01,2025-09-30,1060605
101087154,2023-06-01,2027-05-31,"4994751,25"
101158561,2024-05-01,2027-08-31,1200000
101090308,2023-01-01,2024-12-31,"150438,72"
101130780,2023-09-01,2026-02-28,"211658,4"
101186838,2025-01-01,2028-12-31,"5999987,5"
101130794,2024-04-01,2026-03-31,"158597,76"
101090287,2023-03-01,2025-08-31,"172618,56"
101158830,2024-07-01,2027-06-30,"1500478,68"
101136568,2025-01-01,2030-12-31,15000000
101079177,2022-10-01,2025-09-30,1216875
101180622,2024-09-01,2026-08-31,"155559,36"
101186678,2025-02-01,2029-07-31,"2499275,07"
101186661,2025-01-01,2029-12-31,"2486137,5"
101130838,2024-09-01,2026-08-31,"171399,36"
101087124,2023-01-01,2026-12-31,"4939299,5"
101090292,2023-01-01,2026-12-31,"166278,72"
101185725,2024-12-01,2028-11-30,4999875
101090271,2023-01-02,2025-01-01,"172618,56"
101130827,2023-10-01,2025-09-30,"166278,72"
101186939,2025-01-01,2028-12-31,4885375
101160101,2024-09-01,2027-08-31,1500000
101087535,2023-03-01,2028-02-29,2499625
101090269,2022-11-01,2025-04-30,"191858,4"
101090267,2024-07-01,2026-06-30,"166278,72"
101186492,2025-03-01,2030-02-28,"2119785,79"
101079349,2023-01-01,2025-12-31,1499375
101120150,2023-09-01,2027-08-31,"1932872,5"
101180719,2025-09-01,2027-08-31,"161411,52"
101060102,2023-05-01,2029-04-30,15000000
101159509,2024-06-01,2027-05-31,"1494104,3"
101060170,2022-07-01,2025-12-31,1492000
101186558,2025-03-01,2030-02-28,"2497291,25"
101059411,2022-07-01,2025-06-30,1499305
101079342,2022-10-01,2025-09-30,"1356937,5"
101086923,2023-03-01,2028-02-29,2498990
101130765,2024-09-01,2026-08-31,"166278,72"
101120555,2023-09-01,2027-08-31,1998125
101180578,2024-09-01,2026-08-31,"146049,6"
101079459,2023-01-01,2025-12-31,"1202172,5"
101087416,2023-03-01,2028-02-29,2500000
101087022,2023-01-01,2026-12-31,"4489753,75"
101180624,2025-05-01,2027-04-30,"169326,72"
101090282,2022-06-01,2024-05-31,"164698,56"
101086974,2023-03-01,2028-09-30,"2492433,75"
101079251,2022-11-01,2025-10-31,"1499417,5"
101130785,2023-09-01,2025-08-31,"166278,72"
101090302,2023-03-01,2025-02-28,"157622,4"
101183630,2025-03-01,2030-02-28,2498562
101078981,2022-10-01,2025-12-31,"1450446,45"
101159667,2024-09-01,2027-08-31,"1207881,69"
101132290,2023-10-02,2025-10-01,"156778,56"
101090333,2022-08-01,2024-07-31,"166278,72"
101090324,2022-09-01,2024-08-31,"132638,4"
101078905,2022-12-01,2025-11-30,"1399261,25"
101090335,2023-04-01,2025-03-31,"139953,6"
101186564,2025-03-01,2030-02-28,2500000
101079219,2022-10-01,2025-09-30,"1474312,5"
101159710,2024-10-01,2027-09-30,"1499891,41"
101079234,2022-10-01,2025-09-30,899410
101071321,2022-10-01,2025-09-30,1998758
101130875,2024-09-01,2026-08-31,"172618,56"
101187606,2025-03-01,2030-02-28,"2498945,78"
101180600,2024-06-01,2026-05-31,"140187,84"
101060395,2022-06-01,2025-05-31,"1131346,25"
101130778,2024-04-01,2026-03-31,"157622,4"
101081181,2022-02-06,2022-12-05,250000
101090270,2023-02-01,2025-01-31,"166278,72"
101184151,2025-01-01,2028-12-31,"5464843,75"
101159235,2024-06-01,2027-05-31,"1492507,5"
101087568,2023-03-01,2027-02-28,2498245
101086815,2023-02-01,2028-01-31,"2047797,5"
101186975,2025-02-01,2030-01-31,2497500
101180954,2025-09-01,2027-08-31,"158597,76"
101159722,2024-09-01,2027-08-31,"1489280,47"
101180654,2025-09-01,2027-08-31,"142757,76"
101079338,2022-10-01,2025-09-30,1499890
101180682,2025-09-01,2027-08-31,"158597,76"
101180659,2025-06-01,2027-05-31,"158597,76"
101058873,2022-03-01,2026-02-28,4993109
101079481,2023-01-01,2025-12-31,"1494137,5"
101159193,2024-06-01,2027-05-31,"1221388,76"
101130817,2023-06-01,2025-05-31,"150438,72"
101130845,2024-09-01,2026-08-31,"166278,72"
101180621,2024-09-01,2026-08-31,"172618,56"
101158508,2024-05-01,2027-04-30,1200000
101090314,2022-07-01,2024-06-30,"139953,6"
101078393,2022-10-01,2025-09-30,1375000
101087367,2023-01-01,2027-12-31,2471875
101180601,2024-10-01,2026-09-30,"142757,76"
101159827,2024-10-01,2027-09-30,"1420042,44"
101130832,2024-03-01,2026-02-28,"156778,56"
101090339,2022-12-01,2024-11-30,"140187,84"
101159582,2024-09-01,2027-08-31,"1499972,56"
101160325,2024-05-01,2026-04-30,"1199878,75"
101186929,2025-01-01,2029-12-31,"2499998,69"
101180619,2024-07-01,2026-06-30,"142757,76"
101186946,2025-02-01,2030-01-31,2499875
101159751,2024-05-01,2026-04-30,1200000
101180975,2025-05-01,2027-04-30,"161411,52"
101180614,2025-01-01,2026-12-31,"148478,4"
101087030,2023-01-01,2027-12-31,2575000
101079227,2022-10-01,2025-09-30,1242138
101120075,2023-09-01,2026-08-31,2996625
101180309,2025-03-01,2030-02-28,2500000
101079142,2022-10-01,2025-09-30,1375500
101159944,2024-09-01,2027-08-31,"1272929,38"
101087091,2023-01-01,2027-12-31,2432500
101160259,2024-10-01,2027-09-30,1307275
101130816,2024-06-24,2026-06-23,"155793,6"
101194619,2024-07-01,2025-04-30,"249062,5"
101130866,2024-09-01,2026-08-31,"139953,6"
101159716,2024-09-01,2027-08-31,"1299707,5"
101130787,2023-06-01,2025-05-31,"169326,72"
101090306,2022-09-01,2024-08-31,"166278,72"
101159615,2024-06-01,2027-05-31,1498223
101130813,2024-09-01,2026-08-31,"172618,56"
101079305,2022-12-01,2025-11-30,1491531
101132719,2024-01-01,2026-12-31,"1985532,5"
101059626,2022-09-01,2026-02-28,"2999995,75"
101177528,2025-01-01,2027-12-31,"4999987,5"
101180615,2024-07-15,2026-07-14,"156778,56"
101095322,2023-01-01,2026-12-31,"2728912,5"
101079136,2022-10-01,2025-09-30,1412360
101182007,2024-11-01,2027-10-31,"5996281,25"
101096056,2023-02-01,2026-01-31,5330750
101164313,2024-07-01,2026-12-31,"1761498,75"
101129493,2024-03-01,2026-08-31,"1938382,5"
101079468,2022-10-01,2025-09-30,1489379
101095123,2023-04-01,2027-03-31,"3951429,72"
101082128,2022-12-01,2026-05-31,2999946
101192573,2025-01-01,2028-12-31,"5952265,25"
101056935,2022-09-01,2025-08-31,4049234
101096028,2023-01-01,2026-12-31,18034188
101056674,2022-09-01,2025-08-31,3469707
101058459,2023-01-01,2026-12-31,9131043
101178743,2025-01-01,2027-12-31,2999995
101060698,2022-10-01,2026-09-30,"5287014,25"
101103821,2024-01-01,2026-12-31,"4990149,75"
101192657,2025-01-01,2028-06-30,"7671654,5"
101168311,2024-10-01,2027-09-30,"3999029,31"
101076360,2023-11-01,2026-10-31,"7981796,25"
101114675,2023-06-01,2026-05-31,"4650794,29"
101086530,2023-01-01,2025-12-31,"3588498,9"
101056793,2022-10-01,2025-09-30,"2707496,5"
101084163,2022-11-01,2026-10-31,6994748
101177438,2025-01-01,2027-12-31,"3939826,75"
101073982,2022-10-01,2025-09-30,"3999891,25"
101091635,2023-01-01,2025-12-31,"4997759,13"
101092073,2022-12-01,2026-05-31,"8395715,25"
101112728,2023-09-01,2026-08-31,"2997468,5"
101121308,2023-09-01,2026-08-31,"5997970,75"
101138202,2024-01-01,2026-12-31,"4999301,25"
101069681,2022-06-01,2026-05-31,"8366963,5"
101103898,2023-06-01,2026-11-30,"4998318,25"
101102316,2023-07-01,2027-06-30,4000000
101131738,2023-11-01,2026-10-31,"1998923,75"
101069705,2022-09-01,2025-08-31,5170563
101084326,2022-11-01,2025-10-31,3084266
101192375,2025-01-01,2028-06-30,9999992
101136940,2024-01-01,2026-12-31,"5701244,13"
101084422,2022-11-01,2025-10-31,4249978
101135053,2023-12-01,2026-11-30,"4823332,9"
101135796,2024-01-01,2027-12-31,"4457792,5"
101135034,2023-12-01,2027-11-30,"3185792,64"
101119678,2023-09-01,2027-08-31,"2714232,5"
101056873,2022-09-01,2026-08-31,"4723324,25"
101081521,2023-09-01,2027-08-31,"6289522,5"
101137477,2024-01-01,2025-12-31,"1064295,25"
101181994,2024-10-01,2028-09-30,"4495537,5"
101166837,2024-09-01,2027-02-28,"1999605,5"
101093968,2023-01-01,2027-12-31,"24949990,25"
101114613,2023-07-01,2026-06-30,"4971224,13"
101135513,2024-01-01,2026-12-31,"8894072,5"
101135431,2024-01-01,2028-06-30,"7430993,75"
101056896,2022-05-01,2025-10-31,5956936
101069880,2022-10-01,2026-09-30,"3331617,5"
101136474,2024-01-01,2027-12-31,"4841203,33"
101132170,2024-01-01,2026-12-31,"999562,5"
101112144,2023-05-01,2026-04-30,"2989671,25"
101070556,2022-10-01,2025-09-30,"4135317,5"
101076983,2022-10-01,2025-09-30,4992165
101114845,2023-06-01,2026-05-31,"3562807,51"
101114858,2023-06-01,2025-11-30,"999731,25"
101082068,2023-06-01,2027-05-31,"7890862,5"
101093159,2023-01-01,2025-12-31,"7664152,5"
101188141,2025-01-01,2026-12-31,499845
101069770,2022-09-01,2025-08-31,2123815
101103954,2023-05-01,2026-10-31,"7999972,13"
101112883,2024-03-01,2028-02-29,"9489597,5"
101129480,2024-01-01,2026-12-31,"2192362,01"
101130915,2024-03-01,2028-02-29,"14499999,25"
101094158,2023-01-01,2025-12-31,"998237,5"
101056781,2022-07-01,2026-06-30,5999750
101121135,2023-10-01,2027-09-30,5000040
101073957,2022-10-01,2026-09-30,"4793643,5"
101193026,2025-01-01,2028-06-30,"4999976,25"
101114676,2023-09-01,2026-08-31,"1989359,27"
101086690,2022-12-01,2027-11-30,2494375
101135002,2024-01-01,2026-12-31,1492875
101083727,2024-01-01,2027-12-31,"6063823,75"
101189796,2024-11-01,2028-10-31,"7946786,25"
101079392,2023-01-01,2025-12-31,1105477
101095314,2023-01-01,2027-12-31,3477625
101091691,2023-01-01,2026-06-30,4201176
101157493,2024-06-01,2027-05-31,1869000
101093806,2023-01-01,2025-12-31,2294146
101130039,2024-06-01,2028-05-31,7835161
101083944,2023-01-01,2026-12-31,"4999914,25"
101096328,2023-01-01,2025-12-31,"8039821,26"
101096302,2023-01-01,2026-06-30,5047688
101140510,2024-01-01,2026-12-31,"6987963,63"
101096614,2023-01-01,2025-06-30,"13162555,38"
101096034,2023-01-01,2025-06-30,"4898437,5"
101097083,2023-01-01,2025-06-30,"4827673,75"
101095738,2023-03-01,2025-08-31,4667179
101095841,2023-01-01,2025-03-31,1941225
101094665,2023-02-01,2026-01-31,2761250
101095000,2023-02-01,2026-01-31,2294251
101139198,2024-01-01,2026-06-30,"4236558,75"
101093849,2023-01-01,2026-12-31,"2951569,75"
101157658,2024-09-01,2028-08-31,"4997361,25"
101147576,2024-06-01,2028-05-31,"4997041,25"
101080085,2022-11-01,2026-10-31,"4935143,25"
101182176,2024-11-01,2027-10-31,5489475
101138184,2023-12-01,2027-11-30,"3984082,5"
101080086,2022-11-01,2025-10-31,3207671
101177455,2025-01-01,2027-12-31,3005795
101130544,2024-01-01,2026-12-31,2999875
101132285,2024-03-01,2027-02-28,2999890
101092950,2023-01-01,2025-12-31,"4942958,75"
101139749,2023-10-01,2026-09-30,"1999996,25"
101058608,2022-06-01,2025-11-30,"7352357,15"
101091860,2022-12-01,2025-11-30,"6555819,75"
101157094,2024-05-01,2028-10-31,9999999
101147468,2024-06-01,2027-05-31,"3999812,5"
101121703,2023-07-01,2025-06-30,"697796,1"
101147881,2024-05-01,2027-04-30,"4719162,2"
101139942,2024-06-01,2027-05-31,"5738325,83"
101069750,2022-05-01,2030-12-31,"136317392,84"
101069877,2022-07-01,2025-06-30,"3760182,5"
101173007,2024-10-01,2027-09-30,"5999844,25"
101172829,2024-09-01,2028-08-31,"5996436,76"
101075660,2022-10-01,2026-09-30,7635000
101075700,2022-09-01,2025-08-31,604774
101075503,2022-06-01,2025-05-31,"997988,13"
101160671,2024-06-01,2027-05-31,"3988687,5"
101075709,2023-01-01,2025-12-31,3242373
101096836,2023-01-01,2026-06-30,"5996625,88"
101160660,2024-06-01,2027-11-30,"3999387,5"
101075609,2022-09-01,2027-08-31,19106031
101096511,2023-01-01,2025-12-31,"3498630,75"
101096490,2023-01-01,2026-06-30,5593570
101160684,2024-09-01,2028-02-29,"4999883,13"
101075515,2022-10-01,2025-09-30,1999711
101096508,2023-01-01,2026-06-30,"5999602,5"
101075398,2022-09-01,2025-08-31,946500
101075710,2022-10-01,2025-03-31,"2497043,75"
101075438,2022-09-01,2026-08-31,"7999744,75"
101075693,2022-08-01,2025-01-31,"1782627,5"
101075572,2022-11-01,2025-10-31,"1380033,75"
101075727,2022-11-01,2026-10-31,"6330101,25"
101075587,2022-09-01,2025-08-31,2493640
101075790,2022-07-01,2025-06-30,989649
101075676,2022-08-01,2025-07-31,"1999058,75"
101096787,2023-01-01,2025-12-31,"8098455,43"
101075499,2022-09-01,2025-08-31,"996107,5"
101075746,2022-09-01,2025-08-31,1049387
101213413,2025-01-01,2027-12-31,750000
101096946,2022-12-01,2025-11-30,"2317385,63"
101075620,2022-09-01,2025-08-31,"962645,94"
101160720,2024-09-01,2028-02-29,"3999783,88"
101160678,2024-12-01,2027-11-30,"4999422,5"
101075400,2022-09-01,2025-08-31,"999546,25"
101075496,2022-10-01,2026-09-30,"3787065,5"
101189676,2024-12-01,2027-11-30,"9999846,75"
101178146,2025-01-01,2028-12-31,"2999951,25"
101096691,2023-01-01,2027-12-31,"29632076,48"
101177807,2025-04-01,2028-03-31,"2667916,25"
101160667,2024-12-01,2027-11-30,"3998837,5"
101104268,2023-06-01,2027-05-31,"9173068,51"
101118241,2023-07-01,2026-10-31,"8318327,66"
101147546,2024-06-01,2028-05-31,"4659260,26"
101069653,2022-09-01,2025-08-31,"3114868,5"
101060881,2022-09-01,2025-08-31,"4999558,75"
101070560,2022-09-01,2026-08-31,"4274284,38"
101159114,2024-05-01,2027-04-30,1499250
101070072,2022-09-01,2025-02-28,6176036
101135639,2023-12-01,2027-11-30,"6803003,95"
101135359,2024-01-01,2027-12-31,2999990
101188452,2025-01-01,2026-12-31,"999889,75"
101096466,2023-01-01,2025-12-31,5874905
101114305,2023-03-01,2026-08-31,"19980553,75"
101158221,2024-09-01,2026-08-31,"999706,96"
101070120,2022-07-01,2026-06-30,"6317693,5"
101136779,2024-03-01,2028-02-29,"4299899,5"
101134447,2024-09-01,2028-08-31,"6365498,75"
101092686,2022-12-01,2025-11-30,"4201652,5"
101135025,2024-01-01,2026-12-31,"7655707,5"
101119461,2023-10-01,2026-09-30,2914230
101135556,2024-01-01,2026-12-31,"6387631,25"
101135547,2023-12-01,2026-11-30,"7995462,5"
101135770,2024-01-01,2026-12-31,"6732178,75"
101135637,2024-06-01,2027-05-31,"6993207,5"
101120938,2023-10-01,2026-09-30,"5499818,5"
101135724,2024-01-01,2026-12-31,"5603706,25"
101135398,2023-11-01,2027-04-30,"3855687,5"
101092971,2023-01-01,2026-12-31,"2744654,75"
101119489,2023-10-01,2026-09-30,"5497956,5"
101120832,2023-10-01,2027-03-31,"4499331,25"
101119286,2023-10-01,2026-09-30,"8048964,01"
101070347,2022-09-01,2025-08-31,2471780
101135209,2024-01-01,2026-12-31,"7633114,13"
101070328,2022-10-01,2025-09-30,"3978056,93"
101135701,2023-11-01,2026-10-31,2000000
101092901,2023-01-01,2026-12-31,"2999787,5"
101134927,2024-01-01,2026-12-31,"2998417,77"
101180994,2024-11-01,2028-04-30,4499160
101131588,2024-01-01,2026-12-31,"2002189,65"
101086523,2022-12-01,2025-11-30,4000000
101101504,2023-01-01,2025-12-31,"2497013,75"
101079303,2022-11-01,2025-10-31,1499011
101137575,2024-01-01,2026-12-31,"1499431,25"
101060813,2022-09-01,2027-08-31,"3125324,24"
101157636,2024-09-01,2028-08-31,"6532131,25"
101069676,2022-05-01,2025-04-30,"2999886,25"
101069838,2022-09-01,2025-08-31,"6371048,5"
101061185,2022-09-01,2026-08-31,3464443
101147463,2024-09-01,2028-08-31,4999285
101138105,2024-01-01,2027-12-31,"9999720,01"
101056875,2022-10-01,2026-09-30,"5995237,3"
101084201,2022-12-01,2026-11-30,"13628428,5"
101075408,2022-10-01,2025-09-30,"599528,5"
101101498,2023-01-01,2026-12-31,"3982104,5"
101086667,2022-12-01,2027-11-30,2500000
101069656,2022-04-01,2023-11-30,"999812,5"
101147310,2024-05-01,2028-04-30,"7506337,43"
101091623,2023-01-01,2025-12-31,"5601668,75"
101192350,2025-01-01,2028-06-30,"2499812,5"
101075672,2023-01-01,2026-12-31,"4393517,5"
101137206,2024-01-01,2026-12-31,"2999958,75"
101094326,2023-02-01,2026-01-31,"2656488,75"
101074088,2022-07-01,2025-06-30,"377218,75"
101057292,2022-10-01,2027-09-30,"4483530,5"
101080651,2023-04-01,2028-03-31,"6975977,5"
101194046,2024-09-01,2025-01-31,298250
101095540,2023-01-01,2026-12-31,"6221606,25"
101136659,2024-01-01,2028-06-30,6283534
101057548,2022-09-01,2027-08-31,6932308
101095359,2023-01-01,2026-12-31,"6334803,75"
101057665,2022-10-01,2027-09-30,"7290778,13"
101217685,2025-01-01,2025-06-30,300000
101132808,2023-10-01,2026-09-30,"8808922,5"
101156500,2025-01-01,2028-12-31,"5935974,33"
101095436,2022-12-01,2027-05-31,"9997593,5"
101145822,2024-04-01,2028-09-30,4371990
101076383,2023-04-01,2026-03-31,"4893418,25"
101156542,2025-01-01,2029-12-31,"11000246,75"
101132862,2023-11-01,2027-10-31,6524420
101160139,2025-01-01,2029-06-30,"5297181,25"
101137129,2023-11-01,2033-10-31,"100575465,38"
101057746,2022-10-01,2027-09-30,"4592114,75"
101145734,2024-10-01,2029-03-31,4999200
101104432,2023-05-01,2027-04-30,"5199479,25"
101093997,2023-01-01,2028-12-31,6771571
101156162,2025-01-01,2029-06-30,"7988082,73"
101165643,2024-10-01,2029-09-30,"8499555,5"
101057114,2022-09-01,2027-08-31,"6935380,75"
101080204,2023-05-01,2027-04-30,"7216213,75"
101057059,2022-11-01,2027-10-31,"5925462,5"
101095616,2023-01-01,2026-12-31,4291236
101136244,2024-01-01,2028-12-31,"7008941,25"
101156311,2025-01-01,2029-12-31,"7998991,01"
101112066,2023-05-01,2028-04-30,17660955
101104582,2023-05-01,2028-04-30,"6135176,25"
101137170,2024-01-01,2028-12-31,6207365
101103195,2023-07-01,2026-06-30,"599947,5"
101137235,2023-12-01,2028-11-30,"7103102,5"
101103089,2023-07-01,2026-06-30,"3553502,25"
101056814,2022-04-01,2024-03-31,1999518
101057367,2022-06-01,2027-05-31,5952245
101167138,2024-05-01,2029-10-31,35000000
101094099,2023-01-01,2028-12-31,"7451043,75"
101094938,2022-12-01,2026-11-30,4966716
101103296,2023-07-01,2026-06-30,600000
101137183,2023-12-01,2027-11-30,7439560
101057250,2022-06-01,2025-05-31,5999381
101145644,2024-04-01,2027-03-31,"769496,25"
101095635,2023-01-01,2027-12-31,7447875
101057695,2022-06-01,2027-05-31,9996695
101132356,2023-11-01,2027-10-31,"8449326,38"
101160339,2024-12-01,2028-11-30,"5736729,64"
101145764,2025-01-01,2026-12-31,"1811067,5"
101057482,2022-10-01,2027-09-30,7235023
101136502,2024-04-01,2029-03-31,8000000
101057726,2022-09-01,2027-08-31,7294249
101136516,2023-12-01,2026-11-30,3999250
101159665,2025-01-01,2027-12-31,"5078815,5"
101080784,2023-09-01,2028-08-31,"6881714,99"
101095432,2023-12-01,2028-11-30,13378057
101137207,2023-12-01,2027-11-30,5442312
101095052,2022-12-01,2027-11-30,"9197602,5"
101057553,2022-06-01,2026-05-31,"6549673,69"
101127811,2023-02-15,2023-10-14,300000
101057721,2022-09-01,2026-08-31,2812437
101155885,2025-01-01,2028-12-31,"7286252,25"
101136549,2024-01-01,2027-12-31,"5907679,88"
101136582,2024-01-01,2028-12-31,7185361
101132943,2024-01-01,2027-12-31,2687970
101159996,2024-12-01,2028-05-31,"3613287,5"
101137340,2024-01-01,2026-12-31,"5999517,5"
101159345,2025-03-01,2028-08-31,"3944941,38"
101136962,2024-01-01,2027-12-31,7601770
101145783,2024-07-01,2027-06-30,1148180
101145732,2024-06-01,2027-05-31,1000000
101094323,2023-01-01,2025-12-31,4208360
101095720,2023-01-01,2025-12-31,1999990
101095528,2023-01-01,2026-12-31,"2501406,75"
101103140,2023-07-01,2026-06-30,"4665192,5"
101057514,2022-09-01,2027-08-31,4773470
101080327,2024-01-01,2029-12-31,"7584852,13"
101195146,2024-08-01,2027-07-31,1250000
101080250,2023-11-01,2028-10-31,8131295
101095387,2022-12-01,2026-11-30,6341765
101095470,2023-01-01,2026-12-31,"7126243,75"
101104360,2023-06-01,2028-05-31,6578064
101080251,2023-07-01,2028-12-31,5999510
101080189,2023-11-01,2028-10-31,"4093462,5"
101095611,2023-01-01,2025-12-31,"2913886,26"
101104574,2023-06-01,2028-05-31,7185663
101145795,2024-07-01,2027-06-30,2920255
101136358,2024-01-01,2027-12-31,"3667023,75"
101103191,2023-04-01,2027-03-31,"3984316,25"
101137419,2024-01-01,2028-12-31,"7999838,75"
101137132,2024-01-01,2027-12-31,5999360
101191804,2025-01-01,2028-12-31,"7459148,75"
101081290,2022-08-01,2026-07-31,35000000
101137233,2024-01-01,2027-12-31,"6806755,76"
101080243,2023-05-01,2029-04-30,"5623326,46"
101104684,2023-04-01,2028-03-31,"5998839,75"
101104657,2023-07-01,2028-06-30,"5999764,58"
101097079,2022-12-01,2026-11-30,"6043547,19"
101172825,2024-10-01,2029-09-30,"14791678,93"
101103306,2023-05-01,2027-04-30,4234052
101056883,2022-09-01,2026-08-31,7368144
101095430,2023-01-01,2026-12-31,3999281
101136424,2024-01-01,2027-12-31,7532870
101095516,2023-01-01,2026-02-28,4998750
101057554,2022-06-01,2027-05-31,9188294
101104801,2023-05-01,2028-04-30,"5577693,5"
101103174,2023-07-01,2027-06-30,"4998433,25"
101157327,2024-09-01,2028-08-31,"7937485,13"
101094218,2023-11-01,2027-10-31,6146725
101191315,2024-11-01,2029-10-31,"7999992,5"
101095461,2023-01-01,2026-12-31,"2149813,75"
101103640,2023-01-01,2025-12-31,2953000
101094639,2023-01-01,2026-12-31,"2765718,75"
101095606,2022-12-01,2026-11-30,3397611
101057821,2022-09-01,2026-08-31,5997312
101104390,2023-06-01,2027-05-31,"6930111,25"
101191666,2025-01-01,2029-12-31,"7949326,25"
101160299,2024-10-01,2028-03-31,4352355
101095594,2023-01-01,2024-12-31,"1972260,75"
101145817,2025-01-01,2026-12-31,"981469,25"
101136376,2025-01-01,2029-12-31,"19992182,84"
101145612,2024-07-01,2026-12-31,"2337586,25"
101057477,2022-05-01,2024-04-30,2791350
101145722,2024-04-01,2029-03-31,"3205161,25"
101103843,2023-06-01,2028-05-31,4971875
101057390,2022-11-01,2026-10-31,8925241
101080562,2023-05-01,2027-04-30,5999340
101103188,2023-06-01,2028-05-31,"5499097,5"
101145599,2024-04-01,2027-03-31,"999315,35"
101195102,2024-10-01,2026-09-30,"1299993,75"
101057668,2022-09-01,2026-08-31,5922396
101156266,2025-01-01,2029-12-31,"10921114,68"
101103241,2023-06-01,2025-05-31,"514961,25"
101094195,2023-10-01,2026-09-30,"5535951,25"
101057091,2023-01-01,2027-12-31,8691755
101112145,2023-05-01,2028-04-30,6069750
101103307,2023-07-01,2026-06-30,599000
101137149,2024-01-01,2028-12-31,"5728110,5"
101094804,2024-01-01,2026-12-31,"2252746,25"
101057524,2022-09-01,2025-08-31,"4380708,25"
101158797,2025-01-01,2029-12-31,4808065
101136380,2024-07-01,2028-06-30,"3086598,08"
101104469,2023-05-01,2028-04-30,"6823071,25"
101080756,2024-01-01,2027-06-30,"6937771,25"
101137242,2024-01-01,2027-12-31,"6864578,5"
101145815,2024-07-01,2027-06-30,"926152,5"
101080523,2023-04-01,2028-03-31,5686450
101136318,2024-01-01,2027-12-31,"4488718,75"
101137315,2024-01-01,2029-12-31,8363555
101095672,2023-01-01,2025-12-31,5808740
101137157,2023-12-01,2027-11-30,"7666548,75"
101137244,2024-07-01,2028-06-30,"5687783,75"
101095712,2023-12-01,2026-11-30,"2122287,5"
101057825,2022-06-01,2026-05-31,4998776
101156165,2025-01-01,2029-12-31,"6999931,25"
101074135,2022-05-01,2027-04-30,"1499317,5"
101096362,2023-01-01,2026-12-31,10607311
101057062,2022-09-01,2026-08-31,7720615
101103189,2023-07-01,2028-06-30,"4001936,25"
101191739,2025-01-01,2029-12-31,"7285043,75"
101057309,2022-06-01,2027-05-31,6494092
101156763,2025-01-01,2028-12-31,"8152256,84"
101057279,2022-06-01,2029-05-31,"2886726,75"
101103283,2023-04-01,2027-03-31,5299965
101194766,2024-11-01,2029-10-31,"10729428,06"
101137507,2024-01-01,2027-12-31,"5680125,94"
101095424,2023-01-01,2026-12-31,"4956805,87"
101132933,2024-01-01,2028-12-31,12090250
101145769,2024-01-01,2025-12-31,"1499996,25"
101191649,2025-01-01,2028-12-31,"7964893,25"
101103078,2023-07-01,2026-12-31,4531137
101169088,2024-03-01,2025-02-28,300000
101137201,2024-01-01,2028-12-31,7054563
101080052,2022-10-01,2025-03-31,4983648
101156514,2025-01-01,2029-12-31,"8501477,32"
101103299,2023-05-01,2025-10-31,"1155462,5"
101136262,2023-12-01,2027-05-31,9553530
101095245,2022-12-01,2026-11-30,"6953003,5"
101137169,2023-12-01,2028-05-31,"6884782,5"
101095353,2023-01-01,2026-12-31,6999425
101080692,2023-06-01,2027-05-31,"7567787,5"
101195465,2024-08-01,2027-01-31,"1263076,25"
101057509,2022-11-01,2027-10-31,9584298
101155807,2025-01-01,2029-12-31,"7430426,5"
101057251,2022-10-01,2027-09-30,"6468604,28"
101156541,2024-12-01,2030-11-30,"6990668,8"
101137223,2024-01-01,2028-12-31,"3871498,75"
101134778,2023-04-01,2023-12-31,300000
101195540,2024-10-01,2027-03-31,"1371783,75"
101121092,2023-09-01,2028-02-29,"1814337,5"
101094685,2023-10-01,2027-09-30,2999600
101137383,2024-01-01,2027-12-31,"6348099,88"
101103217,2023-06-01,2026-05-31,"599637,5"
101103171,2023-05-01,2027-04-30,"4999170,25"
101195270,2024-10-15,2026-04-14,1430875
101103332,2023-06-01,2026-05-31,600000
101194676,2024-08-01,2026-07-31,1260000
101103281,2023-05-01,2026-04-30,"3989909,25"
101057849,2022-10-01,2026-09-30,7747905
101057209,2022-06-01,2025-05-31,4939995
101156566,2025-01-01,2029-12-31,"6999921,91"
101095084,2023-01-01,2026-12-31,6997820
101080267,2023-04-01,2027-03-31,"6071762,5"
101145790,2024-09-01,2027-12-31,"997513,75"
101145740,2024-06-01,2028-11-30,"5191431,44"
101126531,2023-06-01,2028-11-30,70000000
101103655,2023-06-01,2028-05-31,"5486733,75"
101104784,2023-06-01,2026-05-31,"2526618,75"
101145677,2024-04-01,2026-03-31,"1780303,75"
101112153,2023-06-01,2027-05-31,"4783843,75"
101155955,2024-11-01,2028-04-30,"7699219,38"
101159477,2025-01-01,2028-12-31,"5214140,5"
101095542,2022-12-01,2025-11-30,3489625
101057430,2022-09-01,2026-08-31,"6205434,5"
101080875,2023-05-01,2027-04-30,5698475
101145698,2024-11-01,2029-04-30,"4846237,68"
101145812,2025-01-01,2025-12-31,"348247,5"
101136652,2024-01-01,2027-12-31,5925130
101057263,2022-05-01,2026-04-30,5918175
101194735,2025-02-01,2028-01-31,"2329503,75"
101091255,2023-01-01,2027-12-31,6988660
101159220,2025-02-01,2030-01-31,"4062396,23"
101145636,2024-10-01,2029-03-31,"4370387,5"
101135275,2024-06-01,2027-11-30,"9190318,75"
101121288,2023-10-01,2026-09-30,"5984893,75"
101147445,2024-06-01,2027-05-31,"3999476,25"
101119602,2023-11-01,2026-10-31,"4996405,63"
101070473,2022-09-01,2025-08-31,"8406433,95"
101060474,2022-10-01,2025-09-30,"1995969,75"
101147440,2024-06-01,2027-05-31,"1999952,5"
101136829,2024-01-01,2028-04-30,"5998311,75"
101168438,2024-10-01,2027-09-30,"5644566,75"
101070305,2022-10-01,2025-09-30,"3991269,5"
101178306,2025-01-01,2027-12-31,2976860
101092749,2023-01-01,2025-12-31,"8698104,75"
101079237,2023-01-01,2025-12-31,803805
101181982,2025-01-01,2028-12-31,"4618367,5"
101104034,2023-05-01,2027-08-31,"4949386,5"
101060684,2022-09-01,2025-08-31,"4999061,25"
101165889,2024-11-01,2030-10-31,16035533
101059420,2022-09-01,2025-08-31,"2999031,25"
101082089,2022-12-01,2026-11-30,"6992754,31"
101060476,2022-07-01,2025-06-30,"2499277,5"
101159978,2024-07-01,2027-06-30,"1499851,31"
101112064,2022-09-01,2023-12-31,"5995362,13"
101137770,2024-01-01,2026-12-31,"2086683,75"
101112768,2023-09-01,2027-08-31,"6992053,75"
101178789,2025-02-01,2028-01-31,2966625
101084485,2023-01-01,2026-12-31,"4914723,5"
101112274,2023-05-01,2026-04-30,"11582733,37"
101181878,2025-05-01,2029-04-30,"5967518,75"
101135239,2024-01-01,2026-12-31,"1799819,3"
101134878,2024-01-01,2027-12-31,4891830
101079310,2023-01-01,2025-12-31,1106576
101082070,2022-11-01,2026-10-31,6999100
101177706,2025-04-01,2029-03-31,"3798046,62"
101177963,2025-01-01,2027-12-31,2737955
101075659,2022-11-01,2025-10-31,"1999982,5"
101069707,2022-09-01,2026-08-31,"4658546,5"
101138534,2024-01-01,2027-12-31,"6913125,95"
101137131,2024-01-01,2027-12-31,"3930437,5"
101081839,2022-11-01,2026-10-31,"7512996,75"
101070149,2022-10-01,2025-09-30,"4200886,25"
101095146,2023-01-01,2027-12-31,"9242240,51"
101182261,2025-02-01,2028-01-31,"2999756,25"
101083961,2022-11-01,2026-10-31,"11999659,64"
101181589,2025-01-01,2028-12-31,"2999312,25"
101084106,2023-01-01,2026-12-31,6523903
101075602,2022-09-01,2027-02-28,"14999959,75"
101172746,2024-10-01,2028-09-30,"2995997,5"
101059609,2022-09-01,2027-08-31,"9560133,75"
101082611,2022-12-01,2026-11-30,"2882805,75"
101060806,2022-06-01,2025-05-31,"6854936,05"
101136749,2023-12-01,2026-11-30,"6999411,25"
101132439,2023-12-01,2026-11-30,"2948472,5"
101061023,2022-09-01,2026-08-31,"11392817,5"
101138456,2024-01-01,2027-12-31,"5777167,78"
101080923,2023-05-01,2026-10-31,"6018376,25"
101135571,2024-01-01,2027-06-30,"3884248,5"
101096306,2022-12-01,2026-05-31,3476515
101061653,2022-10-01,2026-03-31,"2999991,25"
101181915,2024-11-01,2028-04-30,3425315
101070285,2022-11-01,2025-10-31,3304975
101112541,2023-06-01,2027-05-31,"4498017,5"
101060625,2023-01-01,2026-12-31,"5499973,5"
101084198,2023-09-01,2027-08-31,"4338636,5"
101135005,2024-01-01,2027-12-31,"5499473,25"
101132459,2024-01-01,2027-06-30,"2450313,75"
101132079,2024-02-01,2026-07-31,1069225
101159659,2024-10-01,2027-09-30,"1498026,58"
101101540,2023-02-01,2025-07-31,"1997360,5"
101160662,2024-05-01,2026-04-30,"599996,25"
101104421,2023-04-01,2028-03-31,"5988402,5"
101082048,2022-12-01,2026-11-30,3995749
101132513,2024-02-01,2027-01-31,"2626566,25"
101136548,2024-02-01,2028-01-31,"5996902,5"
101135559,2024-06-01,2028-05-31,"3999970,75"
101172891,2024-10-01,2028-03-31,"2999866,8"
101093939,2023-01-01,2025-12-31,2533536
101059589,2022-09-01,2026-08-31,3997625
101132692,2024-06-01,2027-05-31,2999980
101073945,2022-11-01,2025-06-30,"2752617,5"
101112054,2023-07-01,2028-06-30,"7999937,5"
101157430,2024-10-01,2028-09-30,4999900
101060742,2022-06-01,2025-05-31,"2499167,5"
101079231,2023-01-01,2025-12-31,1220267
101129713,2024-09-01,2028-08-31,"7768776,26"
101081444,2023-06-01,2027-05-31,"5703323,75"
101138562,2024-01-01,2027-12-31,"3896051,25"
101130860,2023-10-02,2026-04-01,"195973,2"
101145638,2024-05-01,2025-04-30,"1539644,56"
101080329,2023-05-01,2028-04-30,"9377421,25"
101177356,2025-01-01,2027-12-31,"3013932,5"
101114673,2023-01-01,2025-12-31,"10515092,5"
101084110,2023-01-01,2026-12-31,4331088
101136670,2024-01-01,2028-12-31,"11389958,75"
101104028,2023-05-01,2026-10-31,4304714
101177204,2025-05-01,2028-04-30,"2615527,5"
101145797,2024-06-01,2029-05-31,"4641691,25"
101137232,2023-12-01,2027-11-30,"3999961,25"
101133964,2024-01-01,2028-12-31,"5998693,75"
101132286,2024-05-01,2027-10-31,"2389322,5"
101084362,2022-11-01,2026-10-31,"4854229,4"
101096309,2023-01-01,2027-12-31,9838840
101132631,2024-02-01,2027-01-31,"2998905,5"
101057604,2023-01-01,2027-12-31,"10868221,25"
101178523,2025-01-01,2028-12-31,"4915442,06"
101061342,2022-10-01,2025-09-30,"2326186,25"
101094346,2023-03-01,2026-02-28,"2998485,99"
101178147,2025-02-01,2028-01-31,"2999642,5"
101060809,2022-10-01,2025-09-30,"2784843,5"
101079113,2023-01-01,2025-12-31,1197550
101079357,2022-10-01,2026-09-30,"2999997,5"
101060455,2022-09-01,2026-08-31,"7004836,25"
101189847,2025-01-01,2028-12-31,"7997691,25"
101136225,2023-12-01,2028-11-30,8999095
101132446,2024-01-01,2026-12-31,"2999951,25"
101138510,2024-04-01,2027-03-31,"1874298,44"
101132610,2024-03-01,2027-02-28,3771900
101092339,2023-01-01,2026-12-31,"11340890,38"
101192936,2025-02-01,2028-07-31,"4932483,62"
101080665,2023-09-01,2027-08-31,2186730
101069529,2022-09-01,2026-02-28,2305696
101147383,2024-06-01,2028-05-31,"4994556,75"
101135484,2024-01-01,2027-12-31,"10398632,46"
101082010,2023-09-01,2027-08-31,"5999686,25"
101146936,2024-07-01,2027-12-31,"5370902,51"
101136349,2025-01-01,2030-12-31,14999495
101192740,2025-01-01,2028-06-30,7752035
101081744,2022-12-01,2025-11-30,3314529
101056946,2022-05-01,2025-04-30,1999773
101070558,2022-10-01,2025-09-30,1247340
101135372,2024-06-01,2028-05-31,"3999853,25"
101093026,2023-01-01,2025-12-31,"4833797,5"
101056783,2022-09-01,2026-08-31,6470974
101135371,2024-01-01,2026-12-31,"3464061,25"
101136096,2023-12-01,2027-05-31,"6003276,25"
101158714,2024-10-01,2027-09-30,"1498558,78"
101095863,2023-01-01,2026-12-31,"7851668,25"
101061738,2023-01-01,2025-12-31,"2313017,5"
101060634,2023-01-01,2026-12-31,"6472231,75"
101094258,2023-03-01,2026-02-28,"2988838,75"
101177413,2024-11-01,2027-10-31,"3985884,79"
101081957,2022-12-01,2026-11-30,"7623032,5"
101091870,2023-01-01,2026-12-31,14846811
101131809,2024-01-01,2026-12-31,"2999679,16"
101136176,2024-01-01,2027-12-31,"4315796,25"
101060428,2022-09-01,2025-08-31,"3766439,5"
101138694,2024-01-01,2026-12-31,"8498001,25"
101133807,2024-01-01,2026-12-31,"6883233,5"
101096224,2023-01-01,2026-12-31,"6992201,5"
101192930,2025-01-01,2028-12-31,"4973686,63"
101121321,2023-09-01,2027-02-28,"5597066,5"
101168272,2025-02-01,2028-01-31,"3746252,5"
101191683,2024-12-01,2028-11-30,"7676743,75"
101157448,2024-05-01,2028-04-30,"7761769,38"
101181712,2025-01-01,2028-12-31,"8999483,59"
101135495,2024-01-01,2027-12-31,4586360
101137629,2024-01-01,2026-12-31,1999585
101059430,2022-10-01,2025-09-30,3718075
101137585,2023-11-01,2026-10-31,"3477606,25"
101138472,2024-01-01,2026-12-31,"4303393,34"
101091936,2023-01-01,2026-12-31,"7316151,63"
101101381,2023-01-01,2025-12-31,1433960
101178144,2024-11-01,2028-10-31,"7291537,27"
101096521,2023-01-01,2026-06-30,"12196763,33"
101078945,2022-10-01,2026-09-30,"2379738,25"
101103834,2023-06-01,2026-05-31,"4416396,75"
101168407,2024-10-01,2027-09-30,"5514912,5"
101094821,2023-01-01,2025-06-30,1429975
101159664,2024-07-01,2027-06-30,"1346362,69"
101070155,2022-11-01,2025-10-31,"2325624,5"
101183654,2024-12-01,2028-11-30,"4998684,82"
101178719,2024-12-01,2028-05-31,"6687619,55"
101059379,2022-09-01,2026-08-31,"3291496,5"
101138475,2024-01-01,2027-12-31,"7498762,5"
101135471,2024-01-01,2027-12-31,"2616327,5"
101094279,2023-03-01,2026-06-30,2701445
101178843,2025-02-01,2028-01-31,"2992438,25"
101056868,2022-06-01,2026-05-31,4999935
101060142,2022-07-01,2025-06-30,1995875
101095480,2023-01-01,2026-12-31,8046250
101057522,2022-05-01,2024-06-30,1999957
101081362,2023-06-01,2027-05-31,4443275
101092281,2023-01-01,2026-12-31,"7651440,75"
101058522,2022-06-01,2026-05-31,11675966
101177405,2025-03-01,2028-02-29,"2999983,75"
101086421,2023-01-01,2026-12-31,4991205
101095219,2023-01-01,2026-12-31,2397725
101123150,2023-11-01,2027-04-30,"5519275,75"
101121192,2023-11-01,2026-10-31,4999874
101080029,2022-09-01,2025-08-31,7367150
101130750,2024-09-01,2026-08-31,"153486,72"
101157886,2024-06-01,2028-05-31,3968226
101057123,2022-09-01,2027-08-31,4883229
101137028,2024-01-01,2028-12-31,"7232386,25"
101057099,2022-09-01,2027-08-31,4674996
101070568,2022-10-01,2025-09-30,3350720
101180598,2025-01-02,2027-01-01,"153486,72"
101139120,2024-01-01,2026-06-30,"3984130,75"
101093274,2023-01-01,2025-12-31,10609150
101079156,2023-01-01,2025-12-31,1499750
101097224,2023-02-01,2026-07-31,"2744319,72"
101079173,2022-12-01,2025-11-30,"1028062,5"
101087147,2023-01-01,2026-12-31,"3720420,5"
101060784,2022-06-01,2025-11-30,8177925
101095188,2023-03-01,2026-02-28,"2999634,5"
101081772,2023-01-01,2025-12-31,816236
101084642,2023-01-01,2026-12-31,"7330589,25"
101137221,2024-01-01,2028-12-31,6249660
101057730,2022-06-01,2026-05-31,5986709
101096342,2023-01-01,2025-12-31,"4999756,25"
101132704,2024-02-01,2027-01-31,"3393717,5"
101135982,2024-04-01,2027-03-31,4628975
101091433,2022-12-01,2025-11-30,4125051
101156867,2024-07-01,2028-06-30,"8059322,75"
101070136,2022-09-01,2026-02-28,4509303
101091934,2023-01-01,2026-12-31,"10104590,5"
101136305,2024-01-01,2028-12-31,8938145
101101967,2023-01-01,2026-06-30,"33323824,24"
101060343,2022-06-01,2025-05-31,"6385883,26"
101084066,2022-11-01,2025-10-31,3306160
101172797,2024-09-01,2027-08-31,"3248488,59"
101137802,2024-01-01,2028-12-31,9995705
101094070,2023-01-01,2026-12-31,8499236
101180565,2025-01-01,2026-12-31,"166278,72"
101079384,2022-11-01,2025-10-31,"1498993,75"
101097026,2023-01-01,2025-12-31,8478000
101081329,2023-09-01,2028-02-29,"5533252,74"
101084284,2023-06-01,2027-05-31,"6097603,75"
101087318,2023-02-01,2028-01-31,"2499062,5"
101120397,2023-06-01,2026-11-30,2981050
101120706,2023-10-01,2027-09-30,"5957949,5"
101090272,2023-06-01,2025-05-31,"150438,72"
101130854,2023-08-01,2025-07-31,"166278,72"
101180679,2025-01-01,2026-12-31,"150438,72"
101130867,2024-08-01,2026-07-31,"166278,72"
101130857,2023-08-01,2026-01-31,"207848,4"
101059266,2022-09-01,2025-08-31,1499124
101090330,2023-01-01,2024-12-31,"150438,72"
101091906,2023-01-01,2026-06-30,"4995848,45"
101095292,2023-01-01,2025-03-31,1584585
101093216,2023-01-01,2025-12-31,"8587126,25"
101139182,2024-01-01,2026-12-31,"3999338,84"
101138449,2024-01-01,2027-12-31,"4999331,25"
101069806,2022-09-01,2026-08-31,"7963993,63"
101094822,2023-09-01,2027-08-31,"3372687,5"
101139949,2023-12-01,2026-11-30,"4495951,63"
101130159,2024-06-01,2028-05-31,"7995710,34"
101135736,2024-01-01,2026-12-31,"4959398,75"
101070222,2022-07-01,2025-06-30,"4280497,5"
101138008,2024-01-01,2027-12-31,9617290
101138269,2023-12-01,2026-11-30,"5999718,75"
101120779,2023-09-01,2026-08-31,"5749637,5"
101190021,2024-12-01,2027-11-30,"4044012,95"
101158432,2024-09-01,2027-08-31,3000000
101168465,2024-11-01,2027-10-31,"4061889,75"
101135775,2024-04-01,2027-03-31,"8991728,75"
101082091,2023-07-01,2028-06-30,"5126293,75"
101121042,2023-10-01,2026-09-30,"7075172,5"
101092176,2023-03-01,2027-02-28,"7710053,53"
101192583,2025-02-01,2028-01-31,7700000
101057747,2022-12-01,2025-11-30,5060562
101112731,2023-09-01,2028-02-29,"19307911,25"
101160145,2024-05-01,2027-04-30,1170375
101093457,2023-01-01,2026-12-31,2999700
101091668,2022-12-01,2026-11-30,"14292022,25"
101112919,2023-12-01,2026-07-31,3096345
101093062,2023-01-01,2025-12-31,"4635818,75"
101121281,2023-09-01,2026-08-31,4720938
101135423,2024-01-01,2026-12-31,5055074
101069573,2022-09-01,2025-08-31,13455866
101177996,2024-10-01,2028-09-30,"9996078,75"
101168349,2024-09-01,2027-08-31,4498744
101060294,2022-09-01,2025-08-31,4886149
101168560,2024-11-01,2027-10-31,"5999688,75"
101093171,2023-01-01,2026-06-30,"4973882,5"
101058540,2022-06-01,2026-05-31,15122601
101168124,2024-09-01,2027-08-31,"3891762,5"
101178897,2024-10-01,2027-09-30,"4669428,75"
101178331,2024-09-01,2027-08-31,5997000
101096333,2023-01-01,2026-12-31,"8497465,63"
101081617,2023-11-01,2026-10-31,"4936472,5"
101070549,2023-01-01,2026-06-30,"4963701,75"
101097036,2023-01-01,2026-12-31,12972076
101082265,2023-06-01,2027-05-31,"5984641,01"
101182350,2025-01-01,2028-06-30,4998325
101181692,2024-11-01,2027-10-31,3000000
101093013,2023-01-01,2026-06-30,4995910
101137971,2024-04-01,2027-03-31,2019271
101192721,2025-01-01,2027-12-31,"4726893,44"
101069682,2022-09-01,2025-08-31,"7689022,88"
101096110,2023-01-01,2025-12-31,4756585
101064988,2022-09-01,2025-08-31,"3759723,75"
101070581,2022-09-01,2026-02-28,5999935
101104777,2023-06-01,2026-11-30,"7893636,25"
101104618,2023-07-01,2027-06-30,7469250
101172877,2024-09-01,2027-08-31,"5998941,25"
101190051,2024-12-01,2027-05-31,"3997608,45"
101178403,2024-10-01,2028-09-30,"9991828,57"
101146800,2025-01-01,2027-12-31,"3952195,5"
101137615,2024-01-01,2026-12-31,"4008064,66"
101069547,2022-10-01,2025-09-30,8999889
101074048,2022-09-01,2025-08-31,"4439136,25"
101136024,2024-02-01,2027-01-31,"4673541,7"
101178354,2025-01-01,2028-12-31,"7298956,75"
101138643,2024-01-01,2027-12-31,"6688246,24"
101070516,2022-09-01,2025-08-31,8478106
101136583,2024-01-01,2027-06-30,"7999093,75"
101147855,2024-06-01,2027-08-31,"4991148,55"
101092850,2023-01-01,2025-12-31,4079250
101168007,2024-10-01,2027-09-30,"4999776,25"
101132540,2024-03-01,2027-02-28,"2630643,75"
101157942,2025-01-01,2028-12-31,"8499982,63"
101177811,2025-03-01,2028-08-31,"3590091,12"
101073952,2022-12-01,2025-11-30,"4670653,75"
101194278,2025-01-01,2027-06-30,80000000
101160082,2024-09-01,2027-08-31,"1499904,38"
101061483,2022-11-01,2026-10-31,"3999867,25"
101136427,2024-01-01,2026-12-31,"4999382,05"
101095048,2023-02-01,2026-01-31,1872192
101172817,2024-11-01,2028-10-31,"5363194,8"
101078989,2022-12-01,2025-11-30,1489500
101131118,2024-03-01,2028-02-29,9751830
101058457,2022-06-01,2024-05-31,999816
101061155,2022-10-01,2025-09-30,3047221
101158885,2024-09-01,2027-08-31,"1386349,06"
101100680,2023-01-01,2024-12-31,55000000
101071247,2022-10-01,2026-09-30,1999585
101178081,2024-10-01,2028-03-31,"3376892,5"
101069510,2023-01-01,2025-12-31,"7989333,01"
101059546,2022-08-01,2025-07-31,"1499592,5"
101069543,2022-07-01,2025-06-30,4993274
101178027,2025-02-01,2028-07-31,"3990678,3"
101157394,2024-09-01,2028-08-31,"11999872,5"
101082685,2022-10-01,2025-11-30,"1798888,28"
101135183,2024-01-01,2026-12-31,"5597915,18"
101157560,2024-10-01,2028-09-30,"5997613,75"
101056866,2023-01-01,2026-12-31,3803168
101060483,2023-01-01,2026-12-31,"10427094,25"
101132580,2024-02-01,2027-07-31,"3618782,5"
101177281,2024-09-01,2027-08-31,"2065080,01"
101059950,2022-08-01,2025-07-31,3692800
101096925,2023-01-01,2025-12-31,5996896
101132643,2024-02-01,2027-01-31,"2774812,5"
101156751,2024-12-01,2028-11-30,"6552184,1"
101114732,2023-06-01,2026-05-31,"6353582,42"
101073928,2022-10-01,2025-09-30,"2996141,25"
101134977,2024-04-01,2028-03-31,"2999999,99"
101134874,2024-03-01,2029-02-28,5434000
101181890,2024-11-01,2028-10-31,"4873758,43"
101096949,2023-01-01,2026-06-30,"5892962,55"
101102008,2023-01-01,2026-12-31,"25446502,62"
101119547,2023-09-01,2026-08-31,"4935859,5"
101157865,2024-06-01,2028-11-30,11953115
101188256,2025-01-01,2027-12-31,"7987496,88"
101070250,2022-09-01,2025-08-31,8331200
101096473,2023-01-01,2026-12-31,13516869
101167070,2024-09-01,2027-02-28,"1612187,5"
101167442,2024-06-01,2026-11-30,1940625
101057048,2022-09-01,2026-08-31,8190468
101056836,2022-06-01,2025-11-30,6417721
101096457,2023-01-01,2026-12-31,"4993106,96"
101103740,2023-06-01,2026-05-31,"3522881,25"
101172872,2024-09-01,2029-08-31,12438775
101135861,2023-11-01,2026-04-30,1996450
101135437,2023-12-01,2026-11-30,"4969471,25"
101070786,2022-09-01,2024-08-31,499968
101114765,2023-09-01,2026-02-28,1929486
101093126,2023-01-01,2025-12-31,5543925
101160724,2024-07-01,2027-12-31,"2999970,75"
101132847,2023-12-01,2028-11-30,"10313760,5"
101058651,2022-09-01,2026-08-31,11432610
101114683,2023-07-01,2026-06-30,"3809499,59"
101139711,2024-01-01,2027-12-31,13227485
101079485,2023-01-01,2025-12-31,952750
101137552,2024-01-01,2027-12-31,"5113069,95"
101139068,2024-01-01,2026-06-30,"3999956,5"
101095363,2023-01-01,2025-12-31,"5999998,75"
101135576,2024-01-01,2026-12-31,"5790541,76"
101192521,2025-01-01,2027-06-30,7999603
101095890,2023-01-01,2025-06-30,5681350
101187961,2025-01-01,2027-12-31,"749962,5"
101112869,2023-06-01,2027-05-31,5344250
101059794,2022-07-01,2026-06-30,"3667138,25"
101134991,2024-01-01,2027-12-31,4000000
101082081,2022-12-01,2027-11-30,"7969963,5"
101145592,2024-01-01,2025-12-31,3200000
101086563,2023-01-01,2025-12-31,2996460
101134051,2024-03-01,2028-02-29,"2997568,75"
101060382,2022-08-01,2029-07-31,"15002553,75"
101135263,2024-01-01,2027-12-31,"6931666,25"
101086600,2022-12-01,2025-11-30,2989515
101133398,2024-01-01,2026-12-31,"3499534,54"
101060765,2022-09-01,2025-08-31,2674508
101070009,2022-09-01,2026-02-28,4789661
101096479,2023-01-01,2025-12-31,"4797967,64"
101191436,2025-01-01,2027-12-31,"7998984,5"
101096573,2023-01-01,2025-12-31,"5942337,12"
101166707,2025-01-01,2028-12-31,7742500
101192650,2025-01-01,2027-12-31,"7978392,01"
101120276,2023-10-01,2026-09-30,"2988331,76"
101178059,2024-12-01,2029-11-30,19994307
101070321,2022-09-01,2025-08-31,2078673
101070115,2022-09-01,2026-08-31,2400141
101074008,2023-01-01,2025-12-31,"5025076,25"
101138730,2024-01-01,2026-12-31,"4157410,26"
101135475,2023-12-01,2026-11-30,"4508355,4"
101076810,2022-10-01,2026-03-31,23030095
101112306,2023-05-01,2026-04-30,"10760581,18"
101177912,2024-10-01,2027-09-30,"2999882,5"
101070122,2022-09-01,2025-08-31,"4845985,75"
101140087,2024-06-01,2027-05-31,"9692779,02"
101136840,2023-12-01,2028-11-30,5749950
101097296,2023-01-01,2025-12-31,"24654191,76"
101137604,2024-01-01,2026-12-31,2495480
101120406,2023-10-01,2027-09-30,7737900
101057510,2022-05-01,2026-04-30,7550974
101194785,2025-02-01,2030-01-31,14979063
101147267,2024-05-01,2028-04-30,"4083377,47"
101194744,2025-01-01,2028-12-31,13542420
101158492,2024-09-01,2027-08-31,"1499197,41"
101070144,2022-10-01,2026-03-31,4970860
101138488,2024-01-01,2026-12-31,3496729
101061336,2022-11-01,2026-10-31,4099296
101075596,2022-11-01,2026-04-30,"3281788,5"
101137416,2023-12-01,2028-11-30,"9990566,25"
101061729,2022-10-01,2025-09-30,2260671
101112089,2023-05-01,2026-04-30,"17935924,32"
101058523,2022-06-01,2025-05-31,"7216931,25"
101076754,2022-11-01,2025-10-31,"5999547,5"
101135245,2024-01-01,2026-12-31,"2499718,56"
101092021,2022-12-01,2025-11-30,"5999986,25"
101092096,2023-01-01,2026-06-30,"2284932,5"
101084251,2022-11-01,2026-10-31,12950825
101079473,2022-09-01,2025-08-31,"1492927,5"
101079242,2022-10-01,2025-09-30,1462364
101177779,2025-01-01,2027-12-31,"3863154,62"
101147737,2024-09-01,2028-08-31,"3797326,25"
101095634,2023-01-01,2025-12-31,"5633087,5"
101188337,2025-09-01,2028-12-31,"6999213,75"
101137148,2024-01-01,2028-12-31,"6999983,25"
101080229,2023-11-01,2028-10-31,6952110
101136566,2024-01-01,2027-12-31,6488875
101095653,2023-10-01,2028-09-30,9600663
101188158,2025-04-01,2028-03-31,8999960
101057302,2022-07-01,2027-06-30,6846157
101132215,2024-01-01,2026-12-31,"1498076,69"
101129822,2024-02-01,2027-01-31,"4999200,97"
101057690,2022-09-01,2025-08-31,9038530
101131959,2024-01-01,2026-12-31,"4887932,36"
101137057,2024-01-01,2026-06-30,"3903826,25"
101156370,2024-11-01,2029-04-30,"7928632,83"
101057917,2022-10-01,2026-09-30,6754010
101137033,2024-01-01,2027-12-31,"7755341,25"
101136570,2025-01-01,2030-12-31,15000000
101095619,2023-01-01,2026-12-31,"2420929,75"
101080611,2023-05-01,2027-04-30,"7999851,75"
101137317,2023-12-01,2026-11-30,"2999957,5"
101112022,2023-10-01,2028-03-31,"9942458,81"
101057318,2022-09-01,2027-08-31,5010638
101145675,2024-06-01,2027-05-31,3435775
101057778,2022-05-01,2026-10-31,5387557
101115188,2022-08-05,2026-08-04,"11999999,3"
101156353,2025-01-01,2029-12-31,"9309879,82"
101136926,2024-01-01,2027-12-31,"8547711,5"
101136365,2024-01-01,2028-12-31,"6198302,5"
101057659,2022-09-01,2027-08-31,6532000
101137192,2024-01-01,2028-06-30,"7459253,75"
101137459,2024-01-01,2028-12-31,"7951515,75"
101165912,2025-01-01,2029-12-31,8500000
101069496,2022-09-01,2023-11-30,2989634
101191595,2024-12-01,2027-05-31,1977390
101095679,2022-12-01,2026-11-30,"6721927,28"
101145712,2025-01-01,2026-12-31,2497565
101080465,2023-05-01,2028-04-30,9569018
101080690,2023-06-01,2027-05-31,6553472
101137464,2023-12-01,2028-11-30,"9993416,25"
101103204,2023-07-01,2028-06-30,8000000
101058554,2022-09-01,2026-08-31,4699068
101156555,2025-01-01,2032-06-30,"6999998,95"
101145696,2024-10-01,2030-12-31,1500000
101079256,2022-11-01,2025-10-31,1339205
101172870,2024-11-01,2027-10-31,2660034
101137586,2024-01-01,2029-12-31,"19996911,75"
101135000,2024-01-01,2026-12-31,"2996289,69"
101167964,2024-11-01,2027-10-31,"3133964,75"
101123321,2023-10-01,2026-09-30,3912068
101084259,2022-11-01,2025-10-31,"13490668,75"
101160663,2025-01-01,2028-12-31,"2972802,75"
101160022,2024-06-01,2027-05-31,1499875
101146932,2024-12-01,2028-11-30,"1916760,63"
101212737,2025-01-15,2027-01-14,1500000
101136056,2024-01-01,2027-12-31,7954760
101147342,2024-06-01,2027-05-31,"4749117,5"
101073951,2022-11-01,2025-04-30,"6489798,75"
101101469,2023-02-01,2025-01-31,999995
101091502,2023-01-01,2026-06-30,"11024752,5"
101139788,2024-05-01,2027-04-30,"23394912,3"
101189723,2024-12-01,2028-11-30,"9998955,13"
101073795,2022-10-01,2025-09-30,"4202787,5"
101059359,2021-10-01,2023-03-31,300000
101192194,2025-01-01,2027-12-31,2999947
101061007,2022-09-01,2025-02-28,1999922
101070176,2022-10-01,2025-09-30,"4030723,75"
101069743,2022-08-01,2026-07-31,"8176209,75"
101189679,2024-12-01,2027-11-30,"4899978,06"
101102278,2023-06-01,2026-05-31,"4994173,75"
101138387,2024-01-01,2027-12-31,"7150334,25"
101069740,2022-06-01,2026-05-31,13986960
101172945,2025-01-01,2028-12-31,"2999389,36"
101172902,2025-01-01,2028-12-31,"12052018,1"
101069612,2022-09-01,2026-08-31,5415727
101091687,2022-12-01,2026-05-31,"4700233,5"
101136094,2023-11-01,2026-10-31,"5247990,98"
101111899,2023-06-01,2028-05-31,20000000
101192392,2025-01-01,2027-12-31,"1499976,56"
101096324,2023-01-01,2026-12-31,7870268
101095448,2023-01-01,2025-12-31,4792365
101096954,2023-01-01,2025-12-31,"8404533,38"
101156771,2025-01-01,2029-12-31,"9941527,86"
101146861,2024-05-01,2028-04-30,"3965334,75"
101103706,2023-05-01,2026-10-31,4910972
101056853,2022-06-01,2026-03-31,6657528
101168360,2024-11-01,2027-10-31,3663143
101177608,2024-11-01,2028-10-31,"14458039,77"
101069508,2022-09-01,2026-08-31,7999555
101084124,2022-12-01,2025-11-30,5115876
101182081,2025-01-01,2027-12-31,4823645
101137006,2024-01-01,2027-12-31,"7678197,75"
101139785,2024-06-01,2027-05-31,"24126877,19"
101163752,2024-10-01,2028-09-30,7640768
101058587,2022-10-01,2025-09-30,"3794373,75"
101061251,2022-09-01,2024-10-31,1821166
101058076,2022-06-01,2026-05-31,4431115
101091911,2023-01-01,2026-06-30,"5482007,25"
101070168,2022-10-01,2025-09-30,"1941172,5"
101095661,2023-11-01,2026-10-31,2855645
101112055,2023-06-01,2027-05-31,"5295799,25"
101079510,2022-10-01,2025-09-30,"1499512,5"
101094354,2023-01-01,2025-12-31,3000000
101139941,2024-09-01,2027-08-31,"12008241,73"
101060090,2022-06-01,2027-05-31,"249998,75"
101121282,2023-11-01,2026-10-31,"4536682,5"
101103708,2023-06-01,2027-05-31,"4915350,5"
101136140,2024-01-01,2027-12-31,"6998983,13"
101074235,2022-03-01,2022-11-30,100000
101138503,2024-01-01,2026-12-31,"6999848,75"
101070670,2022-07-01,2025-06-30,4392540
101160387,2024-06-01,2027-05-31,1198865
101135763,2024-01-01,2027-06-30,"3548416,75"
101192649,2025-01-01,2027-12-31,"4999502,5"
101111896,2023-05-01,2026-10-31,"13192725,45"
101145952,2023-11-01,2025-10-31,1249820
101187937,2025-02-01,2028-01-31,2999895
101139130,2024-01-01,2026-12-31,"3999728,25"
101069910,2023-01-01,2026-12-31,"7995015,47"
101070192,2022-09-01,2025-08-31,"7997197,25"
101135959,2024-01-01,2027-12-31,"7146256,25"
101101433,2023-02-01,2026-01-31,"2748608,5"
101121258,2023-10-01,2026-09-30,"5561035,25"
101111904,2023-06-01,2026-05-31,3487156
101147533,2024-12-01,2028-11-30,"7588475,63"
101137185,2024-01-01,2028-12-31,8972900
101135704,2024-01-01,2026-12-31,"5204281,88"
101080897,2023-06-01,2028-05-31,"5605576,25"
101070396,2022-09-01,2025-08-31,"3741382,25"
101079469,2022-10-01,2025-09-30,1500000
101084288,2022-11-01,2027-10-31,"10361053,13"
101157363,2024-10-01,2027-09-30,"1483246,42"
101121329,2023-11-01,2026-10-31,4268160
101103752,2023-05-01,2027-04-30,"4798586,25"
101192732,2025-02-01,2028-07-31,"7499448,25"
101070679,2022-10-01,2025-09-30,"8822235,5"
101056939,2022-09-01,2026-08-31,7999426
101103450,2023-06-01,2026-11-30,5999983
101057622,2022-06-01,2025-05-31,7317777
101069865,2022-07-01,2026-06-30,8906936
101137626,2024-12-01,2028-05-31,"5997359,13"
101123238,2023-10-01,2027-09-30,"8189865,05"
101164744,2024-09-01,2026-08-31,"1049293,75"
101134891,2024-06-01,2027-05-31,"4943399,26"
101130874,2024-09-01,2026-08-31,"171399,36"
101057394,2022-04-01,2025-03-31,7503545
101061359,2022-10-01,2026-09-30,1161136
101132291,2023-06-01,2025-05-31,"156778,56"
101137889,2024-01-01,2027-06-30,"2498813,25"
101175702,2024-09-01,2027-02-28,"26916520,51"
101121167,2024-01-01,2026-12-31,"5722012,5"
101139232,2024-01-01,2026-12-31,"3174154,88"
101095902,2023-02-01,2026-01-31,"4987277,25"
101058625,2022-09-01,2025-08-31,4500000
101096033,2023-01-01,2026-12-31,6193128
101192000,2025-01-01,2027-03-31,3910279
101060884,2022-10-01,2025-09-30,"3954797,5"
101069987,2022-05-01,2024-09-30,"2874247,5"
101194784,2025-01-01,2029-12-31,"13615935,25"
101182935,2025-01-01,2029-12-31,"3999982,04"
101136822,2024-02-01,2029-01-31,"4966092,56"
101134993,2024-01-01,2027-12-31,4000000
101096452,2023-01-01,2025-12-31,"11011735,63"
101095811,2023-01-01,2025-03-31,2908473
101192633,2025-01-01,2027-12-31,"12089420,75"
101172757,2024-10-01,2027-09-30,"5997687,5"
101157371,2024-06-01,2026-05-31,1964515
101168067,2024-10-01,2027-09-30,4316775
101187121,2025-01-01,2028-12-31,"5998806,25"
101073924,2022-10-01,2025-09-30,"3674111,25"
101160652,2024-06-01,2027-05-31,2989600
101130796,2023-11-01,2025-10-31,148488
101058569,2022-09-01,2025-08-31,1749035
101156653,2024-11-01,2028-10-31,5999552
101192080,2025-01-01,2027-12-31,7998705
101131701,2024-01-01,2026-12-31,3999955
101136291,2024-03-01,2028-02-29,"5999561,25"
101095253,2023-05-01,2026-10-31,3999287
101078890,2023-01-01,2025-12-31,"1005353,54"
101159116,2024-10-01,2027-09-30,"1499993,75"
101094818,2023-01-01,2025-12-31,"3991121,25"
101094853,2023-09-01,2026-08-31,"1446771,25"
101081728,2022-12-01,2026-11-30,3994707
101079001,2023-01-01,2025-12-31,"1091346,25"
101094648,2023-01-01,2025-12-31,1999635
101079379,2023-01-01,2025-12-31,1494375
101079196,2023-01-01,2025-12-31,1500000
101158370,2024-09-01,2026-08-31,"999995,32"
101168499,2024-09-01,2027-08-31,"3808562,5"
101094902,2023-01-01,2025-03-31,1319375
101069694,2022-06-01,2025-11-30,"6954062,5"
101135826,2024-01-01,2027-06-30,8995540
101070599,2023-01-01,2025-12-31,4581135
101131910,2024-01-01,2026-12-31,2418300
101058471,2022-09-01,2025-08-31,1726898
101130825,2024-09-01,2026-08-31,164328
101172819,2024-09-01,2027-08-31,"5364062,5"
101148123,2024-05-01,2027-04-30,3999850
101075747,2022-10-01,2025-09-30,1990265
101136734,2023-12-01,2026-11-30,"7803632,5"
101159727,2024-10-01,2027-09-30,"1490675,01"
101075714,2022-10-01,2025-09-30,"7335337,5"
101057739,2022-09-01,2027-02-28,9996777
101095444,2023-01-01,2027-12-31,3961639
101172788,2024-10-01,2029-09-30,"14130974,75"
101057182,2022-06-01,2027-05-31,8107980
101057454,2022-10-01,2027-09-30,10276440
101057529,2022-10-01,2027-09-30,"10906409,75"
101140216,2024-09-01,2027-08-31,"5880267,52"
101057036,2022-05-01,2024-09-30,990432
101103201,2023-07-01,2028-06-30,7168901
101195533,2024-08-01,2027-07-31,"1599327,5"
101136531,2023-12-01,2026-11-30,3000000
101145811,2024-06-01,2028-11-30,"5081593,75"
101057844,2022-06-01,2025-11-30,7518062
101082015,2023-11-01,2027-10-31,3601443
101092365,2023-01-01,2026-06-30,"11145398,63"
101059232,2022-07-01,2026-06-30,"5015233,25"
101093008,2023-01-01,2026-06-30,4999301
101092697,2023-01-01,2026-06-30,"4999821,25"
101189654,2024-12-01,2028-11-30,"3912593,75"
101182923,2024-11-01,2029-10-31,4998670
101119714,2023-10-01,2027-03-31,"2957356,25"
101135845,2024-01-01,2027-12-31,5947868
101192091,2025-01-01,2028-12-31,"2933107,5"
101192075,2025-01-01,2027-12-31,"3995403,18"
101181825,2025-01-01,2028-12-31,5995160
101096772,2022-12-01,2025-11-30,"21859931,81"
101096884,2023-02-01,2026-01-31,"9147368,02"
101185000,2025-01-01,2028-12-31,"9874252,5"
101069688,2022-09-01,2025-08-31,"5656643,75"
101136348,2024-01-01,2027-12-31,"5916977,5"
101060991,2022-07-01,2026-06-30,"8554800,75"
101083748,2022-11-01,2025-10-31,2594660
101137466,2023-12-01,2028-11-30,"8370156,75"
101084569,2022-11-01,2026-10-31,"2995457,5"
101132497,2024-02-01,2027-01-31,"2798323,75"
101157265,2024-06-01,2027-11-30,"6497816,14"
101071270,2022-07-01,2025-06-30,1969761
101083481,2023-01-01,2026-12-31,"4643196,24"
101131706,2024-02-01,2027-01-31,"2999343,75"
101172905,2024-10-01,2028-09-30,7996175
101137423,2024-07-01,2028-12-31,"8091327,5"
101082636,2023-01-01,2025-12-31,2239400
101147102,2024-06-01,2028-05-31,"4999393,01"
101157552,2024-09-01,2026-08-31,"940327,75"
101082679,2023-01-01,2025-12-31,1507925
101121280,2024-01-01,2026-12-31,"5379412,05"
101070830,2022-10-01,2024-09-30,"499195,72"
101156076,2024-09-01,2028-08-31,8448545
101157411,2024-09-01,2028-08-31,"4878092,5"
101073954,2022-10-01,2026-09-30,"4701636,25"
101139155,2024-01-01,2026-12-31,"4653960,3"
101182917,2025-01-01,2027-12-31,"18999999,25"
101104182,2023-06-01,2027-05-31,3988016
101159989,2024-05-01,2027-04-30,1467875
101139972,2024-05-01,2027-04-30,"23948076,88"
101086578,2023-02-01,2027-01-31,3003645
101082634,2023-02-01,2026-01-31,2248116
101079119,2022-11-01,2025-10-31,1496875
101092077,2023-11-01,2026-10-31,"2999743,5"
101136533,2024-03-01,2027-02-28,"2643970,23"
101135094,2024-01-01,2027-12-31,"3999483,75"
101046118,2021-12-01,2025-08-31,"9779211,25"
101046041,2021-11-01,2025-04-30,10048971
101045949,2021-12-01,2022-11-30,9902750
101046084,2021-06-01,2023-11-30,"9070134,25"
101045989,2021-11-01,2025-10-31,"15395599,42"
101046182,2021-08-01,2023-04-30,"7988724,25"
101084084,2023-06-01,2027-05-31,"4689926,25"
101103978,2023-06-01,2026-05-31,"3980007,5"
101079489,2023-01-01,2025-12-31,1500000
101060124,2022-09-01,2027-08-31,"6367651,25"
101135225,2024-01-01,2026-10-31,"2498261,08"
101112831,2023-06-01,2028-05-31,"7213228,75"
101112374,2023-09-01,2028-08-31,7398540
101112860,2023-10-01,2027-09-30,"4723433,75"
101112378,2023-09-01,2027-08-31,"4535097,5"
101084344,2023-01-01,2026-12-31,"5060547,25"
101136899,2024-01-01,2027-12-31,4895240
101134894,2024-02-01,2028-01-31,"3952196,25"
101091099,2023-01-01,2026-12-31,4587468
101095792,2023-01-01,2025-12-31,"6162183,02"
101135529,2023-12-01,2027-11-30,"6186271,93"
101135749,2023-12-01,2027-05-31,"4999637,5"
101178982,2025-02-01,2029-01-31,"3438252,5"
101060941,2022-10-01,2025-09-30,"3826282,5"
101096329,2023-01-01,2026-12-31,"11432043,75"
101094245,2023-01-01,2025-12-31,3466354
101084261,2022-11-01,2026-02-28,3748300
101128668,2023-12-01,2026-11-30,"2678599,25"
101079455,2023-01-01,2025-12-31,1423825
101135241,2024-01-01,2026-12-31,"3998191,49"
101123175,2023-11-01,2027-10-31,"4988687,5"
101069601,2022-10-01,2025-09-30,"4998987,51"
101135946,2024-01-01,2027-12-31,3888904
101189589,2025-01-01,2028-06-30,"23140063,63"
101095568,2023-01-01,2025-12-31,"1780806,74"
101070441,2022-09-01,2026-02-28,"4996729,25"
101093956,2022-12-01,2026-05-31,"8362816,93"
101097560,2023-01-01,2025-12-31,"4497177,77"
101070141,2022-10-01,2025-09-30,"8580038,75"
101134936,2024-01-01,2027-12-31,"3215641,75"
101094917,2023-01-01,2025-12-31,"3219156,25"
101095717,2023-01-01,2025-12-31,"6999723,25"
101079778,2022-10-01,2025-09-30,"1302655,5"
101137209,2024-01-01,2028-06-30,"6000216,25"
101139730,2024-01-01,2027-12-31,"11986364,5"
101157922,2024-10-01,2027-09-30,"5033127,5"
101084651,2022-11-01,2026-10-31,"5077442,5"
101083671,2024-01-01,2028-12-31,4996401
101112286,2023-06-01,2026-05-31,"7710181,09"
101056920,2022-06-01,2026-05-31,4827579
101157146,2025-01-01,2029-12-31,"6981844,36"
101070178,2023-01-01,2025-12-31,"5551282,5"
101137256,2024-01-01,2028-12-31,"5796408,75"
101057491,2022-10-01,2026-09-30,4601215
101136953,2023-12-01,2028-11-30,7999930
101092049,2023-08-01,2027-07-31,4986070
101075527,2022-09-01,2027-06-30,"9636874,38"
101134961,2024-01-01,2026-12-31,2930280
101058572,2022-06-01,2026-05-31,1498312
101094526,2023-03-01,2027-02-28,"2998752,5"
101157796,2024-09-01,2027-08-31,"1999982,5"
101095426,2022-11-01,2029-10-31,"33045066,75"
101060213,2022-09-01,2026-08-31,2998100
101160642,2024-05-01,2027-04-30,"3082712,5"
101096239,2022-10-01,2025-09-30,"7185343,75"
101091959,2023-01-01,2027-12-31,"11845429,48"
101093985,2023-01-01,2027-12-31,"7968216,13"
101060954,2022-09-01,2025-08-31,"4538348,75"
101081964,2022-12-01,2026-11-30,"6953352,52"
101157360,2024-09-01,2029-08-31,"8103720,88"
101092741,2023-01-01,2026-12-31,"3073736,25"
101091554,2023-01-01,2026-12-31,7254450
101158453,2024-10-01,2027-09-30,"1492415,43"
101178919,2024-10-01,2027-09-30,"4997488,8"
101092008,2023-01-01,2025-12-31,7652750
101095170,2023-04-01,2026-03-31,"2091735,19"
101090285,2022-10-01,2024-09-30,"171399,36"
101187010,2025-03-01,2030-02-28,2485960
101133987,2024-11-01,2028-04-30,2615435
101159522,2024-10-01,2027-09-30,"1497698,75"
101059408,2022-09-01,2025-08-31,2843297
101135828,2024-01-01,2027-12-31,"7136536,5"
101139892,2024-05-01,2027-04-30,"11006209,35"
101080288,2023-06-01,2027-05-31,"5774112,5"
101120218,2023-10-01,2026-09-30,7658375
101093374,2023-01-01,2026-12-31,4248196
101130773,2024-02-01,2026-01-31,"155559,36"
101128693,2024-02-01,2027-01-31,2953795
101135512,2024-01-01,2027-12-31,"4619172,5"
101130748,2023-06-01,2024-05-31,"85699,68"
101191811,2025-01-01,2028-12-31,"7471717,5"
101079789,2022-10-01,2025-09-30,2883570
101091010,2023-01-01,2027-12-31,"11502963,25"
101061230,2022-10-01,2025-09-30,"3630425,5"
101080965,2023-05-01,2027-04-30,5967395
101070297,2022-09-01,2025-08-31,"1999843,5"
101159214,2024-09-01,2027-08-31,1329875
101094905,2023-01-01,2025-12-31,3000000
101080564,2023-05-01,2027-04-30,"6076437,5"
101090289,2022-10-01,2025-09-30,"171399,36"
101157269,2024-12-01,2028-11-30,"7999798,58"
101120408,2023-11-01,2027-10-31,5366195
101083579,2023-01-01,2025-12-31,3999691
101129912,2024-05-01,2028-04-30,"6759523,25"
101095095,2023-04-01,2026-03-31,"2989758,13"
101136775,2024-02-01,2027-07-31,"4577108,94"
101130162,2024-01-01,2024-12-31,"1499897,43"
101056755,2022-09-01,2027-02-28,5594787
101140052,2024-05-01,2027-04-30,"7276633,5"
101155852,2025-01-01,2028-12-31,"9999975,25"
101070000,2022-07-01,2025-12-31,8992796
101160009,2024-10-01,2027-09-30,1488125
101136622,2023-12-01,2028-11-30,10396703
101095479,2023-01-01,2027-12-31,"6997523,25"
101120763,2023-10-01,2027-09-30,"7008798,75"
101079420,2023-01-01,2025-12-31,1035000
101135476,2024-01-01,2026-12-31,"4382052,5"
101168042,2024-10-01,2027-09-30,4098690
101131728,2024-01-01,2026-12-31,"1002015,75"
101158464,2024-04-01,2027-03-31,"1199893,75"
101095058,2023-03-01,2026-02-28,"3072828,75"
101164616,2024-10-01,2028-09-30,"3999831,75"
101094988,2023-03-01,2026-02-28,"3997683,5"
101094984,2023-03-01,2026-02-28,2978645
101136627,2024-01-01,2028-12-31,4999868
101180559,2025-01-01,2028-06-30,5999990
101059438,2022-07-01,2027-06-30,11827270
101097267,2023-01-01,2025-12-31,"7554723,41"
101181408,2025-01-01,2028-12-31,"4999437,5"
101137787,2024-11-01,2027-10-31,"7820523,75"
101061677,2022-06-01,2026-05-31,6819707
101095160,2023-03-01,2026-02-28,"2998897,5"
101058613,2022-06-01,2025-08-31,4897920
101112781,2023-09-01,2027-08-31,"12904833,5"
101094758,2023-01-01,2025-12-31,"2395213,55"
101092168,2023-01-01,2026-06-30,"4997059,75"
101132444,2024-02-01,2027-01-31,"2519637,5"
101058279,2022-10-01,2026-09-30,9406833
101137895,2024-03-01,2027-08-31,"4999646,25"
101096524,2023-01-16,2025-01-15,353410
101056931,2022-05-01,2024-10-31,"1423120,5"
101147693,2024-06-01,2027-05-31,"3918937,5"
101191729,2024-12-01,2028-11-30,"7999068,75"
101091572,2023-01-01,2025-12-31,5425360
101136935,2024-01-01,2028-12-31,"6726488,68"
101132686,2023-11-01,2026-10-31,3099035
101156032,2024-10-01,2028-09-30,7497001
101083377,2023-01-01,2026-12-31,"9025268,5"
101131414,2024-01-01,2026-12-31,"4757246,13"
101121345,2023-09-01,2026-08-31,"2864352,5"
101177251,2024-10-01,2027-09-30,2993360
101084341,2023-12-01,2027-11-30,7087446
101060525,2022-09-01,2025-08-31,4997583
101079123,2022-10-01,2025-09-30,"1446071,25"
101191948,2025-01-01,2028-12-31,"2049322,5"
101057777,2022-06-01,2025-05-31,"13268022,5"
101132685,2024-02-01,2027-07-31,"2999322,5"
101177579,2025-02-01,2028-01-31,2946355
101103746,2023-05-01,2026-04-30,9984080
101084437,2023-05-01,2027-04-30,"5995286,51"
101069536,2022-10-01,2026-09-30,"4819597,75"
101057286,2022-10-01,2026-09-30,7438705
101137144,2024-01-01,2027-12-31,"5626338,75"
101156954,2024-12-01,2028-11-30,"7349886,54"
101073921,2022-11-01,2025-10-31,"3376604,5"
101137054,2024-01-01,2027-12-31,"4717583,75"
101082102,2023-10-01,2027-09-30,"7118102,93"
101104269,2023-07-01,2028-06-30,5968725
101156916,2025-01-01,2028-12-31,"9845662,72"
101094217,2023-04-01,2026-03-31,2999050
101058509,2022-08-01,2026-07-31,3999043
101057100,2022-06-01,2026-05-31,"6718138,75"
101157369,2024-09-01,2027-08-31,"2979801,25"
101112185,2023-10-01,2027-09-30,"10532197,5"
101094302,2023-02-01,2026-01-31,2684605
101094825,2023-03-01,2026-02-28,1513997
101130349,2024-05-01,2027-04-30,3999735
101080486,2023-07-01,2028-06-30,"8219842,5"
101135196,2023-10-01,2026-09-30,3999996
101082213,2023-08-01,2027-07-31,5165041
101112729,2023-06-01,2025-05-31,"1000002,5"
101119800,2023-10-01,2026-03-31,"2191223,75"
101057361,2022-09-01,2027-08-31,5993222
101060231,2022-09-01,2025-08-31,2585135
101136364,2024-06-01,2028-05-31,"2554531,7"
101177586,2024-11-01,2028-04-30,5764108
101059498,2022-09-01,2027-08-31,9788452
101178099,2025-01-01,2027-12-31,"3299423,06"
101080164,2022-10-01,2026-09-30,"2988332,25"
101059461,2023-01-01,2025-12-31,"1492620,75"
101135516,2024-01-01,2027-12-31,"5423471,25"
101180157,2024-10-01,2027-06-30,"3299269,01"
101056756,2023-01-01,2026-06-30,8387620
101135472,2024-06-01,2028-05-31,"4899856,25"
101135932,2024-01-01,2028-03-31,7455585
101159567,2024-10-01,2027-09-30,"1499997,92"
101192349,2025-01-01,2028-12-31,"3999657,39"
101084481,2022-11-01,2027-10-31,"14617659,75"
101069525,2022-09-01,2026-08-31,3800875
101135757,2024-01-01,2027-12-31,"4895182,51"
101191725,2025-01-01,2028-12-31,"7995922,4"
101069665,2022-09-01,2026-08-31,2922217
101096062,2024-01-01,2026-12-31,"4411934,55"
101075068,2022-10-01,2025-09-30,4157987
101096667,2022-12-01,2026-11-30,"8013218,54"
101182942,2025-01-01,2027-12-31,"2713753,72"
101188009,2025-01-01,2027-12-31,"11623145,8"
101081369,2023-09-01,2027-02-28,"4610787,5"
101103628,2023-04-01,2026-03-31,"4980428,75"
101083558,2022-10-01,2026-03-31,"5511869,25"
101177171,2024-11-01,2028-10-31,"2965081,25"
101080905,2023-06-01,2027-05-31,"4495437,5"
101086216,2023-01-01,2025-12-31,"2006668,5"
101082289,2022-11-01,2026-10-31,"7188013,5"
101095433,2023-01-01,2027-12-31,"8090972,75"
101139789,2024-04-01,2027-03-31,"17079262,09"
101092889,2023-01-01,2025-12-31,"5947573,5"
101187966,2025-01-01,2027-12-31,1499375
101060639,2022-09-01,2026-08-31,3703783
101060693,2022-11-01,2025-10-31,"4556888,75"
101058516,2022-07-01,2026-06-30,12436805
101136299,2024-01-01,2027-12-31,9365095
101188432,2025-01-01,2028-12-31,"11998387,21"
101070336,2022-07-01,2025-06-30,3998708
101172576,2024-11-01,2027-04-30,2499650
101056732,2022-09-01,2025-08-31,4720525
101078950,2022-10-01,2025-09-30,1319250
101059592,2023-03-01,2026-08-31,"4778526,5"
101094831,2023-02-01,2026-01-31,"8025202,75"
101080142,2022-11-01,2025-10-31,6043935
101095129,2023-01-01,2025-12-31,2985441
101160266,2024-06-01,2027-05-31,"1499789,85"
101132163,2024-01-01,2027-12-31,"9849493,75"
101135782,2024-01-01,2026-12-31,"8605772,5"
101070038,2022-10-01,2025-09-30,"4243347,5"
101095382,2023-05-01,2026-04-30,6304750
101135157,2024-06-01,2028-05-31,"9991736,73"
101093046,2023-01-01,2026-04-30,"5322116,25"
101159826,2024-06-01,2027-05-31,"1492271,6"
101178152,2024-11-01,2028-10-31,"5663836,26"
101135078,2024-05-01,2027-10-31,3935845
101083827,2022-12-01,2026-05-31,"2999937,5"
101104154,2023-06-01,2027-05-31,"5894433,75"
101189745,2025-01-01,2027-12-31,"4569056,77"
101135258,2024-01-01,2027-06-30,"3999963,75"
101189908,2024-12-01,2028-05-31,"4496450,64"
101058371,2022-06-01,2025-11-30,4966474
101056804,2022-10-01,2026-09-30,6604853
101157840,2024-06-01,2028-05-31,5264779
101058699,2022-06-01,2026-05-31,4834592
101138058,2024-09-01,2028-08-31,"11466868,19"
101177962,2024-12-01,2028-11-30,"7488018,02"
101138182,2024-01-01,2027-12-31,"5586185,26"
101084180,2023-05-01,2026-04-30,"5999988,63"
101138376,2024-01-01,2028-06-30,"9257523,19"
101156439,2024-10-01,2028-09-30,"4991538,75"
101138648,2024-05-01,2028-04-30,"5862752,5"
101059786,2022-09-01,2025-08-31,"5972375,03"
101138548,2024-01-01,2027-06-30,"3995722,5"
101172882,2024-10-01,2028-09-30,2999500
101156799,2025-01-01,2028-12-31,"7961520,91"
101177459,2025-01-01,2028-12-31,14985432
101111996,2023-09-01,2027-02-28,"4683365,49"
101122298,2023-09-01,2027-08-31,"6815473,39"
101122292,2023-09-01,2026-08-31,"4974688,75"
101122303,2023-10-01,2026-09-30,"3161948,25"
101122277,2024-01-01,2026-12-31,"5325755,76"
101122311,2023-10-01,2026-09-30,4498761
101122327,2024-01-01,2027-06-30,"4994686,25"
101122288,2023-12-01,2026-11-30,"4998579,5"
101122257,2023-10-01,2027-09-30,4478775
101122184,2023-10-01,2026-09-30,"5816861,25"
101122276,2023-10-01,2027-03-31,"5421360,25"
101122329,2023-12-01,2027-11-30,"3897447,5"
101122212,2023-10-01,2026-09-30,2998625
101122323,2023-11-01,2027-10-31,"3925221,48"
101122231,2023-10-01,2027-09-30,"5270925,38"
101122332,2023-10-01,2027-03-31,"6943801,55"
101071314,2022-09-01,2025-08-31,"1871311,5"
101139633,2024-01-01,2027-06-30,"6484685,89"
101182299,2024-12-01,2028-11-30,"5022917,5"
101139048,2024-01-01,2026-12-31,"13499953,75"
101082184,2023-06-01,2027-05-31,"6295867,75"
101073874,2022-09-01,2025-08-31,"4634193,75"
101070227,2022-10-01,2026-03-31,4332400
101061104,2022-10-01,2025-09-30,2674000
101188073,2025-02-01,2027-01-31,1000000
101094796,2023-02-01,2026-01-31,3823688
101094652,2023-04-01,2026-03-31,"3000283,75"
101058481,2022-06-01,2025-05-31,3997646
101132538,2024-02-01,2028-01-31,"2735266,53"
101137398,2024-01-01,2027-12-31,"5993603,75"
101130804,2024-05-01,2026-10-31,194742
101079792,2022-06-01,2026-05-31,"3981620,75"
101122061,2023-10-01,2027-09-30,"4897007,05"
101133847,2024-01-01,2026-06-30,500000
101083355,2022-11-01,2026-10-31,"3058752,5"
101095200,2023-03-01,2026-02-28,3038596
101158328,2024-09-01,2027-08-31,"3622156,31"
101132494,2024-02-01,2027-01-31,2998565
101178387,2025-05-01,2028-04-30,2999815
101057764,2022-10-01,2026-09-30,"6678353,75"
101132560,2024-02-01,2027-01-31,"2771272,5"
101131875,2024-04-01,2027-03-31,"9999983,9"
101094684,2023-05-01,2027-04-30,"2881079,75"
101181479,2025-02-01,2029-07-31,"9999999,5"
101132292,2024-04-01,2027-03-31,"2457588,25"
101070700,2022-10-01,2025-09-30,"1240097,5"
101114808,2023-10-01,2026-09-30,"11808172,62"
101160011,2024-09-01,2027-08-31,"1498925,88"
101069934,2022-09-01,2024-08-31,"2299937,5"
101177821,2025-01-01,2027-12-31,"2892507,5"
101094341,2023-03-01,2026-02-28,3392025
101132325,2024-01-01,2027-12-31,"2999184,75"
101057264,2022-06-01,2025-05-31,9997558
101094373,2023-04-01,2026-03-31,"2282953,75"
101093987,2023-01-01,2025-12-31,"2990481,25"
101178230,2024-10-01,2027-09-30,"5990676,25"
101135071,2024-01-01,2027-12-31,"3999057,25"
101070200,2022-10-01,2025-09-30,"2494092,5"
101101446,2023-02-01,2029-01-31,"29991488,5"
101137965,2024-01-01,2027-06-30,"7499171,5"
101091616,2023-01-01,2025-06-30,"4498607,75"
101183277,2024-01-01,2028-12-31,"448006739,89"
101137906,2024-01-01,2027-06-30,"9843168,48"
101070077,2022-10-01,2024-09-30,999000
101138245,2024-01-01,2027-12-31,"10985636,5"
101159424,2024-09-01,2027-08-31,1499934
101101337,2023-09-01,2026-08-31,2499426
101172675,2024-11-01,2027-10-31,"4995450,05"
101070477,2022-10-01,2025-09-30,2811561
101192302,2025-01-01,2028-12-31,6330923
101073985,2022-10-01,2025-09-30,"5884214,5"
101111882,2023-06-01,2027-05-31,"6606098,26"
101058505,2022-06-01,2025-10-31,7984101
101070589,2022-09-01,2025-08-31,"3265740,25"
101134855,2024-01-01,2026-12-31,"4848348,5"
101060008,2022-09-01,2026-08-31,"8999918,75"
101096838,2023-01-01,2025-12-31,9024623
101083323,2022-11-01,2025-10-31,2697500
101135240,2023-12-01,2027-11-30,"3998787,25"
101113983,2023-04-01,2026-09-30,18999992
101137932,2024-03-01,2027-02-28,"6298614,25"
101076791,2022-11-01,2025-10-31,4979626
101070281,2022-10-01,2026-09-30,"6285167,75"
101091374,2023-01-01,2026-06-30,"4443096,25"
101096658,2023-01-01,2025-12-31,"10510636,56"
101112824,2023-06-01,2026-05-31,"7893477,38"
101192466,2025-02-01,2029-01-31,"8390483,76"
101061201,2022-06-01,2026-05-31,3276263
101168316,2024-11-01,2027-04-30,"3992775,16"
101138112,2024-01-01,2027-06-30,7142899
101103983,2023-06-01,2026-11-30,4966935
101120657,2023-09-01,2026-08-31,11262750
101183307,2024-11-01,2029-06-30,"96211548,36"
101189797,2024-10-01,2028-09-30,"32997565,75"
101094287,2023-01-01,2026-12-31,"9439568,25"
101095267,2023-04-01,2025-09-30,"1499528,75"
101146513,2024-05-01,2027-10-31,"4083230,25"
101163659,2024-10-01,2028-09-30,"4984546,13"
101131085,2024-01-01,2026-12-31,"1498641,11"
101073929,2022-12-01,2025-05-31,"1389252,5"
101092947,2023-01-01,2026-06-30,2541413
101167288,2024-09-01,2027-02-28,1999706
101086355,2023-01-01,2026-12-31,"7496557,75"
101112453,2023-09-01,2027-08-31,5400014
101135967,2024-01-01,2026-12-31,"7612406,25"
101070342,2022-08-01,2026-07-31,4663334
101096299,2023-01-01,2025-12-31,"4999999,25"
101061643,2022-06-01,2025-05-31,"2499999,75"
101101439,2023-02-01,2027-01-31,2925824
101138789,2024-01-01,2027-12-31,"9996828,65"
101096150,2023-02-01,2025-01-31,500000
101112047,2023-06-01,2028-05-31,24998830
101144144,2024-05-01,2028-04-30,"3993682,5"
101177493,2024-10-01,2028-09-30,16000000
101059565,2022-10-01,2025-09-30,2499812
101138807,2024-01-01,2027-12-31,"5195467,19"
101058547,2022-06-01,2026-05-31,"4917262,5"
101139257,2024-01-01,2026-12-31,"13120676,76"
101138392,2024-01-01,2027-12-31,"14999841,75"
101119473,2023-10-01,2027-09-30,"4000206,25"
101058412,2022-09-01,2026-08-31,"14173778,25"
101120651,2023-10-01,2026-12-31,"5134570,5"
101132562,2024-03-01,2027-08-31,"2994720,75"
101130192,2024-09-01,2028-08-31,6984473
101130000,2024-05-01,2028-04-30,6475389
101132596,2024-01-01,2026-12-31,"3911959,99"
101112476,2023-05-01,2027-04-30,"4479506,25"
101091682,2023-01-01,2026-12-31,"11798783,25"
101069898,2022-07-01,2025-06-30,5682500
101122283,2023-10-01,2026-09-30,4498458
101112852,2023-09-01,2026-08-31,2231710
101137799,2024-01-01,2027-12-31,"3949959,5"
101187992,2025-01-01,2028-12-31,"14999575,37"
101056723,2023-01-01,2027-12-31,14999509
101075654,2022-10-01,2026-09-30,7929958
101163929,2024-09-01,2027-08-31,"3487603,5"
101137815,2024-01-01,2027-06-30,"7024569,74"
101147547,2025-01-01,2027-12-31,"5631248,94"
101059479,2022-09-01,2025-08-31,"3372400,75"
101069764,2022-09-01,2025-08-31,"3194560,79"
101135353,2024-01-01,2026-12-31,"3999556,77"
101184132,2025-01-01,2027-12-31,4492951
101113901,2023-04-01,2026-09-30,"18934689,5"
101073932,2022-10-01,2025-09-30,"4996972,5"
101096557,2023-02-01,2026-01-31,"5997135,75"
101137581,2024-03-01,2029-02-28,"8999998,51"
101135107,2024-06-01,2028-05-31,"3677680,25"
101086086,2023-02-01,2026-01-31,"2865849,5"
101138153,2024-01-01,2026-12-31,"6660647,74"
101096598,2023-01-01,2026-06-30,"16594389,5"
101182279,2023-12-01,2028-12-31,"216811041,5"
101104013,2023-05-01,2026-10-31,"4994575,5"
101192753,2025-01-01,2028-06-30,"7993719,25"
101163288,2024-09-01,2028-08-31,"4082645,75"
101131703,2024-01-01,2025-12-31,"749943,98"
101166763,2024-09-01,2027-02-28,887717
101158173,2024-09-01,2027-02-28,"1008950,48"
101178117,2024-10-01,2028-09-30,"11166415,71"
101081833,2022-10-01,2025-05-31,"1999973,75"
101136067,2024-01-01,2027-12-31,"7999873,5"
101168392,2024-10-01,2027-09-30,3998581
101069576,2022-09-01,2026-08-31,"6652915,8"
101160614,2024-07-01,2027-12-31,3999992
101058328,2022-06-01,2025-11-30,5623016
101136100,2024-01-01,2027-12-31,"9537362,5"
101138367,2024-01-01,2027-12-31,"10775305,8"
101069491,2022-09-01,2026-08-31,"2572693,25"
101134866,2024-01-01,2028-06-30,"4995979,19"
101070167,2022-09-01,2026-08-31,"4999000,25"
101091575,2022-12-01,2026-11-30,12345596
101092211,2023-01-01,2026-12-31,"5149552,5"
101078935,2022-11-01,2025-10-31,"1349658,5"
101061516,2022-11-01,2025-10-31,2992375
101193579,2025-01-01,2026-12-31,"1999931,75"
101056973,2022-09-01,2025-08-31,3825657
101096200,2023-01-01,2025-12-31,"8032034,75"
101114771,2024-07-01,2028-06-30,10000000
101130095,2024-05-01,2028-04-30,"7713280,99"
101112455,2023-09-01,2027-08-31,"4999970,5"
101139073,2024-01-01,2026-06-30,"3999938,38"
101178218,2024-12-01,2028-05-31,"9925163,25"
101192848,2025-02-01,2029-01-31,"19949437,4"
101135174,2024-01-01,2026-12-31,"2612932,04"
101056642,2022-06-01,2027-05-31,"6973122,5"
101101358,2023-03-01,2027-08-31,"14998541,38"
101181901,2025-01-01,2027-12-31,"6999316,13"
101069828,2022-09-01,2026-08-31,"2499985,5"
101114674,2023-09-01,2026-08-31,"6996206,01"
101178579,2024-10-01,2027-09-30,"4999172,81"
101060028,2022-06-01,2025-05-31,"2428662,5"
101091392,2022-12-01,2025-11-30,"4645765,5"
101168195,2024-11-01,2027-10-31,"4410856,25"
101059632,2022-09-01,2026-08-31,"10272862,66"
101070169,2022-09-01,2025-08-31,"4936017,25"
101057067,2022-05-01,2025-04-30,6932723
101070262,2022-10-01,2025-09-30,"4510509,9"
101135502,2024-09-01,2028-08-31,"4873448,97"
101157279,2024-06-01,2026-11-30,"1499576,5"
101059492,2022-09-01,2026-02-28,17080738
101173510,2024-09-01,2026-08-31,750000
101178269,2025-02-01,2029-01-31,"2986773,75"
101067706,2022-10-01,2025-09-30,"238032,96"
101066764,2022-10-03,2024-10-02,"165059,52"
101065243,2023-04-11,2025-04-10,"226751,04"
101149226,2024-09-01,2026-08-31,"172750,08"
101061354,2023-09-01,2025-08-31,"165312,96"
101153891,2024-06-01,2026-05-31,"206887,68"
101067268,2023-04-01,2026-03-31,"284179,68"
101060913,2022-04-01,2024-03-31,300000
101150663,2025-09-01,2027-08-31,"187624,32"
101182801,2024-09-01,2027-08-31,1145400
101068733,2022-07-01,2024-06-30,"199440,96"
101065387,2023-09-01,2026-02-28,"217309,2"
101153363,2024-04-01,2026-03-31,"173847,36"
101067060,2022-09-01,2025-02-28,"181152,96"
101154879,2025-03-01,2027-02-28,"165312,96"
101151887,2025-09-01,2027-08-31,"165312,96"
101162542,2024-03-01,2026-02-28,"298839,25"
101073546,2022-10-01,2026-09-30,2406624
101067234,2023-01-01,2024-12-31,"189687,36"
101149798,2025-02-01,2027-01-31,"165312,96"
101154100,2024-05-01,2027-04-30,"261380,64"
101064614,2022-06-01,2024-05-31,"172750,08"
101152247,2025-01-01,2026-12-31,"214934,4"
101153830,2024-06-01,2026-05-31,"181152,96"
101065425,2022-12-01,2024-11-30,"172618,56"
101062387,2023-02-01,2025-01-31,"173847,36"
101150337,2025-01-01,2026-12-31,"172618,56"
101086227,2023-01-01,2026-12-31,630200
101052595,2022-09-01,2024-08-31,"181152,96"
101149333,2024-11-01,2026-10-31,"165312,96"
101062444,2023-04-01,2026-03-31,"306415,68"
101075460,2022-09-01,2025-08-31,1299749
101150094,2024-09-01,2026-08-31,"181152,96"
101182850,2025-01-01,2028-12-31,772800
101151135,2025-09-01,2027-08-31,"206887,68"
101120006,2024-01-01,2027-12-31,"4039790,4"
101151061,2024-09-01,2026-08-31,"226751,04"
101150414,2024-10-01,2027-03-31,"215937,6"
101059465,2023-09-01,2025-08-31,"173847,36"
101149037,2025-09-01,2027-08-31,164328
101064023,2023-02-01,2025-01-31,"199014,24"
101065526,2023-06-01,2025-05-31,"211754,88"
101058697,2022-06-01,2025-02-28,"229700,2"
101119370,2024-02-01,2028-01-31,"2728126,6"
101063407,2023-02-01,2025-01-31,"187624,32"
101150481,2024-10-01,2026-09-30,"214934,4"
101060695,2023-03-01,2025-04-30,"188590,08"
101063517,2022-09-16,2025-03-15,"206641,2"
101063989,2022-11-01,2024-10-31,"188590,08"
101061189,2022-05-01,2024-04-30,300000
101146666,2025-09-01,2027-08-31,"173847,36"
101147187,2024-08-01,2026-07-31,"187624,32"
101149769,2025-08-01,2027-07-31,"183600,96"
101064381,2022-08-01,2024-07-31,"222727,68"
101152400,2025-06-01,2027-05-31,"171399,36"
101066771,2022-10-01,2025-09-30,"265099,2"
101149448,2025-01-15,2028-01-14,"265099,2"
101063326,2023-02-01,2025-01-31,191760
101149007,2025-02-01,2027-01-31,"210911,04"
101152924,2024-12-01,2026-11-30,"172750,08"
101151911,2025-02-01,2027-01-31,175920
101067179,2022-11-01,2024-11-30,"211754,88"
101059607,2023-01-01,2024-12-31,"183600,96"
101150889,2025-02-19,2027-02-18,"172750,08"
101154364,2025-03-15,2027-03-14,"187624,32"
101068764,2022-07-07,2024-07-06,"206887,68"
101086184,2022-11-01,2026-10-31,1389200
101154851,2024-04-01,2026-03-31,"165312,96"
101065432,2022-09-01,2024-08-31,"211754,88"
101068524,2023-09-01,2025-08-31,"156778,56"
101067635,2022-08-01,2026-01-31,"203464,32"
101151352,2024-11-06,2026-11-05,"206887,68"
101061493,2023-01-01,2024-12-31,"181152,96"
101182585,2024-11-01,2028-10-31,694600
101062179,2022-10-01,2024-09-30,"181152,96"
101059340,2023-09-01,2025-08-31,"211754,88"
101065353,2023-09-01,2026-02-28,"278409,6"
101066376,2022-10-01,2024-11-30,"229401,12"
101067497,2023-06-01,2025-05-31,"181152,96"
101062508,2023-09-01,2025-08-31,"189687,36"
101066736,2022-12-16,2024-12-15,"172618,56"
101086359,2022-12-01,2026-11-30,979800
101146504,2025-03-01,2027-08-31,"206641,2"
101152393,2024-10-01,2027-09-30,"309951,36"
101167421,2025-01-01,2028-12-31,3423240
101152204,2025-09-01,2027-08-31,"165312,96"
101068621,2022-09-01,2024-08-31,"199694,4"
101063675,2022-09-01,2024-08-31,175920
101148992,2024-08-01,2026-07-31,"203464,32"
101072881,2022-11-01,2026-10-31,2633238
101146419,2024-09-01,2026-08-31,"199694,4"
101152484,2025-08-01,2027-07-31,"206887,68"
101062601,2022-09-05,2024-09-04,"165312,96"
101059332,2022-11-01,2024-10-31,"165312,96"
101067645,2022-10-01,2025-09-30,"265647,84"
101148692,2024-05-02,2026-05-01,"195914,88"
101061987,2022-12-01,2024-11-30,"181152,96"
101148944,2024-06-01,2026-05-31,"203464,32"
101064916,2023-09-01,2025-08-31,"173847,36"
101147001,2025-09-01,2027-08-31,"210911,04"
101153244,2024-07-01,2026-06-30,191760
101126655,2024-01-01,2028-12-31,2292480
101152658,2024-06-01,2026-05-31,"183600,96"
101064097,2022-06-20,2024-06-19,"155559,36"
101068085,2023-09-01,2025-08-31,"172618,56"
101066799,2023-09-01,2025-08-31,"181152,96"
101062995,2023-09-01,2025-08-31,"165312,96"
101073026,2022-09-01,2026-08-31,"2673691,2"
101153099,2024-07-15,2026-07-14,"165312,96"
101149368,2025-02-01,2028-01-31,"297164,16"
101131379,2024-01-01,2027-12-31,795800
101086397,2023-01-01,2026-12-31,1518000
101129940,2024-03-01,2028-02-29,1656000
101152258,2024-09-01,2026-08-31,"214934,4"
101056638,2023-08-01,2025-07-31,"195914,88"
101150579,2025-09-01,2027-08-31,175920
101062307,2023-02-01,2025-01-31,"199440,96"
101086106,2023-01-01,2026-12-31,542800
101151139,2024-05-01,2026-04-30,"188590,08"
101148906,2024-09-01,2026-08-31,175920
101063051,2023-02-15,2025-02-14,"187624,32"
101149512,2024-04-01,2026-03-31,"173847,36"
101086488,2023-01-01,2026-12-31,671600
101155159,2024-09-01,2026-08-31,"165312,96"
101155517,2024-06-03,2027-06-02,"268025,28"
101153415,2024-09-01,2027-08-31,"297164,16"
101066362,2023-01-01,2024-03-31,"127165,2"
101149502,2024-06-01,2026-05-31,"165312,96"
101153392,2025-01-01,2026-12-31,"188590,08"
101152646,2024-07-01,2026-06-30,164328
101052293,2021-10-01,2022-04-30,150000
101067009,2023-04-17,2025-04-16,"181152,96"
101153002,2024-11-15,2026-11-14,"172750,08"
101150851,2024-05-01,2026-08-31,"237375,04"
101063575,2022-09-01,2024-08-31,"189687,36"
101154160,2024-10-01,2026-09-30,"195914,88"
101168344,2024-10-01,2028-09-30,3358980
101150345,2025-03-01,2027-02-28,164328
101067667,2022-09-01,2024-08-31,191760
101153998,2025-03-01,2027-02-28,191760
101154579,2024-05-01,2026-04-30,"195914,88"
101065440,2023-09-01,2026-08-31,"265099,2"
101065121,2023-06-01,2025-05-31,"211754,88"
101065393,2023-01-01,2024-12-31,"195914,88"
101068624,2023-09-01,2025-08-31,"222727,68"
101162609,2024-03-11,2026-03-10,"774988,11"
101064384,2022-08-15,2024-12-14,"189687,36"
101119985,2024-01-01,2027-12-31,"2597803,2"
101162569,2024-06-01,2025-12-31,"349423,2"
101061449,2023-04-01,2026-03-31,"219074,4"
101155288,2024-07-01,2027-12-31,"319273,2"
101063149,2023-09-01,2025-08-31,"215534,4"
101153454,2025-02-03,2027-02-02,"183600,96"
101063722,2022-07-01,2024-11-30,"172618,56"
101151842,2025-01-01,2026-12-31,"165312,96"
101150518,2024-10-01,2026-09-30,"181152,96"
101151159,2024-10-01,2026-09-30,191760
101073088,2022-12-01,2026-11-30,2662308
101120562,2024-01-01,2027-12-31,2626200
101065126,2023-01-01,2024-12-31,"230774,4"
101148880,2024-05-01,2026-04-30,"199694,4"
101063539,2022-10-01,2024-12-31,"189687,36"
101130520,2024-03-01,2028-02-29,1260400
101066093,2023-04-01,2025-03-31,"210911,04"
101067017,2022-09-01,2024-08-31,"195914,88"
101149790,2025-02-17,2027-02-16,"181152,96"
101062988,2022-06-01,2024-11-30,267218
101061921,2022-10-01,2024-09-30,"209686,88"
101062110,2023-01-01,2024-12-31,"230774,4"
101149691,2025-03-01,2027-02-28,"195914,88"
101154975,2024-12-01,2026-11-30,"183600,96"
101068871,2022-10-01,2024-09-30,"172750,08"
101182953,2025-01-01,2028-12-31,1536400
101062418,2023-09-01,2025-08-31,191760
101060963,2022-04-11,2023-12-10,266833
101150484,2024-04-01,2026-03-31,"148478,4"
101066869,2022-09-01,2024-08-31,"181152,96"
101154897,2024-10-01,2027-09-30,"225475,2"
101155220,2025-09-01,2027-08-31,"173847,36"
101149774,2024-09-01,2026-08-31,"188590,08"
101067663,2023-09-01,2025-08-31,"155793,6"
101150349,2025-03-01,2027-02-28,"151901,76"
101064167,2022-11-01,2025-10-31,"276681,6"
101148337,2025-09-01,2027-08-31,"195914,88"
101150167,2024-11-01,2026-10-31,"181152,96"
101162176,2024-07-01,2026-06-30,"291764,88"
101062821,2022-11-01,2024-10-31,"169326,72"
101061448,2023-09-01,2025-08-31,"173847,36"
101150274,2024-08-01,2026-07-31,"165312,96"
101182959,2024-12-01,2028-11-30,253000
101069018,2023-01-01,2024-12-31,175920
101067640,2022-11-01,2026-04-30,"330428,88"
101153320,2025-03-01,2026-02-28,"94295,04"
101152933,2025-02-10,2027-02-09,"165312,96"
101152141,2024-05-01,2026-04-30,175920
101152312,2025-09-01,2027-08-31,"189687,36"
101149488,2025-02-01,2027-01-31,175920
101182851,2025-01-01,2028-12-31,1357000
101131557,2024-01-01,2027-12-31,473800
101152610,2024-09-01,2026-08-31,"199694,4"
101150457,2025-04-01,2027-03-31,"181152,96"
101067982,2023-02-01,2025-07-31,"234530,4"
101061699,2022-04-01,2023-11-30,146125
101150666,2024-09-02,2026-09-01,"181152,96"
101151052,2025-09-01,2027-08-31,"195914,88"
101146996,2024-11-18,2026-11-17,"189687,36"
101064539,2022-10-01,2024-09-30,"189687,36"
101151390,2024-09-01,2026-08-31,"187624,32"
101149946,2024-06-01,2026-05-31,"181152,96"
101072758,2023-03-01,2027-02-28,2601108
101149822,2024-10-01,2026-09-30,"210911,04"
101152165,2024-05-01,2026-04-30,"214934,4"
101063725,2022-10-01,2024-09-30,"211754,88"
101146297,2024-10-01,2026-09-30,"203464,32"
101150311,2024-06-03,2026-06-02,"173847,36"
101064305,2023-01-01,2024-12-31,"173847,36"
101152905,2024-09-01,2026-08-31,"165312,96"
101155351,2024-08-20,2026-08-19,"173847,36"
101064402,2022-09-01,2024-08-31,"181152,96"
101067977,2022-09-01,2024-08-31,"172750,08"
101063369,2023-09-01,2025-08-31,"181152,96"
101061304,2022-09-01,2025-08-31,"277159,2"
101148962,2025-09-01,2027-08-31,"181152,96"
101063372,2023-09-01,2025-08-31,"165312,96"
101060228,2022-05-16,2025-03-15,"181152,96"
101151807,2025-02-01,2027-01-31,"165312,96"
101068558,2023-09-01,2026-02-28,"226441,2"
101131441,2024-01-01,2027-12-31,1462800
101153969,2025-08-15,2027-08-14,"203464,32"
101154421,2024-06-01,2026-05-31,"188590,08"
101063043,2022-07-01,2024-08-31,"199694,4"
101119941,2023-11-01,2027-10-31,"2667693,6"
101062593,2022-06-01,2024-11-30,"206641,2"
101065605,2022-11-01,2024-10-31,"199694,4"
101153729,2024-06-01,2026-05-31,"183600,96"
101150870,2024-12-01,2026-11-30,"165312,96"
101150714,2024-04-01,2026-03-31,"181152,96"
101066639,2023-06-01,2025-05-31,"189687,36"
101072980,2022-09-01,2026-08-31,2628648
101061892,2022-08-01,2024-08-31,"199694,4"
101064004,2022-06-01,2024-05-31,"189687,36"
101061911,2023-06-26,2025-06-25,"169326,72"
101064246,2023-01-01,2024-12-31,"210911,04"
101060666,2022-10-01,2025-05-31,"165312,96"
101182598,2024-11-01,2028-10-31,345000
101062862,2023-02-01,2025-01-31,"199440,96"
101073012,2022-10-01,2026-09-30,"2316328,52"
101150056,2024-12-01,2027-11-30,"265099,2"
101151594,2025-08-01,2027-07-31,"210911,04"
101152854,2024-07-01,2027-06-30,230352
101149789,2024-09-01,2027-08-31,"320924,16"
101151678,2024-09-01,2026-08-31,"148478,4"
101151994,2024-06-01,2026-05-31,"187624,32"
101183128,2025-01-01,2028-12-31,478400
101182756,2025-01-01,2028-12-31,1623800
101062921,2023-09-01,2025-08-31,"189687,36"
101064861,2023-09-01,2025-08-31,"230774,4"
101151621,2024-10-01,2026-09-30,"211754,88"
101064065,2022-10-01,2025-05-31,"195914,88"
101064693,2023-09-01,2025-08-31,"188590,08"
101150529,2024-04-01,2026-03-31,175920
101062775,2022-10-01,2024-09-30,"181152,96"
101151693,2025-04-01,2027-03-31,"187624,32"
101149049,2024-08-01,2026-07-31,"181152,96"
101120264,2024-02-01,2028-01-31,"2697926,4"
101150692,2025-02-01,2028-01-31,"265099,2"
101063373,2022-11-01,2025-10-31,"307939,68"
101067344,2022-09-01,2024-08-31,"189687,36"
101062938,2022-10-17,2025-05-16,"172618,56"
101151113,2024-04-01,2026-09-30,"206641,2"
101067573,2023-02-01,2026-01-31,"265099,2"
101151369,2025-01-01,2026-12-31,"183600,96"
101146767,2025-09-01,2027-08-31,"206887,68"
101182876,2025-01-01,2028-12-31,1150000
101064206,2022-09-01,2024-08-31,"199440,96"
101061026,2022-10-01,2024-09-30,"189687,36"
101066209,2022-06-01,2025-07-31,"259125,12"
101149639,2025-01-01,2026-12-31,"172750,08"
101063688,2023-01-01,2024-12-31,"189142,32"
101146464,2024-09-16,2026-09-15,"173847,36"
101067835,2022-05-01,2024-04-30,"215534,4"
101058933,2023-09-01,2025-08-31,191760
101153033,2025-09-01,2027-08-31,"173847,36"
101150927,2025-09-01,2027-08-31,"200538,24"
101151485,2024-10-01,2026-09-30,"146049,6"
101151046,2025-01-02,2027-01-01,"222727,68"
101153257,2024-09-01,2026-08-31,"165312,96"
101063905,2023-09-01,2025-08-31,"199694,4"
101066273,2022-11-01,2024-10-31,"185441,36"
101062923,2022-05-01,2024-04-30,"230774,4"
101061053,2023-09-01,2025-08-31,"210911,04"
101153910,2024-07-01,2027-06-30,"289407,84"
101155121,2025-09-01,2027-08-31,"222727,68"
101086391,2023-01-01,2026-12-31,1449000
101063319,2023-05-01,2026-10-31,"302708,88"
101057315,2023-02-01,2025-01-31,"211754,88"
101148917,2024-11-01,2026-10-31,"189687,36"
101072820,2022-10-01,2026-09-30,2599884
101151552,2024-06-01,2026-05-31,"165312,96"
101150385,2025-02-01,2027-01-31,"181152,96"
101081466,2023-09-01,2028-08-31,1747200
101060038,2023-09-01,2025-08-31,"173847,36"
101150334,2025-01-01,2026-12-31,"172750,08"
101069005,2023-09-01,2025-08-31,"206887,68"
101058872,2023-07-01,2025-06-30,"189687,36"
101148623,2024-11-01,2027-10-31,"309768,48"
101062294,2023-09-01,2026-07-31,"181152,96"
101059373,2023-04-03,2025-04-02,"188590,08"
101154017,2024-06-01,2026-05-31,"172750,08"
101155232,2025-01-01,2026-12-31,"165312,96"
101150845,2024-10-01,2026-09-30,"183600,96"
101149356,2024-09-16,2026-09-15,"172750,08"
101066839,2022-05-01,2024-04-30,191760
101155266,2024-09-01,2026-08-31,"210911,04"
101063234,2023-09-01,2025-08-31,"187624,32"
101167978,2024-11-01,2028-10-31,"2471536,8"
101150286,2024-05-01,2027-04-30,"321472,8"
101062692,2022-10-01,2025-09-30,"290444,16"
101065819,2022-07-16,2024-05-15,"172750,08"
101065876,2022-09-01,2024-08-31,"195914,88"
101063138,2023-09-01,2025-08-31,"199694,4"
101065512,2023-01-01,2025-02-28,"203464,32"
101150849,2024-10-01,2026-09-30,191760
101151653,2024-08-01,2026-07-31,"166278,72"
101056826,2022-06-01,2024-05-31,"199440,96"
101068734,2023-01-01,2024-12-31,"187624,32"
101162477,2024-04-01,2026-03-31,300000
101064082,2023-07-01,2025-06-30,"153486,72"
101081481,2023-01-01,2027-12-31,3763200
101060152,2022-05-21,2024-05-20,299375
101065101,2022-09-01,2024-08-31,"189687,36"
101151169,2025-06-23,2027-06-22,"222727,68"
101068158,2022-09-01,2024-08-31,"173847,36"
101152137,2025-09-01,2027-08-31,"165312,96"
101065949,2022-10-01,2026-08-31,"276681,6"
101149085,2024-09-01,2027-08-31,"315803,52"
101086226,2023-03-01,2027-02-28,1205200
101154417,2025-05-01,2027-04-30,"195914,88"
101150002,2024-07-01,2026-06-30,"181152,96"
101063162,2023-04-01,2025-03-31,175920
101149263,2024-07-07,2027-07-06,"278983,68"
101149516,2025-03-01,2026-02-28,"90576,48"
101063802,2022-07-01,2024-06-30,"195914,88"
101152302,2025-09-01,2027-08-31,"165312,96"
101149076,2025-09-01,2027-08-31,"172750,08"
101119878,2024-03-01,2028-02-29,"2462968,8"
101147087,2025-03-16,2027-03-15,"181152,96"
101149182,2024-05-01,2026-04-30,"173847,36"
101064665,2022-09-01,2024-08-31,"215534,4"
101152308,2024-09-02,2026-09-01,148488
101063948,2023-06-05,2025-06-04,"210911,04"
101150388,2024-09-01,2026-08-31,"165312,96"
101062897,2023-09-01,2025-08-31,"181152,96"
101059716,2023-08-01,2025-07-31,"158485,44"
101073281,2023-01-01,2026-12-31,"2413274,4"
101146984,2025-07-21,2027-07-20,"172750,08"
101162355,2024-05-01,2026-04-30,"284313,88"
101151968,2025-09-01,2028-08-31,"265099,2"
101067053,2023-09-01,2025-08-31,"166278,72"
101063732,2023-07-03,2025-07-02,"203464,32"
101162558,2024-04-01,2025-11-30,"299955,97"
101146306,2024-09-01,2027-02-28,"230586,48"
101183077,2024-11-01,2028-10-31,556600
101119451,2024-01-01,2027-12-31,"2811268,8"
101062504,2023-04-01,2025-05-31,"186912,24"
101059348,2022-06-01,2024-05-31,"206887,68"
101154878,2024-09-01,2026-08-31,"181152,96"
101086381,2022-12-01,2026-11-30,1352400
101149980,2024-05-01,2026-04-30,"173847,36"
101065670,2023-02-15,2025-02-14,"210911,04"
101148945,2024-09-02,2026-03-01,"135864,72"
101154535,2024-05-01,2026-04-30,"222727,68"
101064261,2022-05-01,2023-10-31,"156088,16"
101153603,2024-11-01,2026-10-31,"172750,08"
101178250,2025-06-01,2029-05-31,1194000
101154224,2024-10-01,2028-03-31,"336006,72"
101148413,2024-04-01,2026-03-31,"214934,4"
101149111,2025-09-01,2027-08-31,"165312,96"
101062306,2022-11-01,2024-10-31,"165312,96"
101067493,2023-04-01,2026-03-31,"288859,2"
101062456,2023-08-01,2025-07-31,"210911,04"
101162003,2024-07-01,2026-06-30,300000
101063227,2023-04-01,2025-03-31,"199440,96"
101058877,2022-09-01,2025-01-31,191760
101150838,2025-09-01,2027-08-31,"173847,36"
101147384,2025-02-01,2027-01-31,"195914,88"
101120104,2024-03-01,2028-02-29,"2718979,2"
101061612,2023-04-01,2025-03-31,"173847,36"
101061809,2023-02-14,2025-02-13,"189687,36"
101059180,2023-01-01,2024-12-31,"222727,68"
101152186,2025-09-01,2027-08-31,"172750,08"
101059542,2023-09-01,2025-08-31,"173847,36"
101065067,2023-07-01,2025-06-30,"188590,08"
101153622,2025-04-01,2027-03-31,"187624,32"
101063579,2023-09-01,2025-08-31,"230774,4"
101151286,2024-05-01,2026-04-30,175920
101153869,2025-07-01,2027-06-30,"189687,36"
101162463,2024-04-01,2025-12-31,"299591,88"
101063853,2022-12-01,2024-11-30,"150438,72"
101068216,2023-09-01,2025-08-31,"172750,08"
101153621,2025-04-01,2027-09-30,"206641,2"
101168715,2025-01-01,2028-12-31,"2642968,8"
101086342,2023-03-01,2027-02-28,184000
101063844,2022-11-01,2025-03-31,"188590,08"
101130406,2024-01-01,2027-12-31,363400
101068395,2023-05-01,2025-04-30,"188590,08"
101146935,2024-10-01,2026-09-30,"181152,96"
101152092,2025-08-01,2027-07-31,"210911,04"
101154357,2024-08-01,2026-07-31,175920
101153258,2024-05-15,2026-05-14,"189687,36"
101067618,2023-07-03,2025-07-02,"166278,72"
101062825,2023-02-01,2025-01-31,"150438,72"
101150333,2024-04-01,2027-03-31,"285140,64"
101152599,2024-05-01,2026-04-30,"153486,72"
101150975,2025-09-01,2027-08-31,"165312,96"
101153882,2024-10-01,2026-09-30,"188590,08"
101179819,2025-01-01,2029-12-31,2284800
101063721,2022-10-01,2025-03-31,"214249,2"
101168698,2024-10-01,2028-09-30,"3170044,8"
101073404,2023-01-01,2026-12-31,"2291119,2"
101061353,2022-09-01,2025-08-31,"226751,04"
101149367,2024-07-01,2026-06-30,"187624,32"
101059091,2022-07-01,2024-06-30,"222727,68"
101065566,2023-09-01,2025-04-30,"140607,36"
101061684,2022-04-01,2024-03-31,"149892,5"
101062524,2022-11-01,2024-10-31,"173847,36"
101150267,2025-01-01,2027-12-31,"265099,2"
101067829,2022-07-01,2024-06-30,"189687,36"
101151049,2024-04-01,2026-03-31,"187624,32"
101061011,2022-07-01,2024-09-30,"177412,96"
101081459,2023-01-01,2027-12-31,1528320
101149181,2024-04-01,2026-03-31,"181152,96"
101149070,2025-09-01,2027-08-31,"203464,32"
101081674,2023-01-01,2027-12-31,3024000
101153556,2024-08-01,2026-07-31,"173847,36"
101064642,2023-03-06,2025-03-05,"211754,88"
101062255,2023-05-01,2025-04-30,"188590,08"
101062785,2023-09-01,2025-08-31,"181152,96"
101147425,2024-09-01,2026-08-31,"165312,96"
101131292,2024-01-01,2027-12-31,1564000
101086329,2023-01-01,2026-12-31,1467400
101151400,2025-02-10,2028-08-09,"328494,96"
101153432,2025-04-01,2027-03-31,"199694,4"
101066378,2023-03-15,2025-03-14,"172750,08"
101066847,2022-09-01,2024-08-31,"195914,88"
101152159,2024-06-01,2026-05-31,"172618,56"
101059174,2023-06-01,2025-05-31,"226751,04"
101066460,2023-09-01,2026-08-31,"265099,2"
101149901,2024-05-01,2026-04-30,"210911,04"
101154937,2024-06-01,2026-05-31,"211754,88"
101066120,2023-02-01,2025-01-31,"203464,32"
101068450,2023-05-01,2025-04-30,"172750,08"
101148301,2024-06-01,2026-05-31,"181152,96"
101061505,2022-05-16,2024-02-15,"419376,5"
101182996,2024-11-01,2028-10-31,662400
101151085,2024-11-01,2026-10-31,"172750,08"
101131220,2023-11-01,2027-10-31,1209800
101151748,2025-04-01,2027-03-31,"188590,08"
101151804,2024-09-01,2026-08-31,"215534,4"
101061974,2023-09-01,2025-08-31,"165312,96"
101154487,2025-01-01,2026-12-31,191760
101168820,2024-12-01,2028-11-30,"3989239,2"
101154088,2024-09-01,2026-08-31,"165312,96"
101153039,2025-02-01,2028-01-31,"262599,84"
101126533,2024-02-01,2029-01-31,2419200
101148359,2024-10-01,2027-03-31,"206641,2"
101154015,2024-09-01,2026-08-31,"195914,88"
101149485,2024-09-01,2026-08-31,"165312,96"
101153515,2024-09-01,2026-08-31,"165312,96"
101066882,2022-10-01,2024-09-30,"189687,36"
101150549,2024-09-01,2026-08-31,"172750,08"
101061691,2022-04-01,2024-03-31,300000
101068340,2023-04-01,2026-03-31,"284179,68"
101064513,2022-10-01,2025-09-30,"256442,88"
101152151,2024-10-01,2026-09-30,"230774,4"
101154035,2024-10-01,2026-09-30,"156778,56"
101057156,2022-07-01,2024-06-30,"173847,36"
101065671,2023-09-01,2025-08-31,"187624,32"
101153019,2024-10-01,2026-09-30,191760
101182794,2025-01-01,2028-12-31,690000
101146324,2024-09-01,2026-08-31,"195914,88"
101153141,2025-09-01,2027-08-31,"230774,4"
101147030,2025-09-01,2027-08-31,"165312,96"
101065940,2023-05-01,2025-04-30,"161411,52"
101148424,2024-04-01,2026-03-31,"230774,4"
101154386,2025-02-01,2027-01-31,"165312,96"
101061356,2022-05-01,2023-12-31,267050
101061500,2023-09-01,2025-08-31,"189687,36"
101068893,2022-12-01,2025-05-31,"222003,12"
101154248,2024-08-01,2026-07-31,"195914,88"
101150702,2024-09-01,2026-08-31,"226751,04"
101145940,2025-09-01,2027-08-31,"189687,36"
101152740,2025-05-01,2027-04-30,"165312,96"
101067882,2023-04-01,2025-03-31,"172750,08"
101063848,2022-09-01,2024-08-31,"206887,68"
101065714,2023-09-01,2025-08-31,"173847,36"
101150850,2024-09-01,2026-08-31,"199440,96"
101064161,2022-10-01,2024-11-30,"172750,08"
101065309,2023-09-01,2025-08-31,"165312,96"
101068803,2023-09-01,2025-08-31,"173847,36"
101062626,2023-09-01,2025-08-31,"215534,4"
101086218,2023-01-01,2026-12-31,423200
101065864,2022-11-01,2025-04-30,"206641,2"
101072449,2022-10-01,2026-09-30,"2617264,8"
101152353,2025-01-01,2026-12-31,"173847,36"
101150806,2025-03-15,2027-09-14,249618
101151412,2025-09-01,2027-08-31,"195914,88"
101145914,2024-06-01,2026-05-31,"165312,96"
101146749,2025-09-01,2027-08-31,191760
101148076,2024-05-01,2026-04-30,"222727,68"
101081581,2023-10-01,2028-09-30,1881600
101062963,2023-09-01,2025-08-31,"206887,68"
101146287,2024-07-01,2026-06-30,175920
101162628,2024-04-15,2026-04-14,220125
101153323,2024-05-01,2026-04-30,"222727,68"
101119940,2024-01-01,2027-12-31,"4097440,8"
101153616,2024-10-01,2026-09-30,"188590,08"
101183111,2024-09-01,2028-08-31,326600
101086341,2023-01-01,2026-12-31,441600
101154245,2025-01-01,2026-12-31,"222727,68"
101154408,2025-02-01,2027-01-31,"195914,88"
101064300,2023-01-01,2025-01-31,"173847,36"
101063265,2023-01-01,2024-12-31,"199694,4"
101064373,2022-06-01,2024-05-31,"183600,96"
101058904,2022-12-01,2025-05-31,"215534,4"
101086293,2023-01-01,2026-12-31,588800
101119937,2023-09-01,2027-08-31,"3829874,4"
101062042,2023-09-01,2025-08-31,"173847,36"
101154490,2024-06-01,2026-05-31,"165312,96"
101067928,2022-09-01,2024-08-31,"195914,88"
101153057,2025-01-01,2026-12-31,"199440,96"
101063656,2022-09-01,2024-08-31,191760
101152131,2024-05-01,2026-04-30,191760
101150647,2025-03-01,2027-02-28,"181152,96"
101146753,2025-06-01,2027-05-31,"181152,96"
101153268,2024-10-01,2027-03-31,"226441,2"
101067095,2022-10-01,2024-09-30,191760
101064890,2023-06-01,2025-05-31,"172750,08"
101183150,2025-01-01,2028-12-31,1614600
101149372,2024-09-01,2026-08-31,"181152,96"
101169349,2024-11-01,2028-10-31,"2785636,8"
101154597,2025-06-01,2027-05-31,"215534,4"
101061075,2022-05-02,2024-05-01,295000
101149577,2024-10-14,2026-10-13,"215534,4"
101162282,2024-06-01,2026-05-31,299375
101120360,2024-01-01,2027-12-31,"2694376,8"
101149749,2025-09-01,2027-08-31,"165312,96"
101063803,2023-03-01,2025-02-28,"207609,6"
101062393,2022-08-01,2024-07-31,"165312,96"
101150006,2024-05-01,2026-04-30,"187624,32"
101067088,2023-02-01,2026-01-31,"239922,72"
101146746,2025-01-13,2027-01-12,"181152,96"
101150485,2025-01-13,2027-01-12,"210911,04"
101066007,2022-09-01,2026-02-28,"203464,32"
101149768,2024-05-01,2026-04-30,"183600,96"
101147351,2025-01-01,2027-12-31,"297164,16"
101086206,2023-05-01,2027-04-30,998200
101120556,2023-10-01,2027-09-30,2097900
101064984,2023-05-01,2025-04-30,"181152,96"
101151612,2024-08-15,2026-08-14,"215534,4"
101154876,2024-05-01,2026-04-30,"173847,36"
101086322,2023-01-01,2026-12-31,437000
101081293,2023-07-01,2028-06-30,1146240
101151834,2024-11-01,2027-10-31,"256442,88"
101119865,2024-01-01,2027-12-31,"2038780,8"
101062671,2022-10-01,2025-03-31,"226441,2"
101153722,2025-01-01,2027-12-31,"279227,52"
101064192,2022-10-16,2025-01-15,"181152,96"
101153787,2025-03-01,2027-02-28,"165312,96"
101061524,2022-04-01,2023-12-31,292614
101153366,2024-06-01,2026-05-31,"183600,96"
101177133,2024-11-01,2029-10-31,3763200
101068089,2023-09-01,2025-08-31,"165312,96"
101065667,2023-03-01,2025-02-28,"189687,36"
101149210,2025-01-01,2026-12-31,"172618,56"
101153670,2024-06-01,2026-05-31,"173847,36"
101154365,2024-09-01,2026-08-31,"169326,72"
101151299,2025-02-03,2027-02-02,"167741,76"
101063271,2023-09-01,2025-08-31,"199440,96"
101151398,2025-01-01,2026-12-31,"165312,96"
101067016,2022-06-01,2024-11-30,"215937,6"
101081645,2023-10-16,2028-10-15,1910400
101154240,2024-09-01,2026-08-31,"172618,56"
101066134,2022-07-01,2024-06-30,"195914,88"
101149919,2025-09-01,2027-08-31,"188590,08"
101131255,2023-10-01,2027-09-30,745200
101182827,2024-12-01,2028-11-30,538200
101149215,2024-05-01,2026-04-30,"183600,96"
101152223,2024-09-01,2026-08-31,"206887,68"
101154411,2025-01-01,2026-12-31,"181152,96"
101066240,2023-05-01,2025-04-30,"210911,04"
101063173,2023-01-01,2024-12-31,"215534,4"
101149034,2025-09-01,2027-08-31,"181152,96"
101064653,2022-09-01,2024-08-31,"150438,72"
101152437,2025-08-01,2028-07-31,"289407,84"
101150559,2025-09-01,2028-02-29,"226441,2"
101052284,2023-09-01,2025-08-31,"165312,96"
101065577,2023-09-01,2025-08-31,"172750,08"
101061853,2023-01-01,2025-12-31,"261380,64"
101059245,2023-09-01,2025-08-31,"181152,96"
101154683,2024-12-01,2026-11-30,"165312,96"
101073250,2022-09-01,2026-08-31,"1520395,2"
101150379,2024-11-01,2026-10-31,"175737,12"
101146144,2025-09-01,2028-08-31,"298749,12"
101151875,2024-07-01,2027-06-30,"258135,36"
101154788,2025-05-15,2028-05-14,"265099,2"
101168752,2024-09-01,2028-08-31,2585808
101152254,2024-11-18,2027-11-17,"317205,6"
101081463,2023-01-01,2027-12-31,1512000
101062123,2023-09-01,2025-08-31,"203464,32"
101151191,2024-10-01,2027-09-30,"265099,2"
101066047,2022-09-01,2024-08-31,"207266,88"
101130576,2024-01-01,2027-12-31,634800
101064945,2022-05-01,2024-04-30,"211754,88"
101068646,2022-06-16,2024-06-15,"148478,4"
101147370,2025-04-01,2027-03-31,"172750,08"
101061826,2022-10-01,2024-09-30,"187624,32"
101065824,2022-10-01,2024-09-30,"173847,36"
101119855,2023-09-01,2027-08-31,"2613103,2"
101149165,2024-06-01,2026-05-31,"203464,32"
101153176,2024-07-01,2026-06-30,"183600,96"
101068014,2023-07-01,2025-06-30,"189687,36"
101065519,2022-10-01,2024-09-30,191760
101126600,2024-01-01,2028-12-31,4298400
101146180,2025-09-01,2028-08-31,"307939,68"
101062153,2023-09-01,2025-08-31,"226751,04"
101151898,2025-09-01,2028-08-31,"265647,84"
101086360,2022-11-01,2026-10-31,1025800
101063180,2022-07-01,2024-06-30,"187624,32"
101152427,2025-06-01,2027-05-31,"172750,08"
101154355,2025-02-01,2027-01-31,"184698,24"
101062887,2023-01-09,2025-01-08,"181152,96"
101151409,2025-09-01,2027-08-31,"187624,32"
101153013,2025-03-01,2027-02-28,"156778,56"
101062754,2022-10-01,2025-09-30,"211754,88"
101149293,2025-09-01,2027-08-31,"165312,96"
101081465,2023-10-01,2028-09-30,7526400
101120349,2024-03-01,2028-02-29,"2710900,8"
101065500,2023-02-01,2025-01-31,"188590,08"
101151803,2024-05-01,2026-04-30,"156778,56"
101150783,2024-04-01,2026-03-31,"222727,68"
101155227,2024-11-01,2026-10-31,191760
101154946,2025-06-01,2027-05-31,"203464,32"
101154316,2024-09-01,2026-08-31,"188590,08"
101061120,2022-04-01,2024-03-31,250000
101073476,2022-10-01,2026-09-30,"2689725,6"
101153342,2025-02-01,2027-01-31,"215534,4"
101182765,2024-12-01,2028-11-30,1159200
101148931,2024-05-01,2026-04-30,"173847,36"
101066064,2023-05-01,2025-04-30,"124957,44"
101183049,2025-04-01,2029-03-31,588800
101064169,2023-02-01,2025-01-31,"165312,96"
101150255,2025-05-01,2027-04-30,"195914,88"
101063504,2023-06-01,2025-05-31,"173847,36"
101063613,2022-10-01,2024-09-30,"133735,68"
101068895,2022-12-01,2025-01-31,"173847,36"
101126656,2024-06-03,2029-06-02,2419200
101183054,2025-01-01,2028-12-31,1651400
101147105,2025-08-01,2027-07-31,"165312,96"
101068428,2022-10-01,2024-09-30,"155559,36"
101154837,2025-02-01,2027-01-31,"157622,4"
101069028,2023-01-01,2025-06-30,269418
101146870,2024-11-01,2026-10-31,"195914,88"
101153368,2024-10-01,2026-09-30,"189687,36"
101149053,2024-07-01,2026-06-30,"146049,6"
101154130,2025-01-01,2027-12-31,"277159,2"
101182859,2025-01-01,2028-12-31,966000
101068272,2023-09-01,2025-08-31,"166278,72"
101150146,2024-09-01,2026-08-31,"187624,32"
101062297,2023-09-01,2025-08-31,"188590,08"
101061421,2023-04-01,2025-03-31,"226751,04"
101065094,2023-05-01,2025-04-30,"165312,96"
101152700,2024-05-01,2026-04-30,"173847,36"
101149233,2024-07-01,2026-09-30,"164031,48"
101063992,2023-09-01,2026-02-28,"206641,2"
101161010,2024-02-01,2024-11-30,150000
101154998,2025-02-01,2027-01-31,"187624,32"
101072964,2023-01-01,2026-12-31,2598660
101151468,2024-06-01,2026-05-31,"181152,96"
101145915,2025-07-01,2027-06-30,"189687,36"
101130240,2023-10-01,2027-09-30,1531800
101152829,2024-08-01,2027-01-31,"249301,2"
101065298,2022-10-03,2025-07-02,"188590,08"
101068151,2022-08-01,2026-01-31,"336829,68"
101152408,2025-09-01,2027-08-31,"172750,08"
101179122,2025-01-01,2029-12-31,1719360
101061564,2022-03-15,2024-01-14,297142
101152804,2024-07-01,2026-06-30,"211754,88"
101152498,2024-11-01,2026-10-31,"166278,72"
101168193,2025-02-01,2030-01-31,"4067942,4"
101151235,2025-01-01,2026-12-31,"165312,96"
101065402,2023-09-01,2025-08-31,"211754,88"
101069033,2023-09-01,2025-08-31,"172750,08"
101119277,2023-09-01,2027-08-31,"3379543,2"
101061407,2023-09-01,2025-08-31,"173847,36"
101061192,2023-03-01,2025-02-28,"203891,04"
101066334,2022-07-01,2025-06-30,"265647,84"
101064724,2022-09-01,2024-08-31,"181152,96"
101063055,2022-10-01,2024-09-30,"188590,08"
101151772,2024-09-01,2026-08-31,"172750,08"
101130739,2023-12-01,2027-11-30,1591600
101149811,2025-09-01,2027-08-31,"181152,96"
101154222,2025-02-01,2027-01-31,"189687,36"
101066489,2022-11-01,2024-10-31,"214934,4"
101153248,2024-07-01,2026-06-30,175920
101066571,2022-09-26,2024-09-25,"165312,96"
101153230,2024-06-01,2026-05-31,"211754,88"
101061882,2023-01-01,2025-06-30,"283438,8"
101065174,2022-07-01,2024-12-31,"217309,2"
101154132,2025-05-15,2027-05-14,"173847,36"
101119624,2023-09-01,2027-08-31,"2054203,2"
101153173,2025-03-01,2027-02-28,"203464,32"
101119916,2023-12-01,2027-11-30,"2141841,6"
101151118,2024-04-01,2026-03-31,"211754,88"
101146720,2025-08-01,2027-07-31,"165312,96"
101152509,2025-01-01,2026-12-31,"203464,32"
101151173,2024-09-16,2026-09-15,"189687,36"
101152348,2025-01-01,2026-12-31,"187624,32"
101150159,2024-06-03,2026-06-02,"189687,36"
101068647,2023-03-01,2025-02-28,"183600,96"
101150893,2024-06-01,2026-05-31,175920
101169044,2025-03-01,2029-02-28,"3454941,6"
101153875,2025-09-01,2027-08-31,"151901,76"
101063794,2023-03-01,2025-02-28,"183600,96"
101068280,2022-09-01,2024-08-31,"166278,72"
101148826,2024-07-01,2026-06-30,"199694,4"
101182652,2025-01-01,2028-12-31,740600
101149179,2024-10-01,2026-09-30,"199440,96"
101183162,2025-01-01,2028-12-31,1600800
101152468,2024-06-01,2026-05-31,"165312,96"
101065545,2022-09-01,2024-08-31,"222727,68"
101169183,2025-01-01,2028-12-31,"3957537,6"
101131263,2024-01-01,2027-12-31,1656000
101064728,2022-11-01,2025-10-31,"288859,2"
101150590,2024-11-01,2026-10-31,"206887,68"
101062705,2022-09-05,2024-09-04,"181152,96"
101154247,2024-09-18,2026-09-17,"210911,04"
101150317,2025-03-03,2027-09-02,"235737,6"
101066732,2023-09-01,2025-08-31,"211754,88"
101067260,2023-04-01,2026-03-31,"261380,64"
101149684,2024-09-16,2026-09-15,"210911,04"
101151810,2024-11-01,2026-10-31,"203464,32"
101081441,2023-11-01,2028-10-31,3024000
101066638,2023-09-01,2026-02-28,"215937,6"
101154719,2025-09-01,2027-08-31,"195914,88"
101062840,2022-10-01,2025-09-30,"265099,2"
101150737,2024-09-01,2026-08-31,191760
101063410,2023-02-01,2025-02-28,"166278,72"
101148836,2024-05-01,2027-04-30,"296296,32"
101154613,2024-04-01,2026-03-31,"189687,36"
101064263,2023-02-01,2025-01-31,"165312,96"
101149329,2025-09-01,2027-08-31,"189687,36"
101153708,2025-01-07,2027-01-06,"172750,08"
101063809,2023-09-01,2025-08-31,"206887,68"
101153827,2025-07-31,2027-07-30,"173847,36"
101151697,2024-08-16,2026-08-15,"211754,88"
101149645,2025-01-01,2027-06-30,"244893,6"
101154972,2024-06-27,2026-06-26,"139953,6"
101150434,2024-05-01,2026-04-30,"165312,96"
101063858,2022-10-01,2024-09-30,"203464,32"
101169496,2025-02-01,2029-01-31,"3253593,6"
101063225,2023-09-01,2025-08-31,"172750,08"
101148225,2025-02-01,2027-01-31,"183600,96"
101169409,2025-01-01,2028-12-31,"3464611,2"
101131147,2023-11-01,2027-10-31,1444400
101058973,2022-06-01,2024-05-31,"188590,08"
101059528,2022-08-01,2024-07-31,"230774,4"
101062360,2022-11-01,2024-10-31,"186720,08"
101152462,2025-09-01,2027-08-31,"165312,96"
101073056,2022-09-01,2026-08-31,"2473984,8"
101146425,2025-01-13,2027-01-12,"172750,08"
101131090,2024-01-01,2027-12-31,1403000
101067043,2023-09-01,2025-08-31,"188590,08"
101162504,2024-05-06,2026-05-05,"342532,46"
101182734,2025-01-01,2028-12-31,1591600
101061873,2022-12-01,2025-02-28,"171399,36"
101068090,2023-05-01,2026-08-31,"220845,76"
101064105,2022-09-01,2024-08-31,"203464,32"
101067793,2023-03-01,2025-08-31,"217309,2"
101150591,2024-08-01,2027-07-31,"317205,6"
101148443,2024-12-01,2026-11-30,"188590,08"
101149078,2024-10-01,2026-09-30,"165312,96"
101131139,2023-07-01,2024-04-30,150000
101072316,2023-03-01,2027-02-28,"1985709,6"
101152638,2024-06-01,2026-05-31,"156778,56"
101152420,2024-10-01,2026-09-30,"195914,88"
101061655,2023-09-01,2025-08-31,"189687,36"
101119647,2024-01-01,2027-12-31,"2446322,4"
101062450,2022-09-01,2024-08-31,"181152,96"
101065747,2022-10-01,2024-09-30,"169326,72"
101154559,2025-02-01,2027-07-31,"254330,4"
101152277,2024-09-01,2026-08-31,"187624,32"
101062962,2022-06-01,2025-05-31,"265099,2"
101066123,2023-03-01,2025-02-28,"187624,32"
101059188,2022-12-01,2024-11-30,"133735,68"
101061631,2022-05-01,2024-04-30,"231162,5"
101148969,2024-10-01,2026-09-30,175920
101081419,2023-01-01,2027-12-31,5376000
101153110,2024-09-01,2027-02-28,"206641,2"
101152750,2025-09-01,2027-08-31,"169326,72"
101148539,2024-09-01,2026-08-31,175920
101149010,2024-09-01,2026-08-31,"187624,32"
101068996,2023-01-01,2025-10-31,"189687,36"
101151827,2024-05-01,2026-04-30,"189687,36"
101153450,2025-05-01,2027-04-30,"189687,36"
101146219,2024-10-01,2026-09-30,175920
101155429,2025-02-01,2027-01-31,191760
101063972,2023-08-07,2025-08-06,"199440,96"
101168792,2025-02-01,2029-01-31,"3188527,2"
101057562,2022-08-01,2024-11-30,"172750,08"
101169114,2024-09-01,2028-08-31,"3876998,4"
101151380,2024-07-01,2026-06-30,191760
101150406,2024-07-01,2026-06-30,"172750,08"
101065736,2022-09-01,2026-08-31,"172750,08"
101153456,2025-06-01,2027-05-31,"199440,96"
101150107,2024-06-01,2026-05-31,"172750,08"
101149607,2025-04-01,2027-03-31,"172750,08"
101065960,2022-05-15,2024-05-14,"173847,36"
101086321,2023-01-01,2026-12-31,1297200
101152749,2024-06-01,2026-05-31,164328
101162393,2024-03-01,2025-12-31,224300
101149851,2025-01-01,2026-12-31,175920
101066995,2023-09-01,2025-08-31,"195914,88"
101154967,2024-08-01,2026-07-31,"189687,36"
101149523,2025-08-01,2027-07-31,"181152,96"
101065086,2023-09-01,2025-08-31,"165312,96"
101061343,2022-05-01,2024-04-30,300000
101073432,2023-02-01,2027-01-31,2605392
101155036,2024-04-01,2026-03-31,"181152,96"
101126602,2024-01-01,2028-12-31,3582000
101063295,2023-09-01,2026-02-28,"216699,6"
101146781,2024-09-23,2026-09-22,"211754,88"
101154092,2024-10-01,2027-09-30,263880
101154965,2024-09-01,2026-08-31,191760
101081609,2024-01-01,2028-12-31,1910400
101061438,2022-09-01,2025-02-28,"254330,4"
101182752,2025-03-01,2029-02-28,1656000
101150833,2024-07-01,2026-06-30,"199694,4"
101169110,2025-03-01,2029-02-28,"2254766,4"
101065239,2023-09-01,2026-02-28,"283438,8"
101064252,2022-07-01,2025-06-30,"261380,64"
101062427,2022-08-01,2025-01-31,"219606,4"
101150544,2025-09-01,2027-08-31,"181152,96"
101062409,2022-05-01,2025-10-31,"199694,4"
101155157,2024-03-08,2026-03-07,175920
101182768,2025-01-01,2028-12-31,1656000
101155653,2024-10-01,2026-09-30,"206887,68"
101062302,2023-01-01,2024-12-31,"211754,88"
101061195,2022-10-01,2024-09-30,"188590,08"
101061858,2022-08-15,2025-02-14,"263638,8"
101153815,2024-09-01,2026-08-31,"189687,36"
101065757,2022-09-01,2024-08-31,"215534,4"
101061623,2022-09-01,2024-08-31,"226751,04"
101150190,2025-09-01,2028-08-31,"288859,2"
101064183,2023-05-22,2025-05-21,"226751,04"
101152070,2024-05-01,2026-04-30,"184698,24"
101065610,2022-08-01,2024-12-31,"211754,88"
101152823,2024-08-01,2026-07-31,"189687,36"
101065095,2023-09-01,2025-08-31,"181152,96"
101061805,2023-09-01,2025-08-31,"165312,96"
101130969,2024-01-01,2027-12-31,561200
101067283,2023-02-01,2025-01-31,"215534,4"
101067141,2022-09-01,2024-08-31,175920
101065058,2022-08-01,2024-07-31,"172750,08"
101152978,2024-09-01,2026-08-31,"172750,08"
101154199,2025-06-16,2027-06-15,"181152,96"
101067947,2022-09-01,2024-12-31,"209749,51"
101151531,2025-09-01,2027-08-31,"181152,96"
101064428,2023-09-01,2025-08-31,"189687,36"
101149584,2024-06-01,2027-05-31,"297164,16"
101147327,2024-10-01,2026-09-30,"172750,08"
101155568,2024-07-01,2026-06-30,"189687,36"
101065184,2023-09-01,2025-08-31,"172618,56"
101168570,2025-01-01,2028-12-31,"2669407,2"
101179433,2025-01-01,2029-12-31,2016000
101065108,2023-09-01,2025-08-31,"206887,68"
101066659,2022-10-01,2025-11-30,"280202,88"
101149886,2025-01-02,2028-01-01,"265099,2"
101162230,2024-04-21,2026-04-20,456875
101067143,2022-10-01,2024-09-30,"181152,96"
101062667,2022-09-01,2024-10-31,"179089,04"
101128202,2024-01-02,2029-01-01,2688000
101151717,2024-10-01,2026-09-30,"169326,72"
101149587,2024-10-01,2026-09-30,"203464,32"
101155280,2024-05-15,2026-05-14,"195914,88"
101153880,2024-10-01,2026-09-30,"195914,88"
101129729,2024-03-01,2028-02-29,1527200
101150319,2024-09-01,2026-08-31,"199440,96"
101065294,2022-07-15,2024-07-14,"181152,96"
101073266,2023-01-01,2026-12-31,3839136
101149136,2024-06-01,2026-11-30,"244893,6"
101155278,2024-08-01,2026-07-31,"172618,56"
101131418,2024-01-01,2027-12-31,404800
101162576,2024-05-01,2026-01-31,"299019,37"
101059470,2022-09-01,2024-08-31,"206887,68"
101062815,2023-09-01,2025-08-31,"210911,04"
101061165,2022-05-01,2024-04-30,299602
101129698,2024-01-01,2027-12-31,1633000
101149072,2024-07-01,2026-06-30,"165312,96"
101061497,2023-09-01,2025-08-31,"181152,96"
101149838,2024-11-01,2026-10-31,"189687,36"
101066032,2022-10-01,2024-09-30,"165312,96"
101063812,2023-09-01,2025-08-31,"206887,68"
101068493,2022-06-01,2026-07-31,"300441,6"
101063822,2023-04-01,2025-03-31,"199440,96"
101155030,2025-02-16,2027-02-15,"188590,08"
101154771,2024-06-01,2026-05-31,"195914,88"
101059012,2023-04-01,2025-03-31,"211754,88"
101179447,2024-09-01,2029-08-31,1050720
101150206,2025-02-14,2027-02-13,"195914,88"
101065772,2022-09-01,2024-08-31,"187624,32"
101155339,2024-06-08,2026-06-07,"173847,36"
101073316,2023-02-01,2027-01-31,"2568425,56"
101154262,2024-09-01,2026-08-31,"215534,4"
101069021,2022-09-01,2024-12-31,"174233,74"
101154023,2025-02-10,2027-02-09,"173847,36"
101069017,2023-01-01,2024-12-31,"173847,36"
101146388,2025-09-01,2028-08-31,"265099,2"
101130141,2024-01-01,2027-12-31,570400
101151067,2024-09-01,2026-08-31,"214934,4"
101146338,2025-08-01,2027-07-31,"226751,04"
101131579,2024-03-01,2028-02-29,1651400
101150910,2024-05-01,2026-04-30,"199440,96"
101064088,2022-10-01,2024-09-30,175920
101153004,2024-09-20,2026-09-19,"206887,68"
101067769,2023-07-01,2025-06-30,"173847,36"
101066503,2022-08-01,2026-08-31,"203464,32"
101154126,2025-01-01,2026-12-31,"150438,72"
101146785,2024-12-01,2026-11-30,"188590,08"
101066820,2022-07-01,2025-04-30,"226751,04"
101086366,2023-01-01,2026-12-31,1002800
101061187,2022-04-01,2024-03-31,220879
101072363,2022-10-01,2026-09-30,4201236
101148687,2024-09-01,2026-08-31,"210911,04"
101062975,2023-09-01,2025-08-31,191760
101152943,2024-12-01,2026-11-30,"183600,96"
101149450,2024-07-08,2026-07-07,"172750,08"
101149910,2025-04-01,2027-03-31,"195914,88"
101065552,2022-06-01,2024-05-31,"181152,96"
101066912,2022-06-01,2024-05-31,"156778,56"
101177663,2025-01-01,2029-12-31,7164000
101148929,2025-02-01,2027-01-31,"172750,08"
101065383,2023-12-15,2025-12-14,"188590,08"
101155720,2025-09-01,2027-08-31,"173847,36"
101061956,2022-09-01,2024-08-31,"206887,68"
101057846,2022-12-01,2024-11-30,"222727,68"
101149800,2024-09-01,2026-08-31,"177322,08"
101152987,2024-10-01,2026-09-30,"165312,96"
101150547,2024-06-01,2026-05-31,191760
101155110,2025-04-01,2027-03-31,"222727,68"
101066140,2022-08-01,2024-07-31,191760
101153494,2025-08-01,2028-01-31,249618
101149286,2024-10-16,2026-10-15,"165312,96"
101067782,2022-11-01,2024-10-31,"189687,36"
101151497,2024-05-01,2026-04-30,"188590,08"
101149024,2024-07-01,2026-06-30,"199694,4"
101061254,2022-04-01,2024-03-31,294030
101072462,2023-01-01,2026-12-31,"2106835,2"
101150950,2025-03-01,2027-02-28,"142757,76"
101182819,2025-01-01,2027-12-31,395600
101152035,2024-06-01,2026-05-31,"157622,4"
101155091,2025-05-03,2027-05-02,"199694,4"
101119574,2023-10-01,2027-09-30,"1595059,2"
101065646,2023-02-13,2025-02-12,"161411,52"
101062382,2023-02-01,2025-01-31,"175674,96"
101150646,2024-11-04,2026-11-03,"173847,36"
101066322,2023-02-01,2028-01-31,"368071,68"
101068156,2022-10-16,2024-10-15,"188590,08"
101072766,2022-09-01,2026-08-31,"2692173,6"
101126640,2023-12-01,2028-11-30,3360000
101059916,2023-02-01,2025-01-31,"172750,08"
101064805,2022-09-01,2024-08-31,"195914,88"
101147248,2025-05-01,2027-04-30,"206887,68"
101067742,2023-06-01,2025-05-31,"181152,96"
101155035,2024-06-01,2026-05-31,"173847,36"
101067413,2022-11-01,2025-10-31,"214934,4"
101155602,2024-06-01,2026-05-31,"215534,4"
101153155,2024-09-01,2026-08-31,191760
101067718,2023-01-01,2025-12-31,"300441,6"
101152897,2025-01-07,2028-01-06,"259429,92"
101063676,2022-12-01,2024-11-30,"206887,68"
101068114,2023-09-01,2025-08-31,"230774,4"
101150656,2024-09-01,2026-08-31,"189687,36"
101146745,2024-07-01,2026-06-30,"188590,08"
101148249,2025-09-01,2027-08-31,"199440,96"
101150924,2024-10-01,2026-09-30,"173847,36"
101063568,2022-06-01,2025-04-30,"203464,32"
101062272,2022-07-04,2024-07-03,"148478,4"
101153343,2024-08-01,2026-07-31,"189687,36"
101150667,2025-09-01,2028-02-29,"235737,6"
101152530,2024-09-23,2026-09-22,"199694,4"
101067746,2023-02-03,2025-02-02,"211754,88"
101066289,2022-08-01,2024-07-31,"189687,36"
101120454,2023-09-01,2027-08-31,"2719468,8"
101054477,2022-03-01,2025-02-28,"1870356,9"
101182748,2024-10-01,2028-09-30,1619200
101151042,2024-09-01,2026-08-31,"199694,4"
101119795,2024-02-01,2028-01-31,"2689603,2"
101119480,2023-12-01,2027-11-30,"2440396,8"
101151450,2024-09-01,2027-08-31,"265647,84"
101072830,2023-02-01,2027-01-31,"2684829,6"
101146266,2025-08-01,2027-07-31,"230774,4"
101154545,2024-05-01,2026-04-30,"230774,4"
101059391,2023-09-01,2025-08-31,"187624,32"
101064880,2022-09-01,2024-08-31,"210911,04"
101065845,2022-09-01,2025-02-28,"191858,4"
101061595,2022-05-01,2023-10-31,"314073,78"
101147514,2025-09-01,2029-02-28,"319273,2"
101168624,2025-01-01,2028-12-31,3953988
101149321,2024-09-01,2026-08-31,"165312,96"
101153050,2024-10-01,2026-09-30,"188590,08"
101066953,2023-09-01,2025-08-31,"222727,68"
101064763,2022-10-01,2024-11-30,191760
101065815,2023-01-01,2024-12-31,"188590,08"
101149390,2024-09-01,2027-02-28,"211658,4"
101068581,2023-09-01,2025-08-31,"173847,36"
101149659,2025-02-01,2027-01-31,"165312,96"
101063805,2022-09-01,2024-08-31,"203464,32"
101152832,2025-09-01,2027-08-31,"172750,08"
101072546,2023-03-01,2027-02-28,"3465345,6"
101154004,2024-11-01,2027-10-31,"265647,84"
101063128,2023-09-01,2025-08-31,"173847,36"
101062201,2022-09-01,2026-11-30,"150438,72"
101155344,2024-10-01,2027-09-30,"265099,2"
101064482,2022-09-01,2024-08-31,"206887,68"
101146566,2024-10-01,2026-09-30,"172750,08"
101151549,2025-08-01,2027-07-31,"173847,36"
101066563,2022-07-01,2024-01-31,"155099,28"
101151734,2024-09-01,2026-08-31,"172750,08"
101119511,2024-01-01,2027-12-31,"2192270,4"
101169465,2025-03-01,2029-02-28,"2927570,4"
101152260,2024-06-01,2026-05-31,"173847,36"
101063066,2022-05-01,2024-04-30,"165312,96"
101151843,2025-09-01,2027-08-31,"181152,96"
101061250,2022-05-02,2024-05-01,230890
101150336,2024-09-01,2027-08-31,"280873,44"
101148220,2024-08-01,2026-07-31,"173847,36"
101065669,2022-08-01,2024-07-31,"214934,4"
101068836,2023-03-01,2025-02-28,"156778,56"
101063274,2023-07-16,2025-07-15,"172750,08"
101150601,2025-09-01,2027-08-31,"181152,96"
101086323,2023-01-01,2026-12-31,993600
101152197,2025-02-01,2027-01-31,"173847,36"
101182968,2025-01-01,2028-12-31,1656000
101151214,2024-11-07,2026-11-06,"166278,72"
101131087,2023-10-01,2027-09-30,676200
101152971,2025-09-01,2027-08-31,"183174,24"
101148340,2025-07-01,2027-06-30,"188590,08"
101150400,2024-11-01,2027-04-30,"175234,8"
101152715,2024-06-03,2026-06-02,"199694,4"
101061889,2023-01-01,2024-12-31,"222727,68"
101149877,2024-09-01,2026-08-31,"172750,08"
101149152,2024-05-01,2026-04-30,191760
101149359,2025-01-01,2026-12-31,"187624,32"
101152674,2025-04-01,2027-03-31,"206887,68"
101152805,2025-01-01,2026-12-31,"172750,08"
101063708,2023-09-01,2025-08-31,"187624,32"
101148925,2024-10-14,2026-10-13,"195914,88"
101160622,2024-06-01,2026-05-31,297596
101152531,2025-09-01,2028-08-31,"280873,44"
101065967,2022-11-01,2024-10-31,175920
101064906,2023-09-01,2026-08-31,"266318,4"
101060281,2022-09-01,2024-08-31,"230774,4"
101150536,2024-09-01,2026-08-31,"195914,88"
101152906,2024-04-01,2026-03-31,"181152,96"
101064476,2023-06-01,2025-05-31,"183600,96"
101060448,2022-10-01,2024-09-30,"173847,36"
101153856,2024-05-16,2026-05-15,"175737,12"
101154533,2024-05-01,2026-04-30,"211754,88"
101151070,2024-12-01,2026-11-30,"165312,96"
101152280,2025-09-01,2027-08-31,175920
101063551,2022-09-01,2024-08-31,"203464,32"
101086363,2023-01-01,2026-12-31,174800
101066383,2022-08-01,2024-07-31,"187624,32"
101154901,2025-03-01,2027-02-28,"222727,68"
101152621,2024-08-15,2027-08-14,"257235,36"
101066146,2023-01-16,2025-01-15,"195914,88"
101068861,2022-06-01,2025-05-31,"261380,64"
101068135,2022-11-01,2025-02-28,"206887,68"
101148787,2024-10-01,2026-09-30,"215534,4"
101072891,2023-01-01,2026-12-31,"2630239,2"
101129879,2023-10-01,2027-09-30,1651400
101063596,2023-09-01,2025-08-31,"181152,96"
101061720,2022-09-01,2024-08-31,"211754,88"
101062372,2023-02-16,2025-02-15,"172750,08"
101065089,2022-10-03,2024-12-02,"153486,72"
101062916,2022-06-01,2024-05-31,"199440,96"
101152209,2025-05-01,2027-04-30,"187624,32"
101064707,2022-11-01,2025-10-31,"246384,48"
101065825,2022-06-01,2024-05-31,"171399,36"
101066556,2023-06-01,2025-05-31,"199440,96"
101154933,2024-09-01,2026-08-31,"226751,04"
101060616,2022-06-01,2024-11-30,"206641,2"
101064255,2023-09-01,2025-08-31,"181152,96"
101061290,2023-01-01,2024-12-31,191760
101148781,2024-05-01,2026-04-30,"189687,36"
101086440,2023-03-01,2027-02-28,726800
101060079,2022-09-01,2024-08-31,"187624,32"
101153162,2024-11-01,2026-10-31,"188590,08"
101063718,2023-05-01,2025-04-30,"226751,04"
101068029,2023-06-01,2025-05-31,"181152,96"
101063364,2023-03-01,2025-02-28,"214934,4"
101065464,2022-10-01,2024-09-30,"195914,88"
101153937,2025-02-01,2027-01-31,"173847,36"
101150187,2024-09-01,2026-08-31,"175737,12"
101063183,2022-10-01,2024-09-30,"189687,36"
101061904,2023-05-01,2025-04-30,"150438,72"
101086178,2023-03-01,2027-02-28,1458200
101152820,2024-06-01,2026-05-31,"165312,96"
101155053,2024-07-01,2026-06-30,"195914,88"
101059679,2023-07-01,2025-06-30,"210911,04"
101179323,2025-01-01,2028-12-31,1085600
101064013,2023-01-01,2024-12-31,"214934,4"
101154412,2025-02-16,2027-02-15,"172750,08"
101066298,2022-10-10,2025-10-09,"261380,64"
101147198,2025-03-01,2027-02-28,"173847,36"
101060505,2023-09-01,2025-08-31,"173847,36"
101146483,2024-08-01,2026-07-31,"226751,04"
101152729,2025-08-01,2027-07-31,"230774,4"
101056737,2022-10-01,2024-09-30,"187624,32"
101169098,2024-10-01,2028-09-30,"4267576,8"
101152284,2024-08-01,2026-07-31,175920
101066800,2022-06-01,2024-05-31,"183600,96"
101066450,2022-07-01,2024-07-31,"199440,96"
101120332,2023-10-01,2027-09-30,"3821918,4"
101154087,2024-09-01,2027-08-31,"275523,36"
101066593,2023-04-01,2025-03-31,"172618,56"
101151676,2024-09-01,2026-08-31,"215534,4"
101068588,2023-09-01,2025-08-31,"187624,32"
101162498,2024-04-01,2026-03-31,"299868,75"
101183168,2025-01-01,2028-12-31,924600
101065946,2024-01-01,2025-12-31,"183600,96"
101150779,2024-05-01,2026-04-30,"206887,68"
101063597,2023-09-01,2025-08-31,"199440,96"
101151489,2025-09-01,2028-02-29,"226441,2"
101148549,2024-10-17,2026-10-16,"173847,36"
101151931,2024-09-01,2026-08-31,"165312,96"
101065578,2023-07-01,2025-06-30,"173847,36"
101149335,2024-06-01,2026-05-31,"199440,96"
101065857,2023-07-01,2026-06-30,"261380,64"
101063008,2023-09-01,2025-08-31,"187624,32"
101148693,2025-01-01,2026-12-31,"187624,32"
101119845,2024-03-01,2028-02-29,"2719468,8"
101153119,2024-04-15,2026-04-14,"162499,2"
101153855,2025-04-01,2028-03-31,"302331,36"
101153465,2025-09-01,2027-08-31,"172750,08"
101067960,2022-06-13,2024-06-12,"148478,4"
101182877,2024-11-01,2028-10-31,542800
101153154,2024-10-01,2026-09-30,"165312,96"
101149382,2025-09-01,2028-08-31,"265099,2"
101069157,2022-07-31,2024-10-30,"224818,78"
101064641,2022-08-15,2024-08-14,"171521,28"
101061575,2022-09-01,2024-09-30,"215534,4"
101060840,2023-01-15,2025-01-14,"188590,08"
101168714,2024-10-01,2028-09-30,"2379002,4"
101064648,2023-01-01,2024-12-31,"195914,88"
101086250,2022-12-01,2026-11-30,1416800
101155612,2024-06-01,2026-11-30,"249301,2"
101062717,2022-11-01,2024-10-31,175920
101082394,2023-03-01,2027-02-28,437000
101152113,2024-08-01,2026-07-31,"165059,52"
101069035,2022-12-15,2024-12-14,"189687,36"
101151199,2025-09-01,2027-08-31,"189687,36"
101063413,2022-12-01,2024-11-30,"188590,08"
101147446,2024-08-14,2026-08-13,"189687,36"
101150792,2025-09-01,2027-08-31,"188590,08"
101152448,2024-09-01,2026-08-31,"172750,08"
101060851,2023-03-01,2025-02-28,"230774,4"
101154930,2025-09-01,2027-08-31,"211754,88"
101151627,2024-08-01,2026-07-31,"189687,36"
101065943,2023-03-01,2025-02-28,"173847,36"
101168616,2025-01-01,2028-12-31,"3975775,2"
101062426,2022-12-01,2024-11-30,"187624,32"
101146738,2025-03-17,2028-03-16,"272536,32"
101064322,2023-04-01,2025-03-31,"188590,08"
101065222,2023-09-01,2025-08-31,"214934,4"
101152528,2024-09-01,2026-08-31,"165312,96"
101073508,2023-01-01,2026-12-31,"2228500,8"
101072475,2023-01-01,2026-12-31,"2379736,8"
101064452,2023-04-01,2025-03-31,191760
101155640,2025-09-01,2027-08-31,"183600,96"
101064385,2022-06-15,2024-12-14,"186524,4"
101150024,2024-08-01,2026-07-31,"222727,68"
101059460,2022-09-01,2025-02-28,"172618,56"
101063908,2023-09-01,2025-08-31,"172750,08"
101061275,2022-09-01,2024-08-31,"222727,68"
101152533,2025-09-01,2027-08-31,175920
101151314,2025-08-15,2027-08-14,"226751,04"
101062451,2023-08-10,2025-08-09,"226751,04"
101152104,2025-07-01,2028-06-30,"288859,2"
101060942,2023-02-01,2025-01-31,"188590,08"
101067165,2023-05-01,2025-04-30,"211754,88"
101153103,2025-07-01,2027-06-30,"199440,96"
101183082,2025-01-01,2028-12-31,1200600
101128265,2024-01-01,2028-12-31,1432800
101062359,2023-09-01,2025-08-31,"188590,08"
101069121,2023-01-01,2024-12-31,"195914,88"
101148808,2024-10-01,2026-09-30,"183600,96"
101149227,2025-02-01,2028-01-31,"280202,88"
101067825,2023-09-01,2025-08-31,"156778,56"
101064526,2023-02-01,2025-01-31,"187624,32"
101073138,2022-10-01,2026-09-30,4067548
101066850,2022-09-15,2025-05-14,"254330,4"
101149763,2025-09-01,2027-08-31,"172750,08"
101154422,2025-01-01,2027-12-31,"280995,36"
101064542,2023-09-01,2025-08-31,"188590,08"
101152202,2024-09-01,2026-08-31,"214934,4"
101062882,2022-09-01,2024-08-31,"230774,4"
101066772,2022-08-15,2024-08-14,"183600,96"
101120348,2023-10-01,2027-09-30,"2251216,8"
101162110,2024-05-01,2026-04-30,"337424,15"
101120108,2024-01-01,2027-12-31,"3455308,8"
101064077,2023-09-01,2025-08-31,"195914,88"
101148213,2025-01-13,2027-01-12,"188590,08"
101067627,2023-01-01,2026-04-30,"206887,68"
101149116,2024-10-15,2026-10-14,"206887,68"
101153710,2024-04-01,2026-03-31,"199440,96"
101065866,2022-09-01,2024-08-31,"173847,36"
101148636,2024-04-01,2026-03-31,"183600,96"
101062349,2023-09-01,2025-08-31,"188590,08"
101153296,2025-07-01,2027-06-30,"165312,96"
101062428,2022-09-01,2024-08-31,175920
101065448,2023-08-21,2026-02-20,"215937,6"
101149852,2025-07-15,2028-07-14,"265099,2"
101153087,2025-07-07,2027-07-06,"155559,36"
101067198,2023-09-01,2025-08-31,"187624,32"
101068328,2022-10-01,2024-09-30,190242
101063723,2023-09-01,2025-08-31,"165312,96"
101065902,2022-10-01,2024-09-30,"181152,96"
101069949,2023-02-01,2027-01-31,806220
101066785,2022-07-01,2024-06-30,"165312,96"
101151733,2024-12-05,2026-12-04,"226751,04"
101069104,2022-05-15,2024-05-14,"222727,68"
101060679,2023-06-01,2025-05-31,"181152,96"
101060427,2023-01-01,2024-12-31,"173847,36"
101065933,2023-09-01,2025-08-31,"172750,08"
101119880,2023-09-01,2027-08-31,2615796
101067046,2022-06-01,2024-05-31,"206887,68"
101059248,2022-08-01,2024-07-31,"189687,36"
101150312,2024-11-01,2026-10-31,"187624,32"
101150688,2024-04-01,2026-03-31,"181152,96"
101153676,2025-09-01,2027-08-31,"165312,96"
101152684,2024-09-01,2026-08-31,"199694,4"
101150968,2025-03-01,2027-02-28,"189687,36"
101073100,2023-03-01,2027-02-28,"2228671,6"
101066127,2022-09-16,2024-09-15,"181152,96"
101064842,2023-09-01,2025-12-31,"192865,12"
101151441,2024-12-01,2026-11-30,"165312,96"
101151119,2024-11-15,2026-11-14,"172750,08"
101149924,2025-06-03,2028-06-02,"297164,16"
101065296,2023-01-01,2025-02-28,"166278,72"
101086338,2023-01-01,2026-12-31,818800
101130572,2023-11-01,2027-10-31,1292600
101154656,2025-04-01,2027-03-31,"165312,96"
101073014,2023-03-01,2027-02-28,"2617876,8"
101064140,2023-08-01,2025-07-31,"214934,4"
101062861,2023-01-01,2024-12-31,"230774,4"
101067295,2022-11-01,2024-10-31,"166278,72"
101068484,2022-11-01,2025-10-31,"288859,2"
101150016,2024-06-01,2026-05-31,"206887,68"
101152973,2025-01-02,2027-01-01,"172750,08"
101149036,2024-12-01,2026-11-30,"181152,96"
101086139,2023-01-01,2026-12-31,662400
101058889,2023-03-01,2025-08-31,239700
101151077,2025-02-20,2027-02-19,"211754,88"
101149823,2025-03-01,2027-02-28,"183600,96"
101066188,2023-11-01,2026-10-31,"265099,2"
101060398,2022-04-01,2023-11-30,229500
101059737,2022-04-01,2024-03-31,274862
101066752,2023-04-01,2025-03-31,148488
101153960,2024-05-01,2026-04-30,"206887,68"
101120060,2024-02-01,2028-01-31,"2547007,2"
101154728,2025-03-01,2027-02-28,"181152,96"
101063509,2022-09-01,2025-08-31,"265099,2"
101118964,2024-01-01,2027-12-31,"2611879,2"
101150127,2024-10-01,2027-09-30,"280751,52"
101060678,2022-04-01,2023-11-30,223500
101155041,2024-05-01,2026-04-30,"173847,36"
101131228,2023-10-01,2027-09-30,897000
101129910,2024-01-01,2027-12-31,584200
101064409,2023-09-01,2025-08-31,"211754,88"
101150747,2024-07-01,2026-06-30,"165312,96"
101086411,2023-01-01,2026-12-31,993600
101149087,2024-05-01,2026-04-30,"150438,72"
101151258,2024-04-10,2027-04-09,"266684,16"
101151073,2024-09-01,2026-08-31,"210911,04"
101066276,2023-01-09,2025-01-08,"187624,32"
101061939,2023-09-01,2025-08-31,"148478,4"
101150168,2025-09-01,2027-08-31,"165312,96"
101154739,2025-09-01,2027-08-31,"199440,96"
101069118,2022-10-01,2024-09-30,"199440,96"
101067156,2023-09-01,2025-08-31,"210911,04"
101081355,2023-07-01,2028-06-30,4776000
101182796,2025-01-01,2028-12-31,1393800
101063294,2023-02-01,2025-08-31,"173847,36"
101149320,2024-09-02,2026-09-01,"195914,88"
101162513,2024-04-01,2026-01-31,209000
101067269,2022-07-01,2024-06-30,"215534,4"
101169149,2024-10-01,2028-09-30,"1615989,6"
101152821,2024-10-01,2027-03-31,"283438,8"
101147615,2025-09-01,2027-08-31,"165312,96"
101182798,2025-01-01,2028-12-31,547400
101062606,2022-10-01,2024-09-30,"199440,96"
101147188,2024-10-01,2026-07-31,"156778,56"
101072456,2023-03-01,2027-02-28,"2537877,6"
101064200,2022-06-01,2025-03-31,"158597,76"
101130984,2024-03-01,2028-02-29,294400
101060482,2024-01-01,2026-12-31,"283433,76"
101066499,2022-05-01,2024-04-30,"181152,96"
101150684,2025-01-01,2026-12-31,"173847,36"
101119917,2024-02-01,2028-01-31,"2690215,2"
101149855,2024-09-30,2027-03-30,249618
101149230,2024-10-20,2026-10-19,"222727,68"
101154542,2025-09-01,2027-08-31,"181152,96"
101150862,2025-01-01,2026-12-31,"181152,96"
101131342,2024-03-01,2028-02-29,501400
101064225,2023-09-01,2025-08-31,"181152,96"
101143731,2024-11-01,2026-10-31,"165312,96"
101150734,2025-09-01,2027-08-31,"222727,68"
101151488,2025-02-01,2027-01-31,"189687,36"
101126720,2024-01-01,2028-12-31,1814400
101062461,2022-09-01,2026-08-31,"187624,32"
101150380,2024-04-01,2026-03-31,"165312,96"
101119767,2023-10-01,2027-09-30,"2643703,2"
101152222,2025-01-01,2026-12-31,"172750,08"
101151954,2024-05-01,2026-04-30,"165312,96"
101149452,2025-04-01,2027-03-31,191760
101062497,2022-06-01,2024-05-31,"189687,36"
101064925,2023-05-01,2026-08-31,"335734,08"
101162435,2024-04-15,2026-04-14,248750
101149960,2025-09-01,2027-08-31,"206887,68"
101129655,2023-11-01,2027-10-31,841800
101168724,2024-10-01,2028-09-30,"2096033,4"
101126497,2024-04-01,2029-03-31,2016000
101168287,2025-02-01,2029-01-31,"3533767,2"
101150831,2024-05-01,2026-04-30,"199694,4"
101120311,2024-01-01,2027-12-31,"2055304,8"
101146059,2025-06-01,2027-05-31,"189687,36"
101081615,2023-10-01,2028-09-30,1411200
101153528,2024-09-01,2026-08-31,"181152,96"
101066810,2022-06-01,2024-10-31,"200600,92"
101068212,2023-01-01,2024-12-31,"165312,96"
101062851,2022-10-18,2024-10-17,"165312,96"
101063933,2022-09-01,2024-08-31,"187624,32"
101146631,2025-01-01,2027-06-30,"206641,2"
101152984,2024-07-01,2026-06-30,"173847,36"
101151716,2024-10-01,2026-09-30,"155793,6"
101148570,2025-02-01,2027-01-31,"165312,96"
101065330,2022-10-01,2024-09-30,"188590,08"
101154361,2024-09-01,2026-08-31,"155793,6"
101151487,2024-04-01,2026-03-31,"165312,96"
101151194,2024-09-01,2026-08-31,"222727,68"
101151986,2025-04-01,2027-03-31,"156778,56"
101067100,2023-08-01,2025-07-31,"181152,96"
101152850,2024-04-01,2026-03-31,175920
101119806,2024-03-01,2028-02-29,2540651
101131151,2023-10-01,2027-09-30,1495000
101154995,2024-11-01,2027-10-31,"332506,56"
101150895,2024-05-01,2026-04-30,175920
101065769,2022-09-01,2025-08-31,"276864,48"
101064374,2022-06-01,2024-05-31,"183530,4"
101183033,2025-03-01,2029-02-28,257600
101131534,2024-03-01,2028-02-29,924600
101149188,2024-10-01,2026-09-30,"226751,04"
101154254,2025-02-01,2027-01-31,175920
101153683,2024-09-01,2027-08-31,"265647,84"
101154359,2024-06-01,2026-05-31,"195914,88"
101059253,2022-12-01,2024-11-30,"153486,72"
101149397,2024-09-02,2026-09-01,"215534,4"
101150043,2024-04-01,2026-03-31,175920
101162178,2024-05-01,2026-02-28,148750
101068134,2022-07-15,2024-07-14,"165312,96"
101059532,2023-01-09,2025-01-08,"199440,96"
101154117,2024-12-01,2026-11-30,"188590,08"
101150029,2024-06-01,2026-11-30,"206641,2"
101065618,2022-11-01,2024-10-31,175920
101162172,2024-05-01,2026-04-30,"299581,39"
101153594,2024-09-01,2026-08-31,"165312,96"
101061403,2023-09-01,2025-08-31,"199440,96"
101149782,2024-04-01,2026-03-31,"165312,96"
101151048,2025-05-12,2027-05-11,"181152,96"
101066019,2023-09-01,2025-08-31,"188590,08"
101066915,2022-08-01,2024-07-31,"211754,88"
101062004,2022-12-01,2025-11-30,"297164,16"
101063930,2023-04-01,2025-03-31,"189687,36"
101149685,2025-04-01,2027-03-31,"172750,08"
101131346,2024-03-01,2028-02-29,1297200
101073263,2022-09-01,2026-08-31,"4059834,36"
101059918,2022-10-01,2024-09-30,"188590,08"
101067304,2023-09-29,2025-09-28,"181152,96"
101148958,2024-09-01,2026-08-31,"165312,96"
101149735,2024-08-01,2026-07-31,"187624,32"
101067622,2023-01-01,2024-12-31,175920
101153247,2024-09-01,2026-08-31,"195914,88"
101150340,2024-10-01,2026-09-30,"206887,68"
101152074,2024-12-01,2026-11-30,"165312,96"
101153034,2024-05-01,2026-04-30,"195914,88"
101064583,2023-02-01,2025-01-31,"181152,96"
101062130,2022-10-01,2024-09-30,191760
101066921,2023-09-01,2025-08-31,"181152,96"
101067180,2022-10-01,2024-09-30,"165312,96"
101060834,2022-11-03,2024-11-02,"183600,96"
101151805,2025-02-01,2027-01-31,"188590,08"
101149570,2024-09-01,2026-08-31,"165312,96"
101152383,2025-01-01,2026-12-31,"206887,68"
101064840,2022-10-01,2024-09-30,175920
101062870,2022-10-01,2024-09-30,"187624,32"
101064083,2023-03-15,2025-03-14,"230774,4"
101064660,2022-10-01,2024-09-30,"173847,36"
101152592,2024-06-01,2026-05-31,"188590,08"
101153685,2025-09-01,2027-08-31,"166278,72"
101063316,2022-12-01,2025-05-31,"188590,08"
101154567,2024-11-01,2026-10-31,"173847,36"
101067130,2023-09-01,2025-08-31,"181152,96"
101063280,2022-08-15,2025-08-14,"300441,6"
101064078,2023-03-15,2025-03-14,"195914,88"
101068449,2022-05-01,2025-04-30,"265647,84"
101066867,2022-07-01,2024-06-30,"173847,36"
101149764,2024-04-01,2026-03-31,"230774,4"
101066324,2022-10-10,2024-10-09,"150438,72"
101182929,2025-07-01,2029-06-30,1283400
101149209,2024-09-01,2026-08-31,"195914,88"
101059766,2022-10-01,2025-06-30,"155793,6"
101119433,2023-10-01,2027-09-30,"1565275,2"
101151316,2025-09-01,2027-08-31,"189687,36"
101149808,2025-01-01,2026-12-31,"189687,36"
101147317,2024-08-01,2027-07-31,"256442,88"
101065295,2022-09-01,2024-08-31,"188590,08"
101152123,2024-09-01,2026-08-31,"181152,96"
101147090,2025-04-01,2027-03-31,"195914,88"
101060306,2023-01-01,2026-12-31,"215534,4"
101167834,2025-02-01,2029-01-31,"2900692,8"
101067953,2022-06-01,2024-05-31,"165312,96"
101147079,2024-08-01,2026-07-31,"226751,04"
101162328,2024-04-01,2026-03-31,299000
101059247,2023-01-01,2024-09-30,"137181,24"
101064340,2022-10-01,2024-09-30,"165312,96"
101059907,2022-05-01,2025-04-30,1997875
101169472,2025-02-01,2029-01-31,"3790184,4"
101150169,2025-01-01,2026-12-31,191760
101150643,2024-04-01,2026-03-31,"173847,36"
101169346,2024-12-01,2028-11-30,2617632
101086373,2023-01-01,2026-12-31,763600
101064650,2022-12-15,2025-03-14,"172750,08"
101161922,2024-05-01,2025-12-31,299750
101063168,2022-10-25,2026-01-24,"226751,04"
101150841,2025-06-01,2027-05-31,"215534,4"
101129945,2024-01-01,2027-12-31,1518000
101155273,2024-09-01,2026-08-31,"189687,36"
101068774,2022-09-20,2024-09-19,"210911,04"
101146158,2025-05-07,2027-05-06,"199440,96"
101147635,2024-09-01,2026-08-31,"172618,56"
101155089,2024-08-01,2026-07-31,"215534,4"
101068591,2023-06-01,2026-05-31,"261380,64"
101152989,2024-04-01,2026-03-31,"187624,32"
101066911,2023-09-01,2025-08-31,"222727,68"
101152145,2024-04-01,2026-03-31,"195914,88"
101152661,2024-07-15,2026-07-14,"211754,88"
101162548,2024-04-01,2026-03-31,300000
101066526,2022-09-01,2024-08-31,"189687,36"
101061630,2022-06-01,2023-05-31,149125
101150148,2024-11-01,2026-10-31,"155559,36"
101151806,2025-04-01,2027-03-31,"211754,88"
101068387,2023-06-26,2026-06-25,"288112,44"
101177949,2025-09-01,2030-08-31,4011840
101151439,2024-10-01,2026-09-30,"222727,68"
101153315,2025-01-01,2026-12-31,"211754,88"
101145975,2024-10-01,2026-09-30,"210789,12"
101064367,2023-09-01,2025-08-31,191760
101062730,2023-06-01,2025-05-31,"203464,32"
101168976,2024-11-01,2028-10-31,"3886545,6"
101063820,2022-08-01,2024-07-31,"173847,36"
101065785,2022-09-01,2025-02-28,"264693,6"
101151185,2024-07-01,2026-06-30,"139953,6"
101065328,2022-09-01,2024-08-31,"203464,32"
101068401,2023-08-21,2026-02-20,"283438,8"
101182922,2024-12-01,2028-11-30,1656000
101061661,2023-09-01,2025-08-31,"165059,52"
101062339,2023-02-01,2025-01-31,"214934,4"
101060987,2022-05-01,2024-04-30,"214934,4"
101060995,2023-09-01,2025-08-31,"199440,96"
101060007,2022-10-01,2024-09-30,175920
101153734,2024-08-01,2026-07-31,"206887,68"
101153133,2025-03-01,2027-02-28,"222727,68"
101148427,2025-09-01,2027-08-31,"165312,96"
101155271,2024-05-01,2026-04-30,175920
101068419,2023-08-01,2025-07-31,"222727,68"
101059124,2023-01-01,2026-08-31,"328494,96"
101073065,2023-01-01,2026-12-31,"2629994,4"
101161615,2024-04-01,2025-11-30,302250
101065661,2023-09-01,2025-08-31,"165312,96"
101154941,2024-12-01,2026-11-30,191760
101065852,2022-10-01,2024-09-30,"189687,36"
101153345,2024-04-15,2026-04-14,"187624,32"
101155733,2024-07-01,2026-06-30,"211754,88"
101059605,2023-09-01,2025-08-31,"181152,96"
101154676,2024-09-01,2027-08-31,"293445,6"
101151188,2025-03-01,2028-02-29,"252724,32"
101066750,2023-05-01,2026-04-30,"261380,64"
101129778,2023-12-01,2027-11-30,197800
101069067,2022-09-01,2025-12-31,"265647,84"
101072515,2022-10-01,2027-01-31,"2557900,8"
101061168,2022-04-01,2023-12-31,299372
101154335,2024-04-01,2026-03-31,"181152,96"
101063867,2022-11-01,2024-10-31,"189687,36"
101065808,2022-12-01,2025-11-30,"282046,08"
101061648,2022-10-01,2025-09-30,"265099,2"
101119830,2024-01-01,2027-12-31,"2629382,4"
101062888,2023-09-01,2025-08-31,"189687,36"
101154191,2024-08-01,2026-07-31,"230774,4"
101150405,2024-09-04,2026-09-03,"222727,68"
101068791,2022-12-01,2026-04-30,"288859,2"
101061559,2022-12-01,2024-11-30,"195914,88"
101152455,2025-09-01,2027-08-31,"206887,68"
101146565,2024-08-16,2026-08-15,"222727,68"
101146247,2025-03-01,2027-02-28,"214934,4"
101064359,2022-10-01,2024-09-30,"165312,96"
101061553,2022-04-01,2024-01-31,982000
101154089,2025-09-01,2029-02-28,"342607,2"
101065059,2022-06-15,2024-09-14,"172618,56"
101155448,2024-04-01,2026-03-31,191760
101162611,2024-05-01,2026-04-30,"299586,53"
101153987,2025-01-01,2026-12-31,"173847,36"
101066580,2022-07-01,2024-06-30,"172750,08"
101153374,2024-11-01,2026-10-31,164328
101064285,2022-10-01,2024-09-30,"189687,36"
101062011,2022-06-01,2024-05-31,"181152,96"
101150959,2025-09-01,2027-08-31,"188590,08"
101059800,2022-10-01,2024-09-30,"189687,36"
101162386,2024-04-01,2025-10-31,341750
101062799,2023-09-01,2025-08-31,"203464,32"
101125250,2023-11-01,2028-10-31,3360000
101152838,2024-08-01,2026-07-31,"195914,88"
101154630,2025-06-01,2027-05-31,"172750,08"
101150562,2025-02-01,2028-01-31,"266684,16"
101150689,2024-09-15,2026-09-14,"173847,36"
101073374,2023-01-01,2026-12-31,"2666836,8"
101067553,2023-07-30,2025-07-29,"169326,72"
101153525,2025-05-01,2027-04-30,"188590,08"
101067363,2023-04-01,2025-03-31,"165312,96"
101065157,2023-05-02,2025-05-01,"165312,96"
101062614,2022-09-01,2025-08-31,"286191,36"
101067741,2023-06-01,2025-05-31,"215534,4"
101073355,2022-09-01,2026-08-31,"2215893,6"
101149931,2024-09-01,2026-08-31,"165312,96"
101061920,2022-10-01,2025-03-31,"203464,32"
101131204,2024-01-01,2027-12-31,138000
101182995,2024-10-01,2028-09-30,584200
101064889,2023-01-02,2025-04-01,"226751,04"
101063386,2023-03-07,2025-03-06,"181152,96"
101152917,2025-01-01,2026-12-31,"156778,56"
101152771,2025-06-01,2027-05-31,"165312,96"
101146622,2024-05-15,2026-05-14,"188590,08"
101062798,2022-11-01,2024-10-31,"172750,08"
101072732,2023-01-01,2026-12-31,"2062771,2"
101068013,2022-10-01,2025-09-30,"189687,36"
101064063,2023-09-01,2025-08-31,"211754,88"
101153505,2025-09-01,2027-08-31,"189687,36"
101063350,2023-04-01,2025-03-31,"199440,96"
101147032,2024-10-01,2026-09-30,"183600,96"
101066352,2023-09-01,2025-08-31,"199440,96"
101152418,2024-06-01,2026-05-31,"206887,68"
101152858,2024-07-22,2026-07-21,"165312,96"
101149389,2024-07-01,2027-06-30,"292043,52"
101068379,2023-03-01,2025-02-28,"195914,88"
101152010,2024-10-01,2026-09-30,"188590,08"
101153001,2024-07-01,2026-06-30,"181152,96"
101148701,2024-04-01,2026-03-31,"206887,68"
101146540,2025-09-01,2027-08-31,"195914,88"
101150718,2025-09-01,2027-08-31,"181152,96"
101068894,2023-01-01,2026-12-31,"288859,2"
101155502,2024-09-01,2026-08-31,"169326,72"
101068503,2022-08-01,2024-11-30,"181152,96"
101062513,2022-09-01,2024-08-31,"188590,08"
101062014,2023-09-01,2025-08-31,"165312,96"
101063760,2022-09-15,2025-03-14,"263638,8"
101151461,2024-10-01,2026-09-30,"230774,4"
101154499,2024-12-01,2026-11-30,191760
101146545,2025-09-01,2027-08-31,"187624,32"
101151424,2025-09-01,2027-08-31,"171399,36"
101064721,2023-09-01,2025-08-31,"173847,36"
101147418,2025-09-01,2027-08-31,"195914,88"
101072448,2022-11-01,2027-04-30,"2656677,6"
101153221,2024-04-01,2026-03-31,"211754,88"
101063876,2023-09-01,2025-08-31,"173847,36"
101062643,2022-09-01,2026-03-31,"302450,76"
101148743,2024-10-01,2026-09-30,"189687,36"
101147056,2024-12-01,2026-11-30,"172750,08"
101072731,2023-03-01,2027-02-28,"2626934,4"
101064061,2023-04-03,2025-04-02,"199694,4"
101146406,2024-06-01,2027-05-31,"268025,28"
101059723,2023-07-01,2025-06-30,"188590,08"
101081334,2023-06-01,2028-05-31,3868560
101065027,2022-10-03,2024-10-02,"165312,96"
101152630,2024-09-02,2026-09-01,191760
101151285,2024-10-01,2026-09-30,"165312,96"
101149964,2024-09-01,2026-08-31,"226751,04"
101062953,2023-08-01,2025-07-31,"226751,04"
101150996,2024-06-14,2026-11-13,"255870,48"
101060946,2022-05-01,2023-12-31,449800
101064701,2022-09-01,2024-08-31,"215534,4"
101152322,2025-01-01,2026-12-31,"189687,36"
101072551,2022-12-01,2028-02-29,3990096
101155739,2024-11-16,2027-11-15,"267401,28"
101152275,2025-05-15,2027-05-14,"222727,68"
101067927,2023-07-01,2025-06-30,"187624,32"
101131120,2024-01-01,2027-12-31,1545600
101066319,2023-05-01,2025-04-30,"181152,96"
101066938,2023-04-01,2025-03-31,"167741,76"
101154871,2024-10-01,2027-03-31,"220966,8"
101065331,2023-09-01,2025-08-31,"173847,36"
101064818,2022-09-01,2024-08-31,"181152,96"
101150471,2024-06-03,2026-06-02,"211754,88"
101153667,2024-12-01,2027-11-30,"265099,2"
101149854,2024-05-01,2026-04-30,"173847,36"
101064461,2023-01-15,2025-01-14,"211754,88"
101068306,2022-09-01,2024-11-30,"211754,88"
101151945,2024-10-01,2026-09-30,"195914,88"
101058962,2022-11-01,2024-10-31,"214934,4"
101152298,2024-08-01,2026-07-31,"173847,36"
101064851,2022-09-01,2025-04-30,"165312,96"
101062305,2022-09-01,2024-11-30,"172750,08"
101064680,2022-11-01,2024-10-31,"172750,08"
101149703,2024-09-01,2026-08-31,"195914,88"
101064251,2022-05-16,2024-06-15,"181152,96"
101149891,2025-02-01,2027-01-31,"230774,4"
101086071,2023-03-01,2027-02-28,257600
101064934,2022-10-01,2024-09-30,"226751,04"
101122151,2023-10-01,2027-09-30,"4990123,81"
101122206,2023-11-01,2027-10-31,"4880120,4"
101064502,2023-09-01,2025-08-31,"230774,4"
101169042,2024-12-01,2028-11-30,"3569385,6"
101154457,2024-10-01,2026-09-30,"199440,96"
101067770,2022-07-01,2024-06-30,"172750,08"
101146868,2025-09-01,2027-08-31,"172750,08"
101086922,2022-10-01,2024-09-30,2387500
101074098,2022-04-01,2022-09-30,150000
101064349,2023-03-20,2025-03-19,"195914,88"
101069046,2023-09-01,2025-08-31,"172750,08"
101154587,2025-05-15,2027-05-14,"181152,96"
101148668,2024-07-17,2026-07-16,"181152,96"
101169245,2024-09-01,2028-08-31,"2049184,8"
101059695,2022-10-03,2025-03-02,"188590,08"
101063432,2022-07-01,2025-06-30,"261380,64"
101081337,2023-03-01,2028-02-29,2620800
101086493,2023-01-01,2028-06-30,1508800
101062912,2023-02-13,2025-04-12,"152023,68"
101067123,2023-01-01,2024-12-31,191760
101147787,2025-02-01,2027-01-31,"181152,96"
101065980,2023-01-01,2024-12-31,"173847,36"
101062788,2022-11-01,2024-10-31,"188590,08"
101067066,2023-01-01,2024-12-31,"206887,68"
101151140,2025-01-01,2026-12-31,"165312,96"
101152699,2025-09-01,2027-08-31,"195914,88"
101062078,2023-09-01,2025-08-31,"165312,96"
101065205,2023-02-01,2026-01-31,"226694,4"
101065985,2022-07-01,2024-06-30,"181088,08"
101152635,2025-09-01,2027-08-31,"172750,08"
101149786,2025-09-01,2027-08-31,175920
101067068,2023-05-03,2026-05-02,"302331,36"
101068552,2023-04-01,2025-03-31,"165312,96"
101152591,2025-04-01,2027-03-31,"183600,96"
101149972,2025-03-01,2027-02-28,"181152,96"
101063523,2022-10-01,2024-09-30,"189687,36"
101151788,2024-09-02,2026-09-01,"187624,32"
101150634,2024-05-01,2026-04-30,"222727,68"
101062043,2023-09-01,2025-08-31,175920
101155302,2025-07-01,2027-06-30,"199440,96"
101153517,2025-01-01,2026-12-31,"187624,32"
101065427,2023-01-11,2025-01-10,"195914,88"
101154576,2025-04-01,2027-03-31,"195914,88"
101126644,2024-01-01,2028-12-31,4032000
101086465,2023-01-01,2025-12-31,349600
101146938,2024-06-01,2027-05-31,"285140,64"
101068605,2022-06-01,2024-05-31,"184698,24"
101072354,2023-02-01,2027-01-31,2637216
101146713,2024-09-01,2026-08-31,"173847,36"
101152469,2025-05-15,2027-05-14,"183600,96"
101149948,2024-12-01,2026-11-30,"165312,96"
101063146,2022-11-01,2024-10-31,"172750,08"
101152117,2024-09-01,2026-03-31,"119097,32"
101152028,2024-09-01,2027-08-31,"297164,16"
101061835,2022-09-01,2024-08-31,"187624,32"
101059875,2022-09-01,2024-10-31,"187624,32"
101065790,2022-07-01,2024-06-30,"173847,36"
101061478,2022-05-01,2024-04-30,342646
101063938,2022-09-01,2024-08-31,"215534,4"
101149935,2024-11-04,2026-11-03,"181152,96"
101067869,2023-01-16,2025-01-15,"172750,08"
101182579,2025-01-01,2028-12-31,777400
101064348,2022-10-03,2024-10-02,"199694,4"
101153196,2024-11-01,2026-10-31,"203464,32"
101119913,2023-10-01,2027-09-30,"2888085,6"
101147877,2024-09-01,2026-08-31,"156778,56"
101179991,2025-01-01,2028-12-31,1633000
101154984,2025-02-01,2027-01-31,"181152,96"
101149710,2024-09-01,2026-08-31,"211754,88"
101063953,2022-09-01,2025-02-28,"244893,6"
101086464,2023-03-01,2027-02-28,837200
101068332,2023-04-03,2025-04-02,"199694,4"
101061558,2022-02-01,2023-12-31,253000
101146541,2025-09-01,2027-08-31,"181152,96"
101067475,2022-09-01,2024-08-31,175920
101068843,2022-07-01,2024-11-30,"190374,32"
101067991,2022-09-01,2024-08-31,"167019,84"
101161923,2024-05-01,2026-04-30,"298653,85"
101066684,2023-09-01,2025-08-31,"195914,88"
101119924,2023-10-01,2027-09-30,2525220
101150842,2024-07-01,2026-06-30,"173847,36"
101066462,2022-09-01,2026-05-31,"283433,76"
101151221,2024-10-01,2026-09-30,"158597,76"
101073332,2022-09-01,2026-08-31,"2855455,2"
101149760,2025-03-10,2027-03-09,"211754,88"
101086387,2023-01-01,2026-12-31,1145400
101154214,2024-10-15,2026-10-14,"173847,36"
101063864,2022-07-01,2024-06-30,"222661,68"
101150724,2024-11-01,2027-04-30,"216699,6"
101148601,2024-11-15,2025-12-14,"116747,8"
101146274,2025-01-05,2027-01-04,"187624,32"
101068507,2023-01-01,2025-02-28,"153486,72"
101153804,2024-06-01,2026-05-31,"187624,32"
101154870,2024-10-01,2026-09-30,"176773,44"
101062837,2022-10-03,2025-11-02,148488
101065909,2023-01-01,2024-12-31,"206887,68"
101147067,2025-01-15,2028-01-14,"257113,44"
101154584,2024-10-01,2026-09-30,"172750,08"
101059267,2023-09-01,2025-08-31,"181152,96"
101126611,2023-11-01,2028-10-31,3152160
101149628,2025-09-01,2027-08-31,"215534,4"
101149173,2024-10-01,2026-09-30,175920
101146843,2025-09-01,2027-08-31,"181152,96"
101061538,2022-11-15,2024-11-14,"188590,08"
101168998,2024-12-01,2028-11-30,"4070023,2"
101067311,2022-09-01,2024-08-31,"215534,4"
101154609,2025-05-05,2027-05-04,"188590,08"
101148556,2025-03-03,2027-03-02,"188590,08"
101072579,2023-02-01,2027-01-31,"2224461,6"
101151797,2024-11-01,2026-10-31,"181152,96"
101126578,2024-01-01,2028-12-31,1814880
101063496,2022-09-01,2024-08-31,"189687,36"
101154827,2024-07-01,2026-06-30,"165312,96"
101073089,2023-01-01,2026-12-31,"2605881,6"
101073394,2023-03-01,2027-02-28,"3823509,6"
101061723,2022-10-01,2024-09-30,"203464,32"
101062365,2022-05-15,2024-05-14,"187624,32"
101072827,2022-10-01,2026-09-30,"2122747,2"
101063661,2023-09-01,2026-08-31,"239282,64"
101063210,2023-01-01,2025-05-31,"155883,72"
101063837,2023-01-01,2025-06-30,"188590,08"
101061833,2023-01-01,2025-06-30,"226441,2"
101153501,2025-01-16,2028-01-15,"261380,64"
101151760,2024-09-01,2027-08-31,"265647,84"
101149453,2024-09-01,2026-08-31,"189687,36"
101152583,2024-06-01,2026-05-31,"195914,88"
101151798,2024-04-01,2026-03-31,"210911,04"
101151290,2024-08-01,2026-07-31,"215534,4"
101169293,2025-01-01,2028-12-31,2192760
101153933,2024-09-14,2026-09-13,"215534,4"
101152780,2024-10-01,2027-09-30,"297164,16"
101150035,2025-01-15,2027-07-14,"234530,4"
101061151,2022-11-01,2024-10-31,"183600,96"
101066532,2023-06-01,2025-05-31,"181152,96"
101150933,2024-07-01,2026-06-30,"211754,88"
101062863,2023-02-01,2025-04-30,"179152,08"
101149130,2024-09-01,2026-08-31,"172750,08"
101062218,2023-09-01,2026-02-28,"206641,2"
101068955,2022-10-01,2024-09-30,"189687,36"
101066342,2023-08-16,2026-08-15,"261380,64"
101068341,2022-11-01,2024-10-31,"211754,88"
101086123,2023-01-01,2026-12-31,874000
101149132,2024-05-01,2026-04-30,175920
101148983,2025-01-16,2027-07-15,"215937,6"
101151142,2025-02-01,2027-01-31,"189687,36"
101146165,2024-07-01,2026-06-30,"211754,88"
101064790,2023-06-01,2025-05-31,"187624,32"
101149974,2024-06-01,2026-05-31,"215534,4"
101059852,2022-09-01,2024-08-31,"165312,96"
101155392,2025-02-01,2027-01-31,"188590,08"
101059423,2022-09-01,2024-08-31,175920
101064591,2023-02-01,2025-01-31,"173847,36"
101183099,2024-12-01,2028-11-30,423200
101152453,2025-09-01,2027-08-31,"206887,68"
101073480,2023-01-01,2026-12-31,"2530360,8"
101065665,2023-08-31,2026-02-27,269418
101068372,2023-09-01,2025-08-31,"169326,72"
101073106,2023-01-01,2026-12-31,"2561205,6"
101179842,2025-09-01,2030-08-31,4300800
101066069,2022-11-01,2024-10-31,"173847,36"
101168862,2024-10-01,2028-09-30,"3626251,2"
101149540,2024-10-01,2026-09-30,"199694,4"
101101923,2022-07-01,2027-12-31,35000000
101062767,2023-02-01,2026-01-31,"303550,56"
101065513,2022-09-01,2024-08-31,"199694,4"
101152703,2025-09-01,2027-08-31,"139953,6"
101072588,2023-01-01,2026-12-31,"2740521,6"
101065596,2023-01-01,2024-12-31,"169326,72"
101154194,2024-06-17,2026-06-16,"187624,32"
101067670,2022-06-01,2024-05-31,175920
101149237,2025-04-01,2028-03-31,"278571,36"
101154497,2025-09-01,2027-08-31,"195914,88"
101120186,2024-01-01,2027-12-31,"2650190,4"
101154907,2024-05-01,2026-04-30,"165312,96"
101150497,2025-06-01,2027-05-31,"165312,96"
101151205,2024-06-01,2026-05-31,"120812,16"
101067507,2023-01-09,2025-01-08,"187624,32"
101146724,2024-09-01,2026-08-31,"164950,08"
101062186,2022-11-15,2024-11-14,"203464,32"
101153375,2024-09-01,2026-08-31,"210911,04"
101065771,2022-10-01,2024-09-30,"172750,08"
101065172,2023-01-01,2026-10-31,"187624,32"
101177177,2025-01-01,2029-12-31,3024000
101149117,2024-04-01,2026-03-31,"210911,04"
101146515,2024-04-01,2026-03-31,"230774,4"
101065820,2023-04-03,2026-04-02,"280202,88"
101064789,2023-03-01,2025-08-31,"206641,2"
101151617,2024-06-01,2026-05-31,"211754,88"
101150546,2025-02-01,2027-01-31,"189687,36"
101148934,2025-03-01,2028-02-29,282168
101150440,2024-11-01,2027-10-31,"278571,36"
101152206,2024-10-01,2026-09-30,"156778,56"
101067838,2023-04-01,2025-03-31,"207609,6"
101065346,2022-10-01,2024-09-30,"165312,96"
101147316,2025-09-01,2027-08-31,"206887,68"
101060096,2023-09-01,2025-08-31,"187624,32"
101066954,2022-10-01,2027-05-31,"330428,88"
101068543,2023-09-01,2024-08-31,95880
101148437,2025-09-01,2028-02-29,239700
101146960,2024-10-01,2026-09-30,191760
101061722,2022-04-01,2024-03-31,305941
101152840,2024-10-15,2026-10-14,"181152,96"
101150371,2024-12-15,2026-12-14,"188590,08"
101154834,2024-09-01,2027-08-31,"300441,6"
101154802,2024-06-01,2026-05-31,"195914,88"
101062165,2022-08-25,2025-02-24,"215534,4"
101148707,2025-09-01,2027-08-31,"188590,08"
101182843,2025-01-01,2028-12-31,1656000
101063362,2023-09-01,2025-08-31,"210911,04"
101120240,2024-02-01,2028-01-31,2532872
101064781,2023-08-01,2026-07-31,"297164,16"
101063099,2023-02-01,2025-01-31,"165312,96"
101064835,2023-02-01,2025-01-31,"173847,36"
101062347,2022-11-01,2025-08-31,"181152,96"
101058830,2024-09-01,2026-08-31,"226751,04"
101063886,2023-09-01,2025-08-31,"187624,32"
101063197,2023-07-01,2026-06-30,"238764,48"
101150017,2025-03-01,2027-02-28,"183600,96"
101182521,2025-01-01,2028-12-31,943000
101153233,2024-05-01,2026-04-30,"187624,32"
101154872,2025-09-01,2027-08-31,"165312,96"
101148849,2024-07-01,2027-06-30,"214441,44"
101162225,2024-05-01,2025-12-31,"299723,13"
101149067,2024-06-01,2026-05-31,"187624,32"
101060162,2022-11-01,2025-04-30,"240766,8"
101072414,2022-10-01,2026-09-30,"2370903,6"
101059015,2023-04-01,2025-09-30,"235737,6"
101150275,2024-09-01,2026-08-31,"150438,72"
101152954,2024-07-01,2026-06-30,"181152,96"
101064994,2022-09-01,2024-08-31,"173847,36"
101146339,2024-10-28,2026-10-27,"172750,08"
101062188,2023-03-01,2025-02-28,"165312,96"
101152830,2024-10-01,2026-09-30,"210911,04"
101064748,2023-02-16,2026-02-15,"263392,32"
101154470,2024-07-01,2026-06-30,"187624,32"
101064124,2022-12-01,2024-11-30,"140187,84"
101064817,2023-09-01,2025-08-31,"181152,96"
101155721,2025-01-01,2026-12-31,"173847,36"
101061707,2022-04-01,2024-03-31,288625
101061179,2022-03-01,2023-12-31,"296157,46"
101154702,2025-09-01,2027-08-31,"173847,36"
101182985,2024-11-01,2028-10-31,1513400
101119457,2023-09-01,2027-08-31,2626812
101151709,2024-10-01,2026-09-30,"210911,04"
101072435,2023-02-01,2027-01-31,"4116902,4"
101151367,2024-05-01,2026-04-30,"172750,08"
101151576,2025-01-10,2027-01-09,"181152,96"
101148482,2024-09-01,2027-08-31,"288859,2"
101150253,2025-09-01,2027-08-31,"172750,08"
101063841,2023-08-01,2025-07-31,"173847,36"
101146203,2024-09-01,2026-08-31,"183600,96"
101149470,2024-10-01,2026-09-30,"172750,08"
101182588,2025-01-01,2028-12-31,703800
101068779,2022-09-01,2024-08-31,"210911,04"
101086415,2023-03-01,2027-02-28,1619200
101068760,2022-09-01,2024-09-30,"211754,88"
101150991,2025-09-01,2027-08-31,"181152,96"
101129865,2024-01-01,2027-12-31,883200
101151154,2024-05-01,2026-07-31,"176375,88"
101153902,2024-09-01,2026-08-31,"211754,88"
101064307,2022-06-15,2023-12-14,"130385,52"
101149664,2024-06-01,2026-05-31,"150438,72"
101150699,2024-05-01,2026-04-30,"222727,68"
101066427,2023-01-01,2024-12-31,"189687,36"
101062386,2022-07-01,2024-06-30,"195914,88"
101068561,2022-09-08,2024-09-07,"230774,4"
101169037,2025-02-01,2029-01-31,"2551168,8"
101067636,2023-09-01,2025-08-31,"155559,36"
101150496,2024-09-01,2026-08-31,"226751,04"
101065325,2023-09-01,2025-08-31,148488
101149256,2025-01-01,2026-12-31,"199440,96"
101153136,2025-09-01,2028-08-31,"284179,68"
101061455,2022-04-01,2024-03-31,300000
101065079,2022-12-01,2024-11-30,"165312,96"
101063659,2022-11-01,2024-10-31,"222727,68"
101061596,2022-04-01,2024-03-31,296625
101162370,2024-04-01,2025-11-30,990250
101152892,2025-01-13,2027-01-12,"181152,96"
101059558,2023-01-01,2024-12-31,"156778,56"
101149857,2024-10-07,2026-10-06,"211754,88"
101151427,2024-09-01,2026-08-31,175920
101149349,2025-03-01,2027-02-28,"181152,96"
101150746,2024-08-01,2026-07-31,"226751,04"
101145976,2024-10-01,2026-09-30,"187624,32"
101151006,2025-04-01,2028-03-31,"280751,52"
101153108,2024-09-01,2026-08-31,175920
101151377,2025-09-01,2028-02-29,"206641,2"
101064343,2022-09-01,2024-08-31,"215534,4"
101062809,2023-09-01,2025-08-31,"173847,36"
101066947,2023-09-01,2025-08-31,191760
101063961,2022-10-01,2024-09-30,"165312,96"
101148911,2024-09-01,2026-08-31,"183600,96"
101068538,2023-03-01,2025-02-28,"172750,08"
101065142,2022-12-01,2024-11-30,"165312,96"
101064483,2023-09-01,2025-08-31,"188590,08"
101155395,2024-05-01,2026-04-30,"181152,96"
101149574,2024-11-01,2027-10-31,"265099,2"
101152950,2025-09-01,2027-08-31,"222727,68"
101064055,2023-06-01,2025-05-31,"211754,88"
101153909,2024-09-02,2026-09-01,"183600,96"
101065810,2023-08-01,2026-07-31,"242239,2"
101149192,2024-12-01,2027-11-30,"266318,4"
101061988,2023-01-01,2024-12-31,"211754,88"
101065316,2022-10-01,2024-09-30,"203464,32"
101150001,2024-08-01,2027-07-31,"261380,64"
101086115,2023-03-01,2027-02-28,441600
101061202,2023-02-01,2025-01-31,"181152,96"
101061255,2023-03-01,2025-02-28,"189687,36"
101154430,2025-06-01,2027-05-31,"183600,96"
101153377,2025-09-01,2028-08-31,"286191,36"
101146728,2024-05-01,2027-04-30,"280202,88"
101126492,2023-11-01,2028-10-31,2292480
101152004,2024-09-01,2027-02-28,269418
101154385,2024-09-19,2026-09-18,"222727,68"
101150500,2025-09-01,2027-08-31,"195914,88"
101064371,2022-12-01,2025-01-31,"188590,08"
101149298,2025-03-01,2027-02-28,"222727,68"
101066253,2023-09-01,2025-08-31,"211754,88"
101150744,2024-09-01,2027-08-31,"254979,84"
101150093,2024-06-03,2026-06-02,"173847,36"
101182658,2024-11-01,2028-10-31,345000
101064276,2022-06-01,2025-10-31,"189687,36"
101063085,2023-03-01,2025-02-28,"222727,68"
101063994,2022-09-01,2024-08-31,191760
101154161,2025-08-01,2027-07-31,"189687,36"
101119901,2023-09-01,2027-08-31,2359908
101150213,2025-06-01,2027-05-31,"210911,04"
101062657,2023-09-01,2025-08-31,"181152,96"
101060807,2023-01-01,2024-12-31,"187624,32"
101069099,2022-08-15,2024-08-14,"199014,24"
101066521,2022-09-01,2024-08-31,"173847,36"
101072645,2022-09-01,2026-08-31,"3413325,6"
101131231,2024-01-01,2027-12-31,276000
101068347,2023-09-01,2025-08-31,"172750,08"
101152945,2024-05-01,2026-04-30,"199440,96"
101149388,2024-09-01,2026-08-31,"199694,4"
101063904,2023-01-01,2024-12-31,"203464,32"
101068745,2022-10-01,2024-09-30,"189687,36"
101152106,2024-06-01,2026-05-31,"173847,36"
101153267,2025-09-01,2027-08-31,"211754,88"
101147406,2025-09-01,2027-08-31,"173847,36"
101065831,2022-08-01,2024-11-30,"203464,32"
101063710,2022-10-01,2024-09-30,"166278,72"
101153423,2025-09-01,2027-08-31,"203464,32"
101155338,2024-04-01,2026-03-31,"183600,96"
101155052,2024-05-01,2026-04-30,"173847,36"
101152219,2024-07-01,2026-06-30,"181152,96"
101131564,2024-01-01,2027-12-31,1361600
101162134,2024-04-01,2026-03-31,"276486,72"
101063381,2023-09-01,2025-08-31,"181152,96"
101150649,2024-09-01,2026-08-31,"189687,36"
101148607,2024-09-01,2026-08-31,"172750,08"
101060584,2023-09-01,2025-08-31,"215534,4"
101148956,2025-09-01,2027-08-31,"181152,96"
101067665,2022-09-01,2025-03-31,"222727,68"
101073094,2023-03-01,2027-02-28,"2603800,8"
101182948,2025-01-01,2028-12-31,1260400
101063624,2022-10-01,2025-09-30,"266684,16"
101059825,2023-03-15,2026-03-14,"288859,2"
101066815,2022-10-01,2024-09-30,"215534,4"
101151394,2025-02-01,2027-01-31,"230774,4"
101066761,2023-01-01,2024-12-31,"215534,4"
101183092,2024-12-01,2028-11-30,483000
101066185,2022-11-01,2025-06-30,"187624,32"
101119603,2024-02-01,2028-01-31,"2715796,8"
101148700,2024-06-03,2026-06-02,"150438,72"
101062498,2022-08-01,2024-07-31,"181152,96"
101081480,2023-01-01,2027-12-31,2292480
101067240,2023-01-02,2025-03-01,"199694,4"
101062972,2023-07-15,2026-07-14,"288859,2"
101129996,2024-01-01,2027-12-31,565800
101072924,2023-03-01,2027-02-28,"2706465,34"
101065356,2022-05-01,2025-06-30,"199694,4"
101150270,2024-09-01,2026-08-31,"189687,36"
101147049,2025-01-16,2027-01-15,"222727,68"
101150637,2024-10-01,2026-09-30,"195914,88"
101146598,2024-05-01,2026-04-30,"165312,96"
101065117,2023-01-12,2025-01-11,"222727,68"
101066262,2023-09-01,2025-08-31,"226751,04"
101073381,2023-01-01,2026-12-31,"2686053,6"
101060930,2022-11-01,2024-10-31,"165312,96"
101059938,2022-08-01,2025-01-31,"183600,96"
101067351,2023-03-01,2025-04-30,"188590,08"
101148773,2024-07-01,2026-06-30,"181152,96"
101060194,2022-03-01,2023-10-31,300250
101066416,2022-10-15,2025-03-14,"181152,96"
101130685,2024-01-01,2027-12-31,1600800
101152613,2024-04-01,2026-03-31,"173847,36"
101131175,2024-03-01,2028-02-29,1021200
101149783,2024-12-01,2026-11-30,"165312,96"
101065694,2022-10-01,2024-09-30,"173847,36"
101061664,2023-02-01,2025-01-31,"206887,68"
101065377,2023-01-03,2026-01-02,"276864,48"
101067163,2022-10-01,2024-09-30,"189687,36"
101151302,2025-04-01,2027-03-31,"172750,08"
101068487,2022-09-01,2024-08-31,175920
101126643,2024-09-01,2029-08-31,4233600
101146747,2025-04-01,2027-03-31,"189687,36"
101152568,2024-10-01,2027-09-30,"288859,2"
101152452,2024-10-01,2026-09-30,"188590,08"
101063420,2023-03-01,2025-02-28,"172750,08"
101149107,2024-12-30,2026-12-29,"210911,04"
101062517,2023-03-01,2025-02-28,"173847,36"
101155561,2025-01-01,2026-12-31,191760
101154453,2025-01-01,2026-12-31,"210911,04"
101151984,2025-09-01,2027-08-31,"189687,36"
101086441,2023-03-01,2027-02-28,915400
101153849,2025-01-01,2028-04-30,"315332,8"
101065000,2022-08-01,2025-08-31,"237109,2"
101067101,2023-09-01,2026-02-28,"229501,2"
101155027,2024-05-16,2026-05-15,"188590,08"
101155303,2025-08-01,2027-07-31,"199440,96"
101060172,2022-09-01,2024-08-31,"165312,96"
101152757,2024-05-01,2026-04-30,"222727,68"
101067203,2022-09-01,2025-08-31,"187624,32"
101065806,2023-05-15,2025-05-14,"230774,4"
101153759,2025-09-01,2027-08-31,"165312,96"
101153950,2024-05-01,2026-04-30,"203464,32"
101061749,2022-08-18,2025-08-17,"276681,6"
101062549,2022-09-01,2024-08-31,"199440,96"
101059320,2022-10-04,2024-10-03,"172750,08"
101062590,2022-06-01,2025-05-31,"281970,72"
101064286,2022-10-01,2024-09-30,191760
101120054,2024-03-01,2028-02-29,"2630361,6"
101182721,2025-03-01,2029-02-28,1269600
101153920,2025-09-01,2027-08-31,"156778,56"
101066647,2022-09-01,2024-08-31,"195914,88"
101064472,2022-09-01,2024-08-31,"195914,88"
101151501,2024-10-01,2026-09-30,"215534,4"
101152608,2025-02-01,2027-01-31,"195914,88"
101061912,2023-02-01,2025-01-31,"175166,76"
101150963,2024-04-01,2026-03-31,"156778,56"
101063414,2022-10-01,2024-10-31,"165312,96"
101064555,2023-11-01,2025-07-31,"155548,26"
101151781,2024-06-01,2026-05-31,164328
101067028,2022-11-01,2024-10-31,"179438,08"
101150858,2025-03-01,2027-02-28,"183600,96"
101150595,2024-10-01,2026-09-30,"206887,68"
101063276,2022-10-03,2024-10-02,"195914,88"
101066372,2022-10-01,2025-12-31,"203464,32"
101119951,2024-02-01,2028-01-31,"2639419,2"
101182689,2024-11-01,2028-10-31,1242000
101154935,2024-05-01,2026-04-30,"165312,96"
101182883,2025-01-01,2028-12-31,1007400
101059891,2023-07-01,2025-06-30,"199694,4"
101129889,2023-11-01,2027-10-31,644000
101062335,2022-09-01,2024-08-31,"173847,36"
101149458,2024-11-16,2026-11-15,"181152,96"
101150135,2024-12-01,2026-11-30,"189687,36"
101068736,2022-12-01,2024-11-30,"214934,4"
101168425,2024-11-01,2028-10-31,"3343197,6"
101168628,2024-09-01,2028-08-31,"3953253,6"
101152566,2024-05-01,2026-04-30,"214934,4"
101154781,2024-09-23,2026-09-22,"181152,96"
101151817,2024-10-02,2026-10-01,"211754,88"
101149751,2024-09-01,2026-08-31,"199694,4"
101149047,2024-09-01,2027-08-31,"276681,6"
101126521,2024-01-01,2028-12-31,1719360
101067404,2023-06-01,2025-05-31,"189687,36"
101154396,2024-09-01,2026-08-31,"215534,4"
101152753,2024-05-16,2026-05-15,"172750,08"
101154855,2025-04-01,2027-03-31,"188590,08"
101149638,2025-01-01,2026-12-31,"203464,32"
101067708,2023-01-15,2025-07-14,"234530,4"
101059600,2023-01-01,2024-12-31,"181152,96"
101066836,2022-09-01,2024-08-31,"165312,96"
101067943,2022-06-01,2024-12-31,175920
101068686,2022-11-01,2026-10-31,"266318,4"
101154447,2025-09-01,2027-08-31,"181152,96"
101120165,2024-03-01,2028-02-29,2489112
101183165,2025-01-01,2028-12-31,1389200
101063903,2023-08-01,2025-07-31,"172750,08"
101154482,2025-09-01,2027-08-31,"187624,32"
101183057,2024-09-01,2028-08-31,1104000
101169173,2025-02-01,2029-01-31,"3754893,6"
101152499,2025-09-01,2027-08-31,"165312,96"
101120256,2023-10-01,2027-09-30,2198700
101182965,2024-11-01,2028-10-31,717600
101059826,2023-01-01,2025-12-31,"265099,2"
101149251,2025-09-01,2027-08-31,"172750,08"
101179155,2025-01-01,2029-12-31,2388000
101062195,2022-06-01,2024-07-31,"189687,36"
101152667,2024-05-01,2026-04-30,"187624,32"
101183034,2025-01-01,2028-12-31,1311000
101150809,2024-11-01,2026-10-31,"173847,36"
101153845,2024-09-02,2026-09-01,"165312,96"
101149745,2025-01-01,2026-12-31,"172750,08"
101067811,2023-09-01,2025-08-31,"214934,4"
101064961,2023-01-01,2024-12-31,"189687,36"
101151030,2025-03-01,2027-02-28,"188590,08"
101059424,2022-11-01,2025-04-30,"199694,4"
101146953,2025-02-05,2027-02-04,"165312,96"
101149632,2024-07-01,2026-06-30,"172618,56"
101061439,2023-07-01,2025-06-30,191760
101153931,2025-07-01,2028-06-30,"285140,64"
101066790,2023-09-01,2025-08-31,"172750,08"
101150177,2024-09-01,2026-08-31,"173847,36"
101065156,2023-09-01,2025-08-31,"169326,72"
101149839,2024-09-01,2027-08-31,"320924,16"
101063255,2023-04-01,2025-03-31,"222727,68"
101066038,2023-04-01,2026-03-31,"268803,36"
101152801,2024-04-01,2026-03-31,"181152,96"
101151855,2024-12-01,2026-11-30,"195914,88"
101152617,2025-09-01,2028-02-29,"226441,2"
101062040,2022-09-15,2025-03-14,"211754,88"
101155413,2024-09-02,2026-09-01,"226751,04"
101154299,2025-06-01,2027-05-31,"222727,68"
101148056,2024-09-01,2026-08-31,"173847,36"
101150626,2024-05-02,2026-05-01,"211754,88"
101068036,2022-11-01,2024-10-31,"139953,6"
101059796,2023-07-01,2025-06-30,191760
101066817,2023-01-01,2024-12-31,"189687,36"
101086364,2023-03-01,2027-02-28,1048800
101149355,2024-04-01,2027-03-31,"252724,32"
101149270,2024-09-01,2026-08-31,"188590,08"
101064532,2022-08-01,2024-11-30,"199694,4"
101153341,2025-01-01,2026-12-31,175920
101064606,2023-01-16,2025-01-15,"165312,96"
101146614,2025-01-13,2027-01-12,191760
101086305,2023-01-01,2026-12-31,814200
101155061,2024-05-01,2026-04-30,191760
101068572,2023-03-01,2026-02-28,"189687,36"
101063481,2023-03-06,2026-06-05,"277291,2"
101065013,2023-09-01,2025-08-31,"165312,96"
101063239,2022-10-01,2025-03-31,"264693,6"
101145886,2024-06-01,2026-05-31,"165312,96"
101150292,2024-09-15,2026-09-14,"188590,08"
101073437,2023-01-01,2026-12-31,"2633666,4"
101152514,2024-05-01,2027-04-30,"284179,68"
101086354,2023-01-01,2026-12-31,883200
101149521,2024-09-15,2026-09-14,"222727,68"
101151466,2024-06-01,2026-05-31,"195914,88"
101155582,2025-02-01,2027-01-31,"173847,36"
101153901,2024-06-01,2027-05-31,"278435,04"
101149917,2025-01-01,2026-12-31,"181152,96"
101152220,2025-07-01,2027-06-30,"187624,32"
101152645,2024-04-01,2026-03-31,"181152,96"
101060856,2023-09-01,2025-08-31,"187248,96"
101067703,2023-04-01,2025-03-31,"211754,88"
101065524,2023-03-01,2025-02-28,"181152,96"
101068643,2022-07-01,2024-06-30,"170856,96"
101155484,2025-09-01,2027-08-31,"181152,96"
101065928,2023-04-03,2025-04-02,"199694,4"
101068106,2022-07-01,2026-06-30,"166278,72"
101063375,2023-03-01,2025-02-28,"188590,08"
101179377,2025-06-01,2030-05-31,9552000
101168880,2025-02-01,2029-01-31,"3920083,2"
101068072,2022-11-01,2024-10-31,"230774,4"
101061411,2023-09-01,2025-08-31,"173847,36"
101067654,2022-08-15,2026-03-14,"226751,04"
101154409,2025-02-01,2027-01-31,191760
101064383,2023-09-01,2026-08-31,"269915,04"
101073195,2022-12-01,2026-11-30,"1625659,2"
101060487,2022-05-01,2024-04-30,186304
101065098,2023-02-01,2025-01-31,"172618,56"
101063914,2022-06-01,2024-11-30,"234530,4"
101162229,2024-04-01,2026-03-31,"314397,15"
101063192,2022-11-01,2025-09-30,"181152,96"
101061325,2022-05-01,2024-04-30,"299607,5"
101060416,2022-06-01,2024-05-31,290231
101150392,2025-09-01,2027-08-31,148488
101148828,2025-01-06,2027-01-05,"226751,04"
101152890,2024-07-01,2026-06-30,"172750,08"
101068800,2022-09-01,2025-08-31,"265099,2"
101150653,2025-03-01,2028-02-29,"290627,04"
101129903,2023-10-01,2027-09-30,496800
101169131,2024-12-01,2028-11-30,"3280082,4"
101154514,2024-09-01,2026-08-31,"214934,4"
101152670,2024-04-01,2026-03-31,"206887,68"
101064466,2022-10-04,2024-10-03,"173847,36"
101155555,2024-05-01,2026-04-30,191760
101061217,2023-09-01,2025-08-31,"188590,08"
101064231,2023-06-01,2025-05-31,"172750,08"
101067189,2023-09-01,2025-08-31,"215534,4"
101182530,2024-11-01,2028-10-31,202400
101120278,2024-01-01,2027-12-31,"2595706,8"
101064443,2022-09-01,2024-08-31,"172750,08"
101064577,2023-03-01,2025-02-28,"214934,4"
101150504,2025-06-01,2027-05-31,"156778,56"
101152268,2024-09-01,2026-08-31,164328
101151719,2024-09-01,2026-08-31,"206887,68"
101063220,2023-01-01,2024-12-31,"156778,56"
101150911,2024-08-01,2026-07-31,"189687,36"
101067151,2022-09-01,2024-06-30,"217019,44"
101131344,2024-01-01,2027-12-31,1099400
101067877,2022-10-01,2024-09-30,"209884,88"
101154177,2025-09-01,2027-08-31,"203464,32"
101065163,2023-02-01,2025-01-31,"165312,96"
101183041,2025-01-01,2028-12-31,1311000
101073542,2023-02-01,2027-01-31,"2674670,4"
101152006,2025-01-01,2026-12-31,"206887,68"
101066960,2022-09-15,2024-09-14,"222727,68"
101066596,2022-06-01,2024-05-31,"181152,96"
101148726,2024-07-01,2026-06-30,"156778,56"
101151097,2024-09-01,2026-08-31,"210911,04"
101153028,2025-01-01,2027-06-30,"226441,2"
101066405,2023-03-01,2025-02-28,"172750,08"
101068362,2023-09-01,2025-08-31,"203464,32"
101150912,2024-11-01,2026-10-31,"173847,36"
101067759,2022-10-01,2024-09-30,191760
101151143,2025-01-01,2027-06-30,"226441,2"
101061765,2022-04-01,2024-03-31,226300
101064498,2023-06-01,2025-05-31,"189687,36"
101151408,2025-09-01,2027-08-31,"181152,96"
101154464,2025-01-01,2026-12-31,191760
101146719,2025-03-01,2027-02-28,191760
101152834,2024-12-01,2027-11-30,"288859,2"
101146498,2024-06-01,2026-05-31,"230774,4"
101148720,2025-09-01,2027-08-31,"203464,32"
101162383,2024-04-01,2026-03-31,"300002,7"
101065320,2023-07-01,2025-06-30,"172750,08"
101065422,2023-01-01,2024-12-31,"222727,68"
101155136,2024-10-01,2026-09-30,"173847,36"
101068441,2023-02-01,2025-01-31,"150438,72"
101066993,2023-09-01,2025-08-31,"195914,88"
101151418,2025-04-01,2027-03-31,"203464,32"
101150921,2025-04-01,2027-03-31,"226751,04"
101086325,2023-01-01,2026-12-31,864800
101066965,2022-06-01,2024-05-31,"165312,96"
101065445,2022-10-01,2024-09-30,"226629,12"
101062570,2023-09-01,2025-08-31,"165312,96"
101153985,2025-09-01,2027-08-31,"211754,88"
101149245,2024-04-01,2026-03-31,"165312,96"
101065579,2023-01-01,2024-12-31,"172750,08"
101179497,2025-01-01,2029-12-31,573120
101153094,2025-06-01,2027-05-31,"165312,96"
101072992,2023-03-01,2027-02-28,"2567325,6"
101152394,2024-04-01,2026-03-31,"214934,4"
101073037,2022-10-01,2026-09-30,2522160
101062911,2022-06-01,2024-05-31,"188590,08"
101067031,2023-04-01,2025-03-31,"165312,96"
101064423,2022-09-01,2024-10-31,"165312,96"
101150044,2024-07-01,2026-12-31,"220966,8"
101154005,2025-09-01,2027-08-31,"222727,68"
101063588,2022-10-01,2025-10-31,"265099,2"
101146212,2025-09-01,2027-08-31,"172750,08"
101073351,2023-01-01,2026-12-31,"2587766,4"
101063946,2023-01-01,2024-12-31,"210789,12"
101151750,2025-09-01,2027-08-31,"172750,08"
101063306,2023-01-09,2025-01-08,"181152,96"
101068785,2022-11-23,2024-11-22,"189687,36"
101152370,2024-06-01,2026-05-31,"189687,36"
101066105,2022-09-01,2024-08-31,"165312,96"
101147027,2024-04-01,2026-03-31,"187624,32"
101066568,2022-10-01,2024-03-31,"130385,52"
101062388,2023-09-01,2025-08-31,"141782,4"
101065313,2023-02-01,2025-01-31,"195914,88"
101151078,2025-05-01,2027-04-30,"211754,88"
101059593,2022-10-01,2024-09-30,"173847,36"
101064278,2023-09-01,2026-08-31,"289407,84"
101068169,2023-09-01,2025-08-31,"222727,68"
101130235,2023-09-01,2027-08-31,1297200
101151686,2024-08-01,2026-07-31,"189687,36"
101063450,2023-08-01,2025-07-31,"172750,08"
101065406,2022-08-01,2024-07-31,"203464,32"
101067501,2022-08-01,2024-07-31,"222727,68"
101066743,2022-12-01,2024-11-30,"226751,04"
101126667,2024-09-01,2029-08-31,4728240
101064332,2022-09-01,2024-08-31,"165312,96"
101065044,2022-09-01,2024-08-31,"157622,4"
101155458,2025-09-01,2027-08-31,"173847,36"
101149142,2024-10-14,2026-10-13,"165312,96"
101068746,2022-12-01,2024-11-30,"203464,32"
101151712,2024-05-01,2026-04-30,"188590,08"
101149709,2025-08-01,2027-07-31,"230774,4"
101064867,2022-05-01,2024-04-30,"175608,96"
101068830,2023-09-01,2025-08-31,"215534,4"
101148996,2025-01-01,2026-12-31,"166278,72"
101063547,2022-11-01,2024-10-31,"181152,96"
101120342,2023-10-01,2027-09-30,"2985883,2"
101148550,2024-11-01,2027-10-31,"274426,08"
101146363,2025-02-28,2027-02-27,175920
101153282,2025-09-01,2027-08-31,"173847,36"
101150342,2024-12-01,2027-11-30,"225109,44"
101151610,2024-05-01,2026-04-30,191760
101152192,2025-01-01,2026-12-31,"150438,72"
101062977,2023-09-01,2025-08-31,"211754,88"
101060237,2022-07-01,2024-06-30,"165312,96"
101120297,2023-12-01,2027-11-30,"2657167,2"
101152894,2025-09-01,2028-08-31,"265099,2"
101065152,2023-01-09,2025-07-08,"215937,6"
101146303,2024-05-01,2027-04-30,"296296,32"
101064972,2023-04-01,2026-03-31,"256442,88"
101061435,2022-09-01,2024-08-31,"222727,68"
101129820,2023-11-01,2027-10-31,938400
101072729,2022-10-01,2026-09-30,"2109650,4"
101072895,2023-03-01,2027-02-28,"3811636,8"
101064433,2022-10-01,2026-03-31,"277535,04"
101162311,2024-03-06,2026-03-05,"299977,5"
101061427,2022-10-01,2024-09-30,"172750,08"
101155713,2025-04-01,2027-09-30,"206641,2"
101081478,2023-01-01,2026-12-31,754400
101152080,2024-04-01,2026-03-31,"187624,32"
101062745,2023-06-12,2025-06-11,"211754,88"
101149103,2025-04-01,2028-03-31,"280751,52"
101149449,2025-06-01,2027-05-31,"172750,08"
101150329,2024-07-16,2026-07-15,"172750,08"
101149532,2024-10-01,2026-09-30,"172750,08"
101155510,2025-09-01,2027-08-31,"230774,4"
101066959,2023-01-01,2024-12-31,"187624,32"
101146979,2024-10-01,2026-09-30,"181152,96"
101155737,2024-07-01,2026-06-30,175920
101148900,2025-01-01,2026-12-31,191760
101068688,2023-01-01,2024-12-31,"187624,32"
101063130,2022-09-01,2025-06-30,"203464,32"
101151569,2024-09-01,2026-08-31,"203464,32"
101061307,2022-03-01,2023-12-31,"300345,62"
101148367,2024-10-01,2026-09-30,"172750,08"
101146632,2024-10-01,2026-09-30,"173847,36"
101086258,2023-01-01,2026-12-31,869400
101153541,2024-10-01,2026-09-30,"210789,12"
101066108,2023-03-01,2026-02-28,"265099,2"
101068409,2023-01-01,2024-12-31,191760
101148712,2025-08-01,2027-07-31,"173847,36"
101120146,2024-03-01,2028-02-29,"2822896,8"
101153288,2024-06-03,2026-06-02,"211754,88"
101062229,2023-03-01,2025-02-28,"203464,32"
101065424,2023-03-01,2026-02-28,"321472,8"
101063293,2022-10-01,2024-09-30,"188590,08"
101131106,2024-03-01,2028-02-29,1288000
101151826,2024-06-01,2026-05-31,"206887,68"
101065357,2023-09-01,2025-08-31,"188590,08"
101155560,2025-04-01,2028-03-31,"261380,64"
101068435,2022-10-01,2024-09-30,"155559,36"
101148436,2025-05-01,2027-04-30,"210911,04"
101150926,2024-08-01,2027-07-31,"270571,2"
101064929,2023-09-01,2025-08-31,175920
101064585,2022-10-01,2025-02-28,"203464,32"
101155490,2025-07-01,2026-06-30,95880
101155152,2024-08-01,2026-07-31,"165312,96"
101155613,2024-09-01,2026-08-31,"132638,4"
101146097,2024-09-01,2027-08-31,"288859,2"
101150506,2024-04-01,2026-03-31,"222727,68"
101146472,2025-08-11,2027-08-10,"210911,04"
101073334,2023-01-01,2026-12-31,"2357092,8"
101062400,2022-11-01,2025-10-31,"265099,2"
101155728,2025-04-01,2027-03-31,"206887,68"
101064457,2023-02-01,2024-02-29,"82656,48"
101120151,2023-09-01,2027-08-31,"2480594,4"
101065629,2023-01-01,2025-12-31,"307939,68"
101153243,2024-08-01,2026-07-31,"199694,4"
101155563,2025-02-01,2027-01-31,191760
101064303,2023-02-01,2025-01-31,"189687,36"
101065365,2022-07-14,2024-07-13,"172750,08"
101065891,2022-10-01,2024-09-30,"189687,36"
101063997,2022-07-01,2024-08-31,"194259,44"
101066013,2022-08-01,2024-10-31,215730
101152796,2024-10-01,2026-09-30,"199694,4"
101149785,2024-09-16,2026-09-15,"148478,4"
101064575,2023-01-01,2024-12-31,"165312,96"
101160964,2024-04-01,2026-03-31,300000
101068115,2022-11-01,2025-10-31,"288859,2"
101067737,2022-09-01,2025-02-28,"221135,38"
101064365,2022-11-14,2024-11-13,"161889,6"
101120560,2024-03-01,2028-02-29,"1915401,6"
101150621,2024-10-01,2026-09-30,"187858,56"
101086386,2023-01-01,2026-12-31,1568600
101066910,2022-09-01,2024-08-31,175920
101146037,2024-04-01,2026-03-31,175920
101155222,2025-08-25,2027-08-24,"211754,88"
101063565,2022-07-01,2024-06-30,"165312,96"
101153145,2024-09-01,2026-08-31,"156778,56"
101153914,2024-07-01,2026-06-30,"173847,36"
101119963,2024-02-01,2028-01-31,"2679321,6"
101063854,2023-06-09,2025-06-08,"189687,36"
101149955,2025-01-01,2026-12-31,"172750,08"
101154581,2024-12-10,2026-12-09,"203464,32"
101154283,2024-05-01,2026-04-30,"165312,96"
101058981,2022-08-01,2024-07-31,"173847,36"
101085855,2023-01-01,2026-12-31,1656000
101179124,2024-11-01,2029-10-31,1713600
101168372,2025-01-01,2028-12-31,"2951611,2"
101060650,2023-09-01,2025-08-31,"173847,36"
101062703,2022-09-01,2025-08-31,"309768,48"
101148998,2024-09-01,2026-08-31,191760
101149051,2024-09-01,2026-08-31,191760
101060315,2023-06-01,2026-05-31,"288859,2"
101061190,2022-03-08,2023-11-07,599696
101168684,2024-12-01,2028-11-30,"2443996,8"
101067784,2023-09-01,2025-08-31,"188590,08"
101154110,2024-09-01,2026-08-31,"181152,96"
101061817,2023-05-01,2025-04-30,"173847,36"
101072777,2022-12-01,2026-11-30,2489724
101151987,2025-02-01,2027-01-31,"181152,96"
101068976,2023-01-01,2025-06-30,"235737,6"
101059418,2023-09-01,2025-08-31,"181152,96"
101066396,2022-12-01,2024-11-30,"173847,36"
101179854,2025-01-01,2029-12-31,5014800
101065761,2023-09-01,2025-08-31,"211754,88"
101153152,2024-04-01,2026-03-31,"189687,36"
101065616,2022-08-01,2024-07-31,"173847,36"
101065920,2023-08-01,2025-07-31,"172750,08"
101062662,2023-01-01,2024-12-31,175920
101152560,2024-09-01,2026-08-31,"199440,96"
101153580,2025-09-01,2027-08-31,"214934,4"
101064323,2023-07-01,2025-06-30,"181152,96"
101062363,2022-10-01,2024-09-30,"183970,08"
101154736,2024-09-01,2026-08-31,"181152,96"
101063545,2023-09-01,2025-08-31,"187624,32"
101131125,2024-01-01,2027-12-31,726800
101154765,2025-06-01,2027-05-31,"215534,4"
101062254,2022-09-01,2024-08-31,"181152,96"
101154094,2024-09-01,2026-08-31,"181152,96"
101067655,2022-07-01,2024-06-30,"153486,72"
101067621,2022-09-01,2024-08-31,"172750,08"
101150279,2024-12-01,2026-11-30,"183600,96"
101120407,2024-03-01,2028-02-29,"2677485,6"
101066651,2023-10-01,2026-09-30,"288859,2"
101059732,2022-11-01,2024-10-31,"173847,36"
101066282,2023-03-01,2025-02-28,175920
101131382,2024-01-01,2027-12-31,979800
101153335,2024-06-01,2027-11-30,"342729,12"
101149834,2024-09-01,2026-08-31,"187624,32"
101151231,2024-04-01,2026-03-31,"187624,32"
101149819,2024-09-01,2026-08-31,"173847,36"
101065228,2023-04-01,2025-09-30,"249301,2"
101150431,2024-05-01,2026-04-30,"211754,88"
101064735,2022-07-01,2024-06-30,"181152,96"
101151638,2025-03-01,2027-02-28,"188590,08"
101062275,2022-12-01,2024-11-30,"195914,88"
101062942,2022-07-01,2025-01-31,"183600,96"
101119983,2024-02-01,2028-01-31,"2564510,4"
101086251,2023-01-01,2026-12-31,276000
101064334,2023-02-01,2025-01-31,"188590,08"
101152561,2024-11-01,2026-10-31,"215534,4"
101155332,2024-10-01,2027-09-30,"265099,2"
101177272,2025-04-01,2029-03-31,1370800
101178498,2025-01-01,2029-12-31,2704800
101152619,2024-05-01,2026-04-30,"173847,36"
101064150,2022-07-01,2024-06-30,191760
101150738,2024-12-01,2026-11-30,"181152,96"
101066981,2022-12-01,2025-01-31,"172618,56"
101155367,2024-04-01,2026-03-31,"165312,96"
101146294,2024-07-01,2026-06-30,"172750,08"
101154754,2024-05-15,2026-05-14,"189687,36"
101152972,2025-07-01,2027-06-30,"181152,96"
101148829,2025-09-01,2027-08-31,"172750,08"
101153417,2024-09-01,2026-08-31,"181152,96"
101119819,2024-01-01,2027-12-31,2726568
101064468,2023-09-01,2025-08-31,"230774,4"
101146874,2025-04-01,2027-03-31,"172750,08"
101064678,2022-08-15,2025-10-14,"222727,68"
101151871,2025-09-01,2027-08-31,"188590,08"
101146138,2025-09-01,2028-08-31,"252968,16"
101153220,2024-07-01,2026-08-31,"169843,44"
101069111,2023-03-01,2026-06-30,"173847,36"
101153876,2024-09-02,2026-09-01,"173847,36"
101086261,2023-01-01,2026-12-31,1444400
101155308,2025-09-01,2027-08-31,"195914,88"
101162540,2024-07-01,2026-06-30,"346949,44"
101148843,2025-02-01,2027-01-31,"230774,4"
101129958,2023-12-01,2026-11-30,414000
101146842,2025-01-01,2027-12-31,"272536,32"
101150752,2025-09-01,2027-08-31,"173847,36"
101150026,2024-10-01,2026-09-30,"172750,08"
101151201,2025-01-01,2027-12-31,"265099,2"
101145906,2024-09-01,2026-08-31,"165312,96"
101066353,2022-11-01,2024-10-31,"187624,32"
101065303,2022-07-01,2024-06-30,"214934,4"
101151862,2024-08-01,2026-07-31,"189687,36"
101149415,2024-09-15,2026-09-14,"172750,08"
101149291,2025-03-01,2028-02-29,"288859,2"
101150147,2024-09-02,2026-07-01,"158354,24"
101152276,2025-01-20,2027-01-19,"211754,88"
101066941,2022-10-01,2025-09-30,"256442,88"
101066444,2023-06-01,2025-05-31,"165312,96"
101154906,2024-10-01,2026-09-30,"211754,88"
101162638,2024-05-01,2025-12-31,260750
101064341,2022-09-01,2024-08-31,"195914,88"
101150374,2025-09-01,2027-08-31,"164950,08"
101154890,2024-07-01,2026-06-30,"172750,08"
101065991,2023-01-15,2025-01-14,175920
101065370,2022-10-01,2025-03-31,239700
101068850,2022-10-01,2024-09-30,191760
101148351,2024-05-01,2026-04-30,"195914,88"
101153693,2024-11-01,2027-10-31,"289407,84"
101062008,2023-01-01,2024-12-31,"156778,56"
101068320,2022-10-01,2024-09-30,"157622,4"
101150277,2024-08-01,2026-11-30,"269236,8"
101062665,2022-09-15,2023-10-14,"82656,48"
101059129,2022-09-01,2026-03-31,"203464,32"
101152054,2024-08-01,2026-07-31,191760
101063851,2023-09-01,2027-08-31,"199440,96"
101064878,2023-09-01,2026-08-31,"269412,96"
101063512,2023-09-01,2025-08-31,"188590,08"
101150204,2024-06-01,2026-05-31,"211754,88"
101081457,2022-12-01,2027-11-30,7164000
101162392,2024-05-01,2025-10-31,"212932,5"
101168899,2024-10-01,2029-09-30,"4080420,4"
101066502,2022-09-01,2024-08-31,"222727,68"
101149060,2024-05-01,2026-04-30,"173847,36"
101154019,2024-05-01,2026-10-31,"226441,2"
101120172,2024-02-01,2028-01-31,"2659982,4"
101072861,2023-01-01,2026-12-31,2618856
101148568,2024-09-01,2026-08-31,191760
101155422,2024-09-01,2027-08-31,"288859,2"
101062864,2022-07-01,2024-11-30,"222727,68"
101061978,2023-02-01,2026-01-31,"265099,2"
101059740,2023-09-01,2025-08-31,"187624,32"
101152118,2024-09-01,2026-08-31,"206887,68"
101067998,2022-09-01,2024-08-31,"188590,08"
101150830,2024-12-01,2027-11-30,"288859,2"
101152097,2025-01-01,2026-12-31,175920
101064686,2023-04-01,2025-03-31,191760
101064287,2023-08-01,2025-07-31,"181152,96"
101169308,2024-10-01,2028-09-30,3432420
101155151,2024-08-07,2026-08-06,"165312,96"
101061171,2023-01-01,2025-04-30,"193402,26"
101067861,2023-09-01,2025-08-31,"199694,4"
101162414,2024-05-01,2025-12-31,297365
101061605,2022-03-01,2024-02-29,622835
101152099,2024-09-01,2026-08-31,"210911,04"
101059683,2022-09-30,2024-09-29,"198296,96"
101152180,2025-05-01,2027-04-30,"181152,96"
101182806,2025-01-01,2028-12-31,1154600
101150348,2024-09-01,2027-08-31,"286191,36"
101066916,2022-07-01,2025-06-30,"265647,84"
101151301,2024-10-01,2026-09-30,"203464,32"
101063581,2023-01-01,2025-06-30,"226751,04"
101063247,2022-05-01,2025-04-30,"238993,92"
101066193,2023-09-01,2025-11-30,"165312,96"
101063104,2022-08-01,2024-07-31,"165312,96"
101126658,2024-05-01,2029-04-30,1050720
101063976,2022-09-01,2024-08-31,"215534,4"
101149254,2025-01-01,2026-12-31,"188590,08"
101149591,2025-07-01,2027-06-30,"173847,36"
101068769,2023-03-01,2025-02-28,"166278,72"
101152927,2024-12-21,2027-06-20,"226441,2"
101066055,2023-09-01,2025-08-31,"172750,08"
101059659,2022-11-01,2024-10-31,"165312,96"
101073062,2023-02-01,2027-01-31,"2582503,2"
101152144,2024-09-16,2026-09-15,"189687,36"
101153260,2025-09-01,2027-08-31,"166278,72"
101154708,2025-01-01,2026-12-31,"206887,68"
101062572,2022-09-01,2024-08-31,"199694,4"
101066678,2023-01-01,2025-07-31,"172750,08"
101061526,2022-06-01,2024-05-31,"189687,36"
101146615,2024-09-15,2026-09-14,"187624,32"
101153098,2025-04-01,2027-03-31,"181152,96"
101062098,2022-06-01,2024-05-31,"173847,36"
101149474,2025-06-03,2028-06-02,"320924,16"
101065707,2023-09-01,2025-08-31,"165312,96"
101069074,2022-09-01,2024-08-31,"156778,56"
101146660,2025-09-01,2027-08-31,"195914,88"
101058905,2024-01-01,2025-12-31,"189687,36"
101086142,2022-11-01,2026-10-31,791200
101151034,2025-09-01,2027-08-31,"172750,08"
101168931,2025-01-01,2028-12-31,"3969043,2"
101068378,2022-08-01,2024-07-31,"173847,36"
101155328,2024-06-01,2026-05-31,"165312,96"
101151289,2024-04-01,2026-03-31,"203464,32"
101059893,2022-07-01,2024-06-30,"189687,36"
101151819,2024-05-01,2026-04-30,"173847,36"
101150795,2024-10-01,2026-09-30,"222727,68"
101081195,2023-01-01,2027-12-31,3582000
101066116,2022-09-01,2024-08-31,"156778,56"
101151996,2024-06-03,2026-06-02,"187624,32"
101066908,2023-07-01,2026-06-30,"308746,56"
101151044,2024-10-01,2026-09-30,"181152,96"
101154272,2024-09-01,2027-08-31,"265099,2"
101150297,2024-05-01,2026-04-30,"189687,36"
101064772,2023-06-01,2025-05-31,"211754,88"
101065654,2022-10-01,2024-09-30,"173847,36"
101149825,2024-09-01,2026-08-31,"210911,04"
101151723,2024-11-01,2027-10-31,"261380,64"
101086388,2023-03-01,2027-02-28,1366200
101119552,2024-01-01,2027-12-31,"2504779,2"
101062329,2023-09-01,2026-08-31,"293445,6"
101061315,2023-09-01,2025-08-31,"172750,08"
101146976,2024-10-01,2026-09-30,"226629,12"
101067343,2023-09-01,2025-08-31,"189687,36"
101147263,2025-09-01,2027-08-31,"215534,4"
101169327,2025-03-01,2029-02-28,"2563653,6"
101065466,2022-08-01,2024-10-31,"189687,36"
101150863,2024-08-12,2026-08-11,"206887,68"
101154353,2025-01-01,2026-12-31,"199694,4"
101067199,2022-06-21,2024-06-20,"172750,08"
101148590,2024-09-16,2026-09-15,"181152,96"
101154394,2025-04-01,2027-03-31,"172750,08"
101062984,2022-09-01,2024-08-31,"187624,32"
101059502,2022-11-01,2025-10-31,"278571,36"
101063075,2023-01-01,2024-12-31,"211754,88"
101155400,2025-09-01,2028-02-29,"226441,2"
101182520,2024-12-01,2028-11-30,515200
101061836,2022-10-01,2024-09-30,"206887,68"
101086234,2023-01-01,2026-12-31,331200
101154831,2024-07-01,2026-06-30,191760
101064216,2022-09-01,2024-08-31,175920
101086280,2023-01-01,2026-12-31,791200
101065631,2023-01-01,2024-12-31,"187624,32"
101067429,2022-10-01,2024-09-30,"209087,68"
101126636,2024-01-01,2028-12-31,5158080
101068805,2022-07-01,2024-06-30,"230774,4"
101148894,2024-09-01,2026-08-31,"222727,68"
101155264,2024-07-01,2026-06-30,"203464,32"
101067300,2023-09-01,2025-08-31,"195914,88"
101067859,2023-06-01,2025-05-31,"211754,88"
101155441,2024-11-16,2026-11-15,"181152,96"
101150019,2025-03-01,2027-02-28,"165312,96"
101066035,2023-01-01,2025-04-30,"222727,68"
101094690,2022-12-01,2025-11-30,2619125
101151099,2024-04-01,2026-03-31,"210911,04"
101153695,2025-01-01,2026-12-31,"226751,04"
101182860,2025-01-01,2028-12-31,611800
101079467,2022-11-01,2025-10-31,1279170
101180125,2025-01-01,2028-12-31,"4499826,25"
101132437,2024-01-01,2027-02-28,"2999613,25"
101119437,2024-02-01,2028-01-31,"2752149,6"
101136991,2023-12-01,2028-11-30,"6999194,5"
101060576,2023-09-01,2025-08-31,"226751,04"
101094621,2023-01-01,2027-12-31,"9500358,51"
101192337,2025-01-01,2028-02-29,"3016110,22"
101073949,2022-10-01,2025-09-30,"2410865,5"
101145735,2024-04-01,2028-03-31,"3999998,25"
101103295,2023-07-01,2027-06-30,3995300
101168614,2024-11-01,2028-10-31,"2778710,4"
101149465,2024-09-16,2026-09-15,"210911,04"
101159438,2025-01-01,2028-12-31,4700000
101188490,2025-01-01,2027-12-31,"1499998,33"
101154909,2024-09-01,2026-08-31,"210911,04"
101155881,2025-01-01,2029-12-31,8995781
101081661,2022-12-01,2026-11-30,5231340
101066906,2023-05-01,2025-04-30,"226751,04"
101130676,2024-01-01,2027-12-31,3904508
101059288,2022-09-01,2026-08-31,"2630148,75"
101061550,2022-10-01,2025-09-30,2994887
101151904,2024-07-01,2026-06-30,"226751,04"
101093169,2023-01-01,2026-12-31,"2990555,78"
101137092,2023-12-01,2027-05-31,"4887345,13"
101152347,2025-09-01,2027-08-31,"226751,04"
101070014,2022-09-01,2025-08-31,"8502621,75"
101178926,2025-02-01,2028-01-31,"3009246,25"
101060825,2022-09-01,2025-08-31,"2999996,75"
101069732,2022-09-01,2025-08-31,"11828857,5"
101097907,2023-09-01,2028-08-31,2500000
101088865,2023-06-01,2028-05-31,1995750
101163902,2025-01-01,2029-12-31,1500000
101113226,2023-06-01,2024-11-30,150000
101117081,2024-01-01,2028-12-31,1498756
101158120,2024-07-01,2025-12-31,150000
101088483,2024-01-01,2028-12-31,2000000
101161432,2025-01-01,2029-12-31,1313131
101161287,2024-11-01,2029-10-31,1498839
101116637,2024-01-01,2028-12-31,1399676
101163668,2025-01-01,2029-12-31,1486161
101076351,2023-09-01,2028-08-31,1498529
101170019,2025-10-01,2030-09-30,2597500
101126272,2024-07-01,2029-06-30,1997935
101164357,2025-10-01,2030-09-30,"1499253,75"
101116984,2024-01-01,2028-12-31,1499985
101097172,2023-10-01,2028-09-30,1647938
101123245,2023-11-01,2025-04-30,150000
101113553,2023-03-01,2024-08-31,150000
101213203,2025-04-01,2026-09-30,150000
101078163,2023-05-01,2028-04-30,1494669
101077640,2023-08-01,2028-07-31,1687500
101052954,2022-05-01,2028-04-30,2149023
101141700,2024-11-01,2029-10-31,3500000
101165504,2025-01-01,2029-12-31,1999838
101089139,2024-02-01,2029-01-31,1694043
101142834,2025-01-01,2029-12-31,2500000
101126254,2024-06-01,2029-05-31,1999423
101117951,2024-03-01,2029-02-28,1722500
101101031,2023-03-01,2024-08-31,150000
101088643,2024-06-01,2029-05-31,1996750
101142155,2024-07-01,2029-06-30,2498963
101077181,2023-12-01,2028-11-30,1497100
101078603,2023-10-01,2028-09-30,1494164
101141807,2024-08-01,2029-07-31,2493750
101114910,2024-04-01,2029-03-31,1872506
101052347,2022-10-01,2027-09-30,2458705
101124884,2024-06-01,2029-05-31,2000000
101125599,2024-12-01,2029-11-30,1998966
101162980,2025-01-01,2029-12-31,1500000
101053054,2022-10-01,2027-09-30,2495000
101117111,2024-01-01,2028-12-31,1495191
101140173,2024-10-01,2029-09-30,2500000
101164875,2025-01-01,2029-12-31,1439265
101136845,2024-01-01,2025-06-30,150000
101160788,2025-06-01,2030-05-31,1499640
101088355,2023-10-01,2028-09-30,1986750
101169982,2025-02-01,2030-01-31,1457750
101087978,2023-10-01,2028-09-30,1532955
101077922,2023-01-01,2027-12-31,1500000
101113106,2023-10-01,2025-03-31,150000
101124895,2025-01-01,2029-12-31,1989816
101055276,2023-01-01,2027-12-31,2500000
101169892,2025-04-01,2030-03-31,2000000
101076709,2023-07-01,2028-06-30,1500000
101164610,2025-01-01,2029-12-31,1495250
101189441,2024-09-01,2026-02-28,150000
101076986,2023-07-01,2028-06-30,1495845
101160588,2025-01-01,2029-12-31,1461424
101088125,2024-01-01,2028-12-31,1980998
101097986,2023-10-01,2028-09-30,2082419
101116116,2023-12-01,2028-11-30,1500000
101077178,2023-01-01,2027-12-31,1500000
101097884,2023-09-01,2028-08-31,"2418010,95"
101164042,2025-03-01,2030-02-28,1340288
101189474,2024-11-01,2026-04-30,150000
101171583,2025-04-01,2030-03-31,2145000
101118756,2024-06-01,2030-05-31,9939329
101166008,2025-02-01,2030-01-31,1485971
101054300,2022-12-01,2027-11-30,"2499117,5"
101115653,2024-05-01,2029-04-30,1491741
101060441,2022-09-01,2024-02-29,150000
101096046,2024-01-01,2028-12-31,2498390
101163003,2025-03-01,2030-02-28,1634825
101097693,2024-01-01,2028-12-31,2988750
101054909,2022-10-01,2027-09-30,2484375
101089065,2023-03-01,2028-02-29,2000000
101125658,2024-12-01,2029-11-30,1999358
101055063,2022-11-01,2027-10-31,3495575
101115643,2024-01-01,2028-12-31,2308125
101123089,2023-06-01,2025-02-28,150000
101088596,2023-04-01,2028-03-31,1997250
101116410,2024-01-01,2028-12-31,1500000
101082287,2022-12-01,2024-05-31,150000
101116869,2024-01-01,2028-12-31,1499754
101076972,2023-07-01,2028-06-30,1175215
101086900,2023-07-01,2028-06-30,1997688
101097332,2023-10-01,2028-09-30,2500000
101076941,2023-05-01,2028-04-30,1500000
101163117,2025-01-01,2029-12-31,1830605
101115723,2024-03-01,2029-02-28,2437500
101087809,2023-05-01,2028-04-30,2000000
101125051,2024-03-01,2029-02-28,1999455
101087900,2023-05-01,2028-04-30,1998000
101096215,2023-07-01,2028-06-30,859950
101138121,2023-11-01,2025-04-30,150000
101165743,2025-01-01,2029-12-31,1500000
101078411,2023-07-01,2028-06-30,1019000
101069447,2022-08-01,2024-01-31,150000
101069262,2022-06-01,2023-11-30,150000
101076060,2023-05-01,2028-04-30,1498984
101165141,2025-01-01,2029-12-31,1500000
101069302,2022-11-01,2024-04-30,150000
101125245,2024-03-01,2029-02-28,1994895
101158101,2024-09-01,2026-02-28,150000
101117882,2024-08-01,2029-07-31,1499334
101125225,2024-06-01,2029-05-31,1988674
101062190,2023-03-01,2024-08-31,150000
101069255,2022-05-01,2023-10-31,150000
101088359,2023-09-01,2028-08-31,1962404
101189371,2024-10-01,2026-03-31,150000
101171156,2025-05-01,2030-04-30,2265000
101089047,2023-11-01,2028-10-31,1993756
101086836,2023-04-01,2028-03-31,1999549
101088963,2024-07-01,2029-06-30,2470873
101054917,2022-10-01,2027-09-30,2498535
101138734,2024-01-01,2025-06-30,150000
101078075,2023-10-01,2028-09-30,1494375
101171046,2025-09-01,2030-08-31,1885370
101075632,2023-03-01,2028-02-29,1496085
101116089,2024-06-01,2029-05-31,1498361
101057162,2022-06-01,2023-11-30,150000
101142844,2024-10-01,2029-09-30,1874575
101115126,2024-03-01,2029-02-28,1494166
101137970,2023-09-01,2025-02-28,150000
101161846,2025-01-01,2029-12-31,1499943
101076777,2023-05-01,2028-04-30,1343890
101125590,2025-01-01,2029-12-31,1999491
101117429,2024-01-01,2028-12-31,1500000
101069172,2022-04-01,2023-09-30,150000
101098241,2023-12-01,2028-11-30,"2499783,75"
101078482,2022-12-01,2027-11-30,1499250
101113137,2023-06-01,2024-11-30,150000
101160805,2025-05-01,2030-04-30,1500000
101141323,2025-01-01,2029-12-31,2500000
101097816,2023-12-01,2028-11-30,2499500
101123221,2023-10-01,2025-03-31,150000
101166174,2025-01-01,2029-12-31,1494898
101094124,2023-09-01,2028-08-31,2498766
101078646,2023-07-01,2028-06-30,1500000
101188879,2024-11-01,2026-04-30,150000
101165138,2025-01-01,2029-12-31,1500000
101117251,2024-06-01,2029-05-31,1497500
101155938,2024-09-01,2026-02-28,150000
101164135,2025-04-01,2030-03-31,1499389
101126229,2024-10-01,2029-09-30,1935074
101115687,2025-01-01,2029-12-31,1500000
101075410,2023-09-01,2028-08-31,1499199
101171427,2025-10-01,2030-09-30,2000000
101118729,2024-04-01,2030-03-31,10770990
101098161,2023-10-01,2028-09-30,2089688
101115332,2024-04-01,2029-03-31,1496991
101088734,2023-07-01,2028-06-30,1994069
101077037,2023-06-01,2028-05-31,1498939
101124215,2024-10-01,2029-09-30,1999750
101118744,2024-06-01,2030-05-31,7817939
101086771,2024-01-01,2028-12-31,1998793
101054501,2023-01-01,2027-12-31,2490725
101113512,2023-06-01,2024-11-30,150000
101075848,2023-02-01,2028-01-31,1544651
101054524,2023-01-01,2027-12-31,1651250
101125126,2024-10-01,2029-09-30,1999224
101081921,2022-08-01,2024-01-31,150000
101122595,2024-01-01,2028-12-31,1992235
101087581,2023-10-01,2028-09-30,1746614
101116071,2024-02-01,2029-01-31,1500000
101118089,2024-01-01,2028-12-31,1495271
101131356,2024-09-01,2029-08-31,2499994
101088437,2023-08-01,2028-07-31,2000000
101088573,2023-12-01,2028-11-30,2000000
101097906,2024-04-01,2029-03-31,2499450
101098234,2023-09-01,2028-08-31,2496596
101163177,2025-02-01,2030-01-31,2142881
101077265,2023-10-01,2028-09-30,"1446893,75"
101055327,2022-09-01,2027-08-31,2499851
101116700,2024-10-01,2029-09-30,1499750
101097326,2024-01-01,2028-12-31,2499909
101076506,2023-09-01,2028-08-31,1499943
101054259,2022-12-01,2027-11-30,2491924
101117844,2024-01-01,2028-12-31,1497986
101142427,2024-10-01,2029-09-30,2499921
101088169,2024-01-01,2028-12-31,1998784
101054177,2022-11-01,2027-10-31,"2483723,75"
101076572,2023-04-01,2028-03-31,1500000
101055120,2022-10-01,2027-09-30,2795294
101165188,2025-09-01,2030-08-31,1498436
101158288,2024-05-01,2025-10-31,150000
101157249,2024-04-01,2025-09-30,150000
101116550,2024-01-01,2028-12-31,1499618
101158064,2024-03-01,2025-08-31,150000
101138723,2023-10-01,2025-03-31,150000
101189497,2025-01-01,2026-06-30,150000
101138232,2024-01-01,2025-06-30,150000
101117162,2024-11-01,2029-10-31,1302500
101155832,2024-06-01,2025-11-30,150000
101054069,2022-09-01,2027-08-31,2499554
101112853,2023-04-01,2024-09-30,150000
101111874,2023-09-01,2025-02-28,150000
101088587,2023-04-01,2028-03-31,2000000
101162889,2024-11-01,2029-10-31,1497650
101081361,2022-11-01,2024-04-30,150000
101125843,2024-10-01,2029-09-30,1998750
101158208,2024-09-01,2026-02-28,150000
101141351,2024-09-01,2029-08-31,2499375
101165631,2024-10-01,2029-09-30,1499309
101123203,2024-06-01,2029-05-31,"1993598,09"
101114633,2024-01-01,2028-12-31,1500000
101123031,2023-06-01,2024-11-30,150000
101123436,2023-06-01,2025-05-31,150000
101068512,2023-04-01,2024-09-30,150000
101162145,2025-01-01,2029-12-31,1624563
101141621,2024-08-01,2029-07-31,2499999
101078070,2023-05-01,2028-04-30,1498420
101161989,2025-01-01,2029-12-31,1496886
101076129,2024-01-01,2028-12-31,1500000
101088027,2023-11-01,2028-10-31,1999913
101077900,2023-05-01,2028-04-30,1499906
101076020,2023-09-01,2028-08-31,1476276
101069326,2022-07-01,2024-12-31,150000
101088427,2024-01-01,2028-12-31,2000000
101087184,2023-08-01,2028-07-31,1999288
101189364,2024-11-01,2026-04-30,150000
101191903,2025-01-01,2028-10-31,"6900631,8"
101069712,2022-08-01,2026-07-31,6976599
101158172,2024-04-01,2025-09-30,150000
101069433,2022-06-01,2023-11-30,150000
101096629,2023-12-01,2028-11-30,2499708
101141584,2024-11-01,2029-10-31,2500000
101162962,2026-01-01,2030-12-31,1496598
101140422,2024-10-01,2029-09-30,2499594
101124282,2024-03-01,2029-02-28,1999250
101069312,2022-09-01,2024-02-29,150000
101170843,2025-03-01,2030-02-28,2000000
101054456,2022-07-01,2027-06-30,2339875
101077205,2023-01-01,2027-12-31,1495750
101164556,2025-01-01,2029-12-31,1496305
101069260,2022-07-01,2023-12-31,150000
101115758,2024-09-01,2029-08-31,1387500
101100664,2023-01-01,2024-12-31,150000
101069394,2022-09-01,2024-02-29,150000
101164939,2025-03-01,2030-02-28,1498858
101124379,2024-07-01,2029-06-30,1998750
101081736,2022-09-01,2024-02-29,150000
101078132,2023-07-01,2028-06-30,1499749
101077420,2023-10-01,2028-09-30,1218088
101116721,2024-02-01,2029-01-31,1499616
101075838,2023-03-01,2028-02-29,1494405
101053983,2022-10-01,2027-09-30,2418313
101164280,2025-01-01,2029-12-31,1500000
101123120,2024-01-01,2025-06-30,150000
101088020,2024-04-01,2029-03-31,2000000
101104094,2023-07-01,2026-12-31,"7999613,5"
101117517,2024-01-01,2028-12-31,1447995
101103755,2023-06-01,2026-05-31,"4781008,71"
101142305,2024-09-01,2029-08-31,2500000
101069237,2022-07-01,2023-12-31,150000
101123421,2023-07-01,2024-12-31,150000
101055088,2022-09-01,2027-08-31,3356483
101062180,2022-05-01,2023-10-31,150000
101122583,2024-06-01,2029-05-31,1795300
101078764,2024-01-01,2028-12-31,1491750
101053242,2023-02-01,2028-01-31,2159469
101112677,2023-06-01,2024-11-30,150000
101086598,2023-10-01,2028-09-30,2000000
101164974,2025-01-01,2029-12-31,1499498
101097789,2023-11-01,2028-10-31,1782794
101162888,2025-01-01,2029-12-31,1500000
101116966,2023-12-01,2028-11-30,1494625
101142666,2024-09-01,2029-08-31,2499865
101116249,2024-03-01,2029-02-28,1499160
101141267,2024-10-01,2029-09-30,1870231
101069166,2023-09-01,2025-02-28,150000
101125913,2024-09-01,2029-08-31,1741309
101087771,2024-01-01,2028-12-31,1999999
101077332,2023-04-01,2028-03-31,1499960
101142840,2025-01-01,2029-12-31,2183838
101116912,2024-01-01,2028-12-31,1495519
101142396,2025-01-01,2029-12-31,2799989
101078192,2023-01-01,2027-12-31,2337500
101088426,2024-01-01,2028-12-31,2000000
101123000,2024-06-01,2025-11-30,150000
101069319,2022-07-01,2023-12-31,150000
101085444,2023-09-01,2028-08-31,1999625
101164130,2025-02-01,2030-01-31,1499808
101089297,2023-06-01,2028-05-31,2000000
101115960,2024-12-01,2029-11-30,1451568
101115681,2024-01-01,2028-12-31,1470851
101165294,2025-08-01,2030-07-31,2250000
101115787,2024-01-01,2028-12-31,1500000
101094492,2023-11-01,2028-10-31,2500000
101077144,2023-10-01,2028-09-30,1500000
101213658,2025-05-01,2026-10-31,150000
101115870,2024-01-01,2028-12-31,1493750
101101075,2022-10-01,2024-03-31,150000
101054345,2022-10-01,2027-09-30,2368600
101077809,2023-03-01,2028-02-29,1497613
101115742,2023-12-01,2028-11-30,1453730
101054467,2023-01-01,2027-12-31,2499411
101158155,2024-04-01,2025-09-30,150000
101158248,2024-07-01,2025-12-31,150000
101096793,2023-09-01,2028-08-31,2499995
101162601,2025-03-01,2030-02-28,2159604
101164099,2025-02-01,2030-01-31,1499755
101116282,2024-07-01,2029-06-30,1499768
101124273,2024-03-01,2029-02-28,2000000
101078476,2023-05-01,2028-04-30,1657193
101055305,2022-10-01,2027-09-30,2485314
101055093,2022-06-01,2027-05-31,2411000
101125822,2024-09-01,2029-08-31,1997500
101126235,2024-05-01,2029-04-30,1999706
101162673,2024-10-01,2029-09-30,1500000
101158287,2024-04-01,2025-09-30,150000
101069363,2022-08-01,2024-01-31,150000
101141901,2024-10-01,2029-09-30,2499861
101088481,2023-10-01,2028-09-30,2000000
101117791,2024-01-01,2028-12-31,1498475
101125269,2024-05-01,2029-04-30,1997500
101097824,2023-05-01,2028-04-30,2500000
101100574,2022-10-01,2024-03-31,150000
101125516,2024-09-01,2029-08-31,2000000
101115511,2024-09-01,2029-08-31,1449500
101161909,2024-08-01,2029-07-31,1499543
101082223,2022-10-01,2024-03-31,150000
101125699,2024-10-01,2029-09-30,2000000
101124329,2024-05-01,2029-04-30,2000000
101141720,2025-01-01,2029-12-31,2495750
101075824,2023-06-01,2028-05-31,1452644
101164205,2025-01-01,2029-12-31,1562741
101114653,2024-09-01,2029-08-31,2123241
101054717,2022-09-01,2027-08-31,2488400
101117587,2024-01-01,2028-12-31,1498779
101077310,2023-10-01,2027-09-30,1196778
101059469,2022-08-01,2024-01-31,150000
101053992,2023-09-01,2028-08-31,"2457977,93"
101097198,2023-11-01,2028-10-31,2498644
101141712,2025-03-01,2030-02-28,2498200
101096455,2024-01-01,2028-12-31,2500000
101189393,2025-01-01,2026-06-30,150000
101138959,2024-02-01,2025-07-31,150000
101088366,2023-06-01,2028-05-31,1995465
101158010,2024-05-01,2025-10-31,150000
101163469,2025-01-01,2029-12-31,1458676
101078225,2023-11-01,2028-10-31,1499213
101125551,2024-03-01,2029-02-28,1999819
101157420,2024-11-01,2026-04-30,150000
101088452,2024-01-01,2028-12-31,3000000
101171721,2025-06-01,2030-05-31,2999934
101161004,2025-01-01,2029-12-31,1499998
101125153,2024-06-01,2029-05-31,2579608
101125503,2024-12-01,2029-11-30,2193224
101164505,2025-04-01,2030-03-31,1499970
101088363,2023-11-01,2028-10-31,1598515
101158232,2025-01-01,2026-06-30,150000
101117895,2024-01-01,2028-12-31,1499516
101116418,2024-01-01,2028-12-31,1497981
101054289,2023-01-01,2027-12-31,2500000
101125511,2024-03-01,2029-02-28,1999784
101054428,2022-11-01,2027-10-31,2473760
101087134,2023-09-01,2028-08-31,1999370
101165175,2025-08-01,2030-07-31,1683750
101088902,2024-01-01,2028-12-31,1999863
101124323,2024-04-01,2029-03-31,1999888
101124883,2024-06-01,2029-05-31,2543230
101069245,2022-11-01,2024-04-30,150000
101100894,2022-11-01,2024-07-31,150000
101071784,2023-01-01,2028-12-31,8793579
101116856,2024-01-01,2028-12-31,1498750
101189526,2025-01-01,2026-06-30,150000
101076997,2023-09-01,2028-08-31,1749624
101061820,2022-09-01,2024-02-29,150000
101097351,2023-10-01,2028-09-30,2493750
101117443,2024-03-01,2029-02-28,1499819
101088709,2024-01-01,2028-12-31,1995250
101160778,2025-04-01,2030-03-31,1499875
101142691,2024-11-01,2029-10-31,2500000
101163219,2025-01-01,2029-12-31,1500000
101086483,2023-10-01,2028-09-30,2355741
101163141,2025-07-01,2030-06-30,1331375
101112697,2024-01-01,2026-03-31,150000
101140713,2025-03-01,2030-02-28,2496951
101088403,2023-08-01,2028-07-31,1996646
101087847,2024-01-01,2028-12-31,2000000
101053296,2022-10-01,2027-09-30,2447385
101164102,2025-07-01,2030-06-30,1499275
101138496,2024-01-01,2025-06-30,150000
101116147,2024-01-01,2028-12-31,1500000
101069424,2022-04-01,2023-09-30,150000
101069203,2022-04-01,2023-09-30,150000
101116507,2024-04-01,2029-03-31,1500000
101142107,2024-10-01,2029-09-30,2499076
101076710,2023-03-01,2028-02-29,1900000
101115455,2024-02-01,2029-01-31,1500000
101164752,2025-01-01,2029-12-31,1522288
101125383,2024-10-01,2029-09-30,2632975
101117327,2024-09-01,2029-08-31,1499146
101124572,2024-10-01,2029-09-30,1999590
101115963,2024-01-01,2028-12-31,1499493
101078069,2023-09-01,2028-08-31,1499816
101076355,2023-05-01,2028-04-30,1500000
101161820,2025-04-01,2030-03-31,2069823
101088572,2023-09-01,2028-08-31,1933625
101078827,2023-04-01,2028-03-31,1498316
101054369,2022-09-01,2028-03-31,2495594
101125874,2024-10-01,2029-09-30,1961250
101114991,2024-01-01,2028-12-31,1490625
101165466,2024-10-01,2029-09-30,1316544
101088715,2025-01-01,2029-12-31,1999875
101141866,2024-05-01,2029-04-30,2499668
101115812,2024-06-01,2029-05-31,1500000
101141740,2025-01-01,2029-12-31,3250000
101098056,2024-04-01,2029-03-31,3428458
101158183,2024-03-01,2025-08-31,150000
101142067,2024-10-01,2029-09-30,2499250
101054653,2022-07-01,2027-06-30,2497500
101094463,2023-12-01,2028-11-30,2481873
101146025,2024-07-01,2025-12-31,150000
101086644,2024-01-01,2028-12-31,1930096
101189464,2025-01-01,2026-06-30,150000
101117858,2024-05-01,2029-04-30,1499838
101162011,2025-01-01,2029-12-31,1765625
101122348,2024-11-01,2029-10-31,1988113
101189423,2024-11-01,2026-04-30,150000
101141366,2024-06-01,2029-05-31,2499465
101213895,2025-03-01,2026-08-31,150000
101171475,2025-05-01,2030-04-30,1999663
101161952,2025-07-01,2030-06-30,1500000
101142881,2024-09-01,2029-08-31,2497319
101075884,2023-05-01,2028-04-30,1500000
101097850,2023-12-01,2028-11-30,"2458045,94"
101086819,2023-09-01,2028-08-31,1993643
101088228,2024-02-01,2029-01-31,1994024
101189530,2024-10-01,2026-03-31,150000
101116680,2023-10-01,2028-09-30,1496250
101089328,2023-10-01,2028-09-30,2346219
101124411,2024-06-01,2029-05-31,1996889
101188053,2025-01-01,2026-06-30,150000
101142496,2024-09-01,2029-08-31,2500000
101163114,2025-01-01,2029-12-31,1485968
101076407,2023-11-01,2028-10-31,"1528006,25"
101161675,2025-06-01,2030-05-31,2453025
101123370,2023-10-01,2025-03-31,150000
101155899,2024-04-01,2025-09-30,150000
101126050,2024-06-01,2029-05-31,1998531
101169605,2025-05-01,2030-04-30,1993474
101086075,2023-10-01,2028-09-30,1992500
101076891,2023-01-01,2027-12-31,"1396643,75"
101054883,2023-01-01,2027-12-31,2498845
101118693,2024-06-01,2030-05-31,11855066
101077455,2024-01-01,2028-12-31,1458750
101097313,2024-01-01,2028-12-31,2402831
101116029,2024-05-01,2029-04-30,1488550
101054237,2023-01-01,2027-12-31,2055441
101088370,2023-09-01,2028-08-31,1999495
101077363,2024-01-01,2028-12-31,1499584
101156045,2024-07-01,2025-12-31,150000
101117028,2024-01-01,2028-12-31,1499401
101124603,2024-06-01,2029-05-31,2265746
101162021,2025-04-01,2030-03-31,2499919
101117619,2024-01-01,2028-12-31,1499974
101086608,2023-07-01,2028-06-30,2811238
101115749,2024-04-01,2028-03-31,1196801
101165101,2024-10-01,2029-09-30,1500000
101133276,2024-10-01,2029-09-30,2499750
101077766,2024-02-01,2029-01-31,1500000
101164343,2024-10-01,2029-09-30,1499996
101117175,2024-01-01,2028-12-31,1499548
101141362,2024-09-01,2029-08-31,2498230
101077278,2023-01-01,2027-12-31,1499325
101142123,2024-10-01,2029-09-30,2500000
101165927,2024-09-01,2029-08-31,1486463
101054731,2023-08-01,2028-07-31,2855000
101163625,2025-09-01,2030-08-31,1499791
101163998,2024-09-01,2029-08-31,1903750
101069436,2022-10-01,2024-03-31,150000
101163904,2025-04-01,2030-03-31,1498930
101213818,2025-10-01,2027-03-31,150000
101055435,2022-09-01,2027-08-31,2488216
101055186,2022-09-01,2027-08-31,3499763
101158056,2024-07-01,2025-12-31,150000
101125333,2024-06-01,2029-05-31,1999999
101164033,2025-04-01,2030-03-31,1771359
101054323,2023-01-01,2027-12-31,2498741
101095729,2023-09-01,2028-08-31,"1887187,5"
101163537,2025-04-01,2030-03-31,1498269
101115807,2024-01-01,2028-12-31,1374771
101113439,2023-06-01,2024-11-30,150000
101142430,2024-08-01,2029-07-31,3118430
101141463,2025-01-01,2029-12-31,2499809
101113826,2024-04-01,2029-03-31,1494775
101082198,2022-07-01,2024-06-30,150000
101069100,2022-04-01,2023-09-30,150000
101158251,2024-06-01,2025-11-30,150000
101141624,2025-01-01,2029-12-31,2499859
101124514,2024-04-01,2029-03-31,1999989
101089334,2023-05-01,2028-04-30,2000000
101053661,2022-09-01,2027-08-31,2498148
101097386,2024-10-01,2029-09-30,2488125
101124195,2025-01-01,2029-12-31,2133101
101170816,2025-05-01,2030-04-30,1999500
101125981,2023-12-01,2028-11-30,1708613
101098310,2023-12-01,2028-11-30,2302500
101077146,2023-09-01,2028-08-31,2430625
101163359,2025-01-01,2029-12-31,1499496
101075836,2023-05-01,2028-04-30,1499849
101068557,2022-05-01,2023-10-31,150000
101075821,2023-05-01,2028-04-30,1499630
101141690,2024-11-01,2029-10-31,2945000
101098001,2024-01-01,2028-12-31,3409401
101082917,2023-08-01,2028-07-31,1887500
101166144,2024-12-01,2029-11-30,1490250
101113422,2024-01-01,2025-06-30,150000
101053716,2023-08-01,2028-07-31,2499999
101138304,2024-01-01,2025-06-30,150000
101124557,2024-05-01,2029-04-30,2000000
101158013,2024-07-01,2025-12-31,150000
101142063,2024-09-01,2029-08-31,2500000
101087964,2023-06-01,2028-05-31,1999489
101086839,2024-02-01,2029-01-31,2000000
101082241,2022-11-01,2024-04-30,150000
101059236,2023-06-01,2024-11-30,150000
101141693,2024-10-01,2029-09-30,2140250
101083038,2023-07-01,2028-06-30,2000000
101117556,2024-04-01,2029-03-31,1499438
101055142,2022-11-01,2027-10-31,2370000
101164016,2025-01-01,2029-12-31,2175054
101069171,2022-04-01,2023-09-30,150000
101116328,2024-01-01,2028-12-31,"1437497,5"
101125179,2024-06-01,2029-05-31,1993335
101116015,2024-01-01,2028-12-31,1498500
101054904,2022-10-01,2027-09-30,2410000
101088870,2023-07-01,2028-06-30,2000000
101118016,2024-05-01,2029-04-30,1478750
101140687,2024-10-01,2029-09-30,2485639
101160604,2025-01-01,2029-12-31,1487500
101054271,2023-01-01,2027-12-31,2499355
101140768,2024-07-01,2029-06-30,2500000
101115501,2024-01-01,2028-12-31,1498755
101069256,2022-07-01,2023-12-31,150000
101096020,2023-09-01,2028-08-31,2473806
101161207,2025-01-01,2029-12-31,1488736
101141522,2024-11-01,2029-10-31,2500000
101164911,2025-01-01,2029-12-31,"1498147,5"
101100460,2023-09-01,2025-02-28,150000
101069244,2022-04-01,2023-09-30,150000
101075451,2023-10-01,2028-09-30,1500000
101077260,2023-09-01,2028-08-31,1496246
101212905,2025-03-01,2026-08-31,150000
101076740,2023-05-01,2028-04-30,1499694
101116504,2024-01-01,2028-12-31,"1499952,5"
101117053,2024-05-01,2029-04-30,2499961
101077744,2023-05-01,2029-01-31,1489668
101087907,2023-06-01,2028-05-31,2000000
101124430,2024-05-01,2029-04-30,2000000
101116135,2024-09-01,2029-08-31,2216250
101088532,2023-09-01,2028-08-31,1719081
101078595,2023-10-01,2028-09-30,2325590
101162982,2025-01-01,2029-12-31,1498000
101078727,2023-12-01,2028-11-30,1499775
101163144,2025-01-01,2029-12-31,1499964
101055055,2022-12-01,2027-11-30,2500000
101169447,2025-05-01,2030-04-30,2000000
101067623,2022-09-01,2024-02-29,150000
101188820,2025-02-01,2026-07-31,150000
101141561,2024-11-01,2029-10-31,2499000
101053880,2023-01-01,2027-12-31,2493576
101116823,2023-09-01,2028-08-31,1497756
101118491,2024-04-01,2030-03-31,9989653
101138301,2024-01-01,2025-06-30,150000
101123801,2024-06-01,2029-05-31,1989289
101075877,2023-06-01,2028-05-31,1500000
101077506,2023-09-01,2028-08-31,1495250
101097659,2023-07-01,2028-06-30,2499948
101076224,2023-09-01,2028-08-31,1498216
101054643,2022-10-01,2027-09-30,2497200
101124519,2024-10-01,2029-09-30,2000000
101077000,2023-08-01,2028-07-31,1455684
101125620,2024-09-01,2029-08-31,1999019
101069401,2022-04-01,2023-09-30,150000
101162742,2024-11-01,2029-10-31,1496725
101161713,2025-01-01,2029-12-31,"1496978,75"
101076822,2023-06-01,2028-05-31,1497275
101088827,2023-09-01,2028-08-31,1698500
101138151,2024-01-01,2025-06-30,150000
101088124,2023-07-01,2028-06-30,1999938
101076805,2023-09-01,2028-08-31,"1499998,75"
101069228,2022-08-01,2024-01-31,150000
101067679,2023-12-01,2025-05-31,150000
101160971,2025-03-01,2030-02-28,1528843
101088313,2024-01-01,2028-12-31,2265684
101071259,2023-07-01,2029-06-30,11348614
101161666,2025-01-01,2029-12-31,1709681
101097322,2024-06-01,2029-05-31,2499510
101082333,2022-07-01,2023-12-31,150000
101142449,2024-09-01,2029-08-31,2446893
101097003,2023-09-01,2028-08-31,2499663
101165300,2025-04-01,2030-03-31,1499975
101115949,2024-04-01,2029-03-31,1499606
101076500,2024-01-01,2028-12-31,1498750
101164550,2025-04-01,2030-03-31,1550000
101115557,2024-08-01,2029-07-31,1499964
101138458,2023-11-01,2025-04-30,150000
101142019,2025-02-01,2030-01-31,2468700
101116718,2024-01-01,2028-12-31,1498794
101089009,2023-05-01,2028-04-30,2000000
101158055,2024-12-01,2026-05-31,150000
101124803,2024-05-01,2029-04-30,1999608
101115959,2024-11-01,2029-10-31,1592281
101161197,2025-10-01,2030-09-30,1497540
101055422,2023-01-01,2027-12-31,2500000
101170147,2025-07-01,2030-06-30,1996375
101096728,2023-09-01,2028-08-31,3148411
101069190,2022-04-01,2023-12-31,150000
101089288,2023-07-01,2028-06-30,1997321
101098178,2024-01-01,2028-12-31,2487500
101117101,2024-01-01,2028-12-31,1487116
101117579,2024-01-01,2028-12-31,1484926
101069327,2022-09-01,2024-02-29,150000
101164107,2024-12-01,2029-11-30,1497740
101082172,2023-08-01,2025-01-31,150000
101142895,2024-10-01,2029-09-30,"3459992,75"
101053194,2023-02-01,2028-01-31,2468550
101100943,2024-01-01,2025-12-31,150000
101125209,2024-05-01,2029-04-30,1999525
101087140,2023-10-01,2028-09-30,2000000
101116064,2024-01-01,2028-12-31,1500000
101116526,2024-04-01,2029-03-31,"1498581,19"
101165611,2024-12-01,2029-11-30,1499998
101126257,2024-10-01,2029-09-30,2061775
101096539,2024-01-01,2028-12-31,3496176
101069263,2022-06-01,2023-11-30,150000
101078370,2023-04-01,2028-03-31,1078750
101097092,2023-09-01,2028-08-31,2491250
101125162,2024-09-01,2029-08-31,1396400
101125730,2025-02-01,2030-01-31,2141929
101093345,2024-01-01,2028-12-31,2293407
101055129,2022-10-01,2027-09-30,2472435
101078198,2023-05-01,2028-04-30,1650778
101157728,2024-07-01,2025-12-31,150000
101167211,2025-03-01,2031-02-28,9875391
101096163,2023-09-01,2028-08-31,2479125
101069368,2024-03-01,2025-08-31,150000
101097924,2024-01-01,2028-12-31,2454000
101088936,2024-01-01,2028-12-31,1999970
101138167,2024-05-01,2025-10-31,150000
101095764,2023-09-01,2028-08-31,2500000
101141130,2024-12-01,2029-11-30,2500000
101124679,2024-06-01,2029-05-31,1999415
101116962,2024-01-01,2028-12-31,1496000
101075634,2023-05-01,2028-04-30,1499581
101082277,2022-09-01,2024-02-29,150000
101076422,2023-11-01,2028-10-31,1403898
101076847,2023-09-01,2028-08-31,1497620
101087086,2025-01-01,2029-12-31,2808686
101138983,2024-01-01,2025-06-30,150000
101158023,2024-05-01,2025-10-31,150000
101189511,2025-01-01,2026-06-30,150000
101101006,2023-02-01,2024-07-31,150000
101117737,2023-10-01,2028-09-30,1499375
101117433,2023-12-01,2028-11-30,1499995
101100608,2022-10-01,2024-03-31,150000
101088504,2023-04-01,2028-03-31,2500000
101116047,2024-01-01,2028-12-31,1498914
101116521,2024-08-01,2029-07-31,1500000
101077470,2022-12-01,2027-11-30,1500000
101076686,2023-04-01,2028-03-31,1500000
101069181,2022-11-01,2024-10-31,150000
101054341,2022-11-01,2027-10-31,2490354
101069207,2022-09-01,2024-02-29,150000
101075975,2023-07-01,2028-06-30,1500000
101117412,2024-01-01,2028-12-31,972875
101078785,2023-05-01,2028-04-30,1498894
101117891,2024-01-01,2028-12-31,1490250
101097367,2024-01-01,2028-12-31,2500000
101163311,2025-01-01,2029-12-31,2498960
101077758,2023-06-01,2028-05-31,1499750
101117043,2024-09-01,2029-08-31,1700000
101141564,2024-12-01,2029-11-30,3498250
101116087,2024-01-01,2028-12-31,1500000
101141494,2024-09-01,2029-08-31,2277400
101123298,2024-03-01,2025-08-31,150000
101115867,2024-01-01,2028-12-31,1499713
101125306,2024-06-01,2029-05-31,2000000
101078339,2023-06-01,2028-12-31,1499375
101116694,2024-01-01,2028-12-31,1499938
101189152,2024-10-01,2026-03-31,150000
101098201,2023-11-01,2028-10-31,2498750
101055318,2023-01-01,2027-12-31,1919306
101055307,2022-10-01,2027-09-30,2498750
101116563,2024-03-01,2029-02-28,1470355
101087063,2023-12-01,2028-11-30,1962685
101124239,2024-06-01,2029-05-31,"1999892,5"
101142318,2025-01-01,2029-12-31,2499793
101124227,2024-10-01,2029-09-30,1999951
101161858,2025-01-01,2029-12-31,1499789
101213262,2025-03-01,2026-08-31,150000
101117624,2024-04-01,2029-03-31,1711750
101141685,2024-07-01,2029-06-30,2500000
101115657,2024-03-01,2029-02-28,1384403
101097125,2023-04-01,2028-03-31,3344995
101116387,2024-05-01,2029-04-30,"1498987,5"
101081888,2022-10-01,2024-03-31,150000
101069397,2022-06-01,2024-05-31,150000
101055157,2022-09-01,2027-08-31,2372750
101054664,2022-11-01,2027-10-31,3500000
101162083,2025-09-01,2030-08-31,1492305
101105488,2023-06-01,2024-11-30,150000
101075607,2023-10-01,2028-09-30,1700000
101163222,2025-01-01,2029-12-31,1499144
101087368,2023-03-01,2028-02-29,1998313
101075733,2023-06-01,2028-05-31,1650000
101117427,2024-01-01,2028-12-31,1499825
101052785,2023-01-01,2027-12-31,2494538
101089099,2023-09-01,2028-08-31,1999073
101071420,2023-04-01,2029-03-31,11221642
101076118,2023-05-01,2028-04-30,1868196
101117328,2024-09-01,2029-08-31,1494848
101163799,2025-01-01,2029-12-31,1500000
101188091,2024-08-01,2026-01-31,150000
101165178,2025-02-01,2030-01-31,1500000
101069174,2022-06-01,2023-11-30,150000
101169646,2025-05-01,2030-04-30,1999993
101069310,2022-05-01,2023-10-31,150000
101076616,2023-07-01,2028-06-30,1497340
101162746,2025-01-01,2029-12-31,1493135
101076790,2023-08-01,2028-07-31,1486378
101078772,2023-01-01,2027-12-31,1500000
101113349,2023-06-01,2024-11-30,150000
101112805,2023-05-01,2024-10-31,150000
101165245,2025-03-01,2030-02-28,2492679
101126304,2024-09-01,2029-08-31,1610469
101118558,2024-04-01,2030-03-31,9902166
101117299,2023-11-01,2028-10-31,1499004
101125231,2024-03-01,2029-02-28,2631000
101077168,2023-09-01,2028-08-31,1413500
101158037,2024-07-01,2025-12-31,150000
101163128,2025-01-01,2029-12-31,1634640
101069201,2022-06-01,2023-11-30,150000
101163330,2025-04-01,2030-03-31,1499875
101213773,2025-03-01,2026-08-31,150000
101155853,2024-05-01,2025-10-31,150000
101117173,2024-09-01,2029-08-31,1463840
101069333,2022-06-01,2023-11-30,150000
101142075,2024-11-01,2029-10-31,2498943
101125393,2024-05-01,2029-04-30,1998750
101165167,2025-01-01,2029-12-31,1500000
101054618,2023-01-01,2027-12-31,2497583
101124518,2024-10-01,2029-09-30,1999913
101165750,2025-01-01,2029-12-31,1500000
101123382,2024-04-01,2025-09-30,150000
101055096,2022-10-01,2027-09-30,2500000
101054459,2023-01-01,2027-12-31,2499481
101141873,2024-11-01,2029-10-31,"2499228,75"
101171131,2025-02-01,2030-01-31,2750000
101054704,2022-12-01,2027-11-30,"3218398,75"
101163037,2025-03-01,2030-02-28,1499876
101188238,2024-11-01,2026-04-30,150000
101124621,2024-09-01,2029-08-31,2000000
101161734,2025-09-01,2030-08-31,1498765
101054365,2022-09-01,2024-02-29,150000
101163544,2024-11-01,2029-10-31,1500000
101169799,2025-05-01,2030-04-30,1644025
101123131,2024-03-01,2025-08-31,150000
101116987,2024-03-01,2029-02-28,1500000
101117265,2024-03-01,2029-02-28,1496854
101052764,2022-10-01,2027-09-30,2499286
101162908,2024-10-01,2029-09-30,1499285
101140394,2024-08-01,2029-07-31,2741000
101122990,2024-10-01,2029-09-30,2433063
101088693,2024-01-01,2028-12-31,"1986871,5"
101123381,2024-05-01,2029-04-30,1988794
101115741,2024-04-01,2029-03-31,1450560
101165368,2025-01-01,2029-12-31,1420400
101069311,2022-07-01,2023-12-31,150000
101052956,2022-10-01,2027-09-30,2476084
101166983,2025-05-01,2031-04-30,9881766
101124695,2024-05-01,2029-04-30,2000000
101097740,2023-07-01,2028-06-30,2499931
101141501,2024-08-01,2029-07-31,2499758
101113391,2023-10-01,2025-09-30,150000
101162059,2025-01-01,2029-12-31,1497360
101117510,2024-11-01,2029-10-31,1500000
101125173,2024-05-01,2029-04-30,"1999868,75"
101088560,2023-10-01,2028-09-30,1873963
101167322,2025-03-01,2031-02-28,9823000
101163551,2025-04-01,2030-03-31,1499956
101188520,2025-04-01,2026-09-30,150000
101055239,2022-10-01,2027-09-30,1584000
101088489,2023-11-01,2028-10-31,1985458
101142217,2024-07-01,2029-06-30,2489025
101096554,2023-10-01,2028-09-30,2499925
101098309,2023-08-01,2028-07-31,"2444587,5"
101100653,2022-12-01,2024-05-31,150000
101095951,2024-01-01,2028-12-31,2395875
101163095,2025-01-01,2029-12-31,1614000
101123202,2023-09-01,2025-02-28,150000
101117470,2024-01-01,2028-12-31,1499500
101162733,2025-02-01,2030-01-31,1497873
101164646,2024-12-01,2029-11-30,1231718
101123231,2023-10-01,2025-03-31,150000
101138779,2024-01-01,2025-06-30,150000
101081935,2023-07-01,2024-12-31,150000
101125172,2024-02-01,2029-01-31,1965525
101141427,2024-10-01,2029-09-30,2500000
101110473,2024-03-01,2029-02-28,1499864
101077204,2023-12-01,2028-11-30,1379858
101097966,2023-06-01,2028-05-31,2950000
101141533,2024-09-01,2029-08-31,3176790
101078313,2023-06-01,2028-05-31,1962500
101075974,2023-06-01,2028-05-31,1499600
101116848,2023-11-01,2028-10-31,1723334
101076369,2023-09-01,2028-08-31,"1499762,5"
101086992,2024-02-01,2029-01-31,1999573
101189344,2024-12-01,2026-05-31,150000
101116429,2024-09-01,2029-08-31,1479375
101096203,2023-09-01,2028-08-31,2499821
101081905,2022-11-01,2024-04-30,150000
101113328,2023-05-01,2024-10-31,150000
101113279,2023-08-01,2025-01-31,150000
101188025,2024-09-01,2026-02-28,150000
101117759,2024-10-01,2029-09-30,1499633
101165107,2025-01-01,2029-12-31,1499159
101138971,2024-02-01,2025-07-31,150000
101076961,2023-03-01,2028-02-29,1500000
101054354,2023-01-01,2027-12-31,2495625
101124701,2024-09-01,2029-08-31,1995000
101123883,2024-10-01,2029-09-30,2349943
101138844,2024-09-01,2026-02-28,150000
101118787,2024-06-01,2030-05-31,10000000
101052639,2022-10-01,2027-09-30,2334450
101140786,2024-06-01,2029-05-31,"2477355,94"
101087826,2023-06-01,2028-05-31,2955000
101165667,2025-01-01,2029-12-31,1498369
101117424,2024-01-01,2028-12-31,2442508
101089112,2023-10-01,2028-09-30,1999764
101138463,2024-02-01,2025-07-31,150000
101118936,2024-07-01,2030-06-30,10180358
101086182,2023-05-01,2028-04-30,2000000
101125304,2024-05-01,2029-04-30,1998615
101141579,2025-01-01,2029-12-31,2500000
101115861,2024-01-01,2028-12-31,1499999
101142712,2024-09-01,2029-08-31,2500000
101089203,2023-07-01,2028-06-30,1999848
101126168,2024-06-01,2029-05-31,1999689
101115984,2024-06-01,2029-05-31,1800000
101141777,2024-10-01,2029-09-30,2499928
101125923,2024-05-01,2029-04-30,1979704
101123099,2023-09-01,2025-02-28,150000
101081573,2023-01-01,2024-06-30,150000
101163999,2025-01-01,2029-12-31,1499969
101117408,2024-01-01,2028-12-31,1499235
101162920,2024-10-01,2029-09-30,1498750
101115234,2024-01-01,2028-12-31,1500000
101054098,2023-05-01,2028-04-30,2498868
101101048,2023-04-01,2024-09-30,150000
101052787,2022-12-01,2027-11-30,1964375
101117388,2024-04-01,2029-03-31,1500000
101078524,2023-09-01,2028-08-31,1500000
101078018,2023-05-01,2028-04-30,1498056
101075924,2023-05-01,2028-04-30,"1416812,5"
101167854,2025-01-01,2029-12-31,1999831
101095823,2023-07-01,2028-06-30,2495575
101055379,2022-09-01,2027-08-31,2498609
101162195,2025-01-01,2029-12-31,1500000
101123255,2024-07-01,2025-12-31,150000
101078097,2023-11-01,2028-10-31,1588710
101088943,2023-09-01,2028-08-31,2000000
101142672,2024-09-01,2029-08-31,2144646
101126146,2024-05-01,2029-04-30,1854546
101157669,2024-08-01,2026-01-31,150000
101141273,2025-01-01,2029-12-31,3493788
101112716,2023-05-01,2024-10-31,150000
101170267,2025-09-01,2030-08-31,1818781
101078719,2024-01-01,2028-12-31,1500000
101164796,2024-11-01,2029-10-31,1582491
101082494,2023-12-01,2028-11-30,1999833
101189358,2024-09-01,2026-02-28,150000
101141768,2025-03-01,2030-02-28,2500000
101137646,2023-11-01,2025-04-30,150000
101116226,2024-04-01,2029-03-31,1499281
101115568,2024-01-01,2028-12-31,1497500
101069356,2022-10-01,2024-03-31,150000
101113365,2023-05-01,2024-10-31,150000
101165937,2025-04-01,2030-03-31,2499205
101077251,2023-06-01,2028-05-31,1499961
101162697,2025-01-01,2029-12-31,1500000
101141285,2024-10-01,2029-09-30,2424481
101115100,2024-01-01,2028-12-31,1498614
101116083,2024-01-01,2028-12-31,1499738
101142539,2024-11-01,2029-10-31,2485500
101089081,2024-01-01,2028-12-31,1988500
101118631,2024-05-01,2030-04-30,11511103
101160767,2025-01-01,2029-12-31,1500000
101078667,2023-09-01,2028-08-31,1500000
101075919,2024-03-01,2029-02-28,1496955
101164015,2025-09-01,2030-08-31,1499950
101122970,2023-10-01,2025-03-31,150000
101076311,2023-05-01,2028-04-30,2248644
101169986,2025-03-01,2030-02-28,2357623
101113334,2023-07-01,2024-12-31,150000
101078449,2023-10-01,2028-09-30,1492250
101075962,2023-01-01,2027-12-31,1480000
101113125,2023-10-01,2025-03-31,150000
101055134,2022-10-01,2027-09-30,2499990
101141607,2025-01-01,2029-12-31,2498824
101142136,2025-06-01,2030-05-31,3499299
101161475,2024-11-01,2029-10-31,1500000
101116423,2023-11-01,2028-10-31,1499465
101101005,2023-02-01,2024-10-31,150000
101141738,2024-09-01,2029-08-31,2499250
101162864,2025-10-01,2030-09-30,"1442383,75"
101100758,2022-11-01,2024-04-30,150000
101122510,2023-06-01,2025-05-31,150000
101142018,2025-01-01,2029-12-31,3475660
101088375,2024-01-01,2028-12-31,1955875
101096176,2023-10-01,2028-09-30,1234685
101188806,2024-09-01,2026-02-28,150000
101086580,2023-10-01,2028-09-30,1998430
101098334,2023-10-01,2028-09-30,2097367
101137726,2023-11-01,2025-04-30,150000
101087502,2023-09-01,2028-08-31,1968750
101138879,2023-11-01,2025-04-30,150000
101086622,2023-09-01,2028-08-31,1999943
101163140,2025-08-01,2030-07-31,1499279
101164009,2024-12-01,2029-11-30,1499913
101075511,2023-09-01,2028-08-31,1499500
101112937,2023-03-01,2024-08-31,150000
101158350,2024-03-01,2025-08-31,150000
101140637,2024-09-01,2029-08-31,2499752
101086985,2023-10-01,2028-09-30,2000000
101113536,2023-09-01,2025-08-31,150000
101117423,2024-01-01,2028-12-31,1499922
101097053,2023-09-01,2028-08-31,2242580
101117758,2024-03-01,2029-02-28,1500000
101113395,2023-09-01,2025-02-28,150000
101088901,2023-08-01,2028-07-31,1975333
101115669,2024-01-01,2028-12-31,1499098
101115639,2024-04-01,2029-03-31,1497669
101069291,2022-06-01,2023-11-30,150000
101077939,2023-08-01,2028-07-31,1499264
101123564,2024-06-01,2025-11-30,150000
101126181,2024-06-01,2029-05-31,1856316
101089075,2024-02-01,2029-01-31,2684473
101095722,2024-01-01,2028-12-31,2325043
101062032,2022-06-01,2023-11-30,150000
101076247,2023-05-01,2028-04-30,1652950
101116832,2024-01-01,2028-12-31,"1496462,5"
101078689,2023-08-01,2028-07-31,1577500
101076167,2023-04-01,2028-03-31,1499250
101055141,2022-11-01,2027-10-31,1711101
101123544,2024-04-01,2029-03-31,1980706
101101093,2023-07-01,2025-09-30,150000
101087965,2023-06-01,2028-05-31,1996250
101161795,2024-11-01,2029-10-31,1750000
101123732,2024-07-01,2029-06-30,2125908
101126134,2024-05-01,2029-04-30,1985356
101075541,2023-08-01,2028-07-31,1498787
101164581,2025-02-01,2030-01-31,2300549
101076687,2023-01-01,2027-12-31,1500000
101087802,2023-07-01,2028-06-30,1999681
101115076,2024-01-01,2028-12-31,1500000
101188883,2025-01-01,2026-06-30,150000
101069261,2022-04-01,2023-09-30,150000
101088594,2023-05-01,2028-04-30,1999225
101055073,2023-01-01,2027-12-31,2499591
101116562,2024-01-01,2028-12-31,1500000
101141942,2024-09-01,2029-08-31,2500000
101078304,2023-04-01,2028-03-31,1499921
101113487,2023-06-01,2024-11-30,150000
101124500,2024-09-01,2029-08-31,1998084
101100665,2023-07-01,2025-03-31,150000
101124393,2024-06-01,2029-05-31,2000000
101116436,2024-01-01,2028-12-31,1500000
101075851,2023-01-01,2027-12-31,"1498832,5"
101069213,2022-10-01,2024-03-31,150000
101126116,2024-06-01,2029-05-31,1960215
101078206,2023-01-01,2027-12-31,1500000
101138091,2024-01-01,2025-06-30,150000
101168203,2025-12-01,2030-11-30,1999794
101123866,2024-07-01,2029-06-30,2000000
101117710,2024-04-01,2029-03-31,1498610
101138227,2024-06-01,2025-11-30,150000
101118083,2024-01-01,2028-12-31,1498561
101165699,2025-01-01,2029-12-31,1499525
101087025,2023-09-01,2028-08-31,1930051
101117088,2024-01-01,2028-12-31,1493711
101097091,2024-01-01,2028-12-31,2487306
101097878,2023-12-01,2028-11-30,2500000
101118581,2024-04-01,2030-03-31,6831455
101162681,2025-04-01,2030-03-31,"1499662,5"
101113523,2023-06-01,2024-11-30,150000
101188709,2025-01-01,2026-06-30,150000
101097578,2023-06-01,2028-05-31,1936400
101162856,2024-10-01,2029-09-30,1499750
101164582,2025-01-01,2029-12-31,1499655
101077917,2023-09-01,2028-08-31,1498750
101054719,2023-04-01,2028-03-31,2500000
101163913,2025-01-01,2029-12-31,2247481
101076523,2023-04-01,2028-03-31,1499514
101165497,2025-02-01,2030-01-31,1481736
101113104,2023-07-01,2024-12-31,150000
101089107,2023-09-01,2028-08-31,1758084
101189004,2024-09-01,2026-02-28,150000
101163749,2025-01-01,2029-12-31,1499124
101124590,2024-12-01,2029-11-30,1941033
101098372,2023-12-01,2028-11-30,2500000
101088307,2023-09-01,2028-08-31,1287813
101161305,2025-08-01,2030-07-31,1499130
101138431,2023-12-01,2025-05-31,150000
101124619,2024-09-01,2029-08-31,1999899
101125449,2024-10-01,2029-09-30,1814566
101114955,2024-07-01,2029-06-30,2327816
101086717,2024-01-01,2028-12-31,1566010
101076100,2023-01-01,2027-12-31,1498239
101118931,2024-05-01,2030-04-30,11178784
101069268,2022-08-01,2024-01-31,150000
101054111,2022-08-01,2027-07-31,2056149
101116555,2024-10-01,2029-09-30,1500000
101054410,2022-10-01,2027-09-30,2095696
101082210,2022-11-01,2024-04-30,150000
101165606,2024-10-01,2029-09-30,2186133
101098216,2023-09-01,2028-08-31,2499960
101117144,2024-06-01,2029-05-31,2493599
101170388,2025-05-01,2030-04-30,1614893
101117449,2024-01-01,2028-12-31,1499841
101101071,2022-12-01,2024-11-30,150000
101088955,2023-07-01,2028-06-30,2000000
101096956,2023-09-01,2028-08-31,2496750
101189408,2024-10-01,2026-03-31,150000
101069322,2022-05-01,2023-10-31,150000
101163723,2025-04-01,2030-03-31,1493271
101088708,2023-10-01,2028-09-30,1999750
101112687,2023-09-01,2025-02-28,150000
101101061,2023-06-01,2024-11-30,150000
101078683,2023-11-01,2028-10-31,1499788
101142809,2024-10-01,2029-09-30,2490000
101078247,2023-06-01,2028-05-31,1141779
101164114,2025-02-01,2030-01-31,1499551
101163231,2025-02-01,2030-01-31,1497500
101122174,2024-12-01,2029-11-30,1992264
101160990,2025-01-01,2029-12-31,1499041
101125118,2024-05-01,2029-04-30,1994315
101069246,2022-06-01,2023-11-30,150000
101089133,2023-09-01,2028-08-31,1999565
101078158,2023-01-01,2027-12-31,1470250
101098006,2023-09-01,2028-08-31,2499063
101078437,2023-08-01,2028-07-31,1499999
101141998,2025-05-01,2030-04-30,2500000
101113522,2023-10-01,2025-03-31,150000
101165303,2025-05-01,2030-04-30,1500000
101162972,2025-01-01,2029-12-31,1499875
101082135,2023-02-01,2024-07-31,150000
101123147,2023-11-01,2025-04-30,150000
101088623,2023-12-01,2028-11-30,1996925
101156240,2025-01-01,2029-12-31,1830134
101100599,2023-01-01,2024-06-30,150000
101086367,2024-10-01,2029-09-30,2190000
101116727,2024-01-01,2028-12-31,1481105
101141332,2024-09-01,2029-08-31,2488013
101069459,2022-09-01,2024-02-29,150000
101115752,2024-01-01,2028-12-31,1488074
101113390,2023-04-01,2025-03-31,150000
101115164,2024-06-01,2029-05-31,2125000
101165999,2025-01-01,2029-12-31,1402678
101162285,2025-01-01,2029-12-31,1500000
101116420,2024-10-01,2029-09-30,2229523
101054577,2022-06-01,2027-05-31,2499038
101117269,2024-04-01,2029-03-31,1499250
101081713,2023-06-01,2024-11-30,150000
101054559,2023-01-01,2027-12-31,2499105
101086188,2023-07-01,2028-06-30,1999600
101114976,2024-09-01,2029-08-31,1443750
101069454,2022-07-01,2023-12-31,150000
101142391,2024-08-01,2029-07-31,2250000
101189466,2024-11-01,2026-04-30,150000
101117274,2024-01-01,2028-12-31,2035525
101118866,2024-05-01,2030-04-30,9546410
101095012,2023-11-01,2028-10-31,2474813
101088378,2024-01-01,2028-12-31,1961451
101098100,2023-11-01,2028-10-31,2498955
101101025,2023-11-01,2025-04-30,150000
101142583,2025-06-01,2030-05-31,2499440
101126209,2024-06-01,2029-05-31,1972500
101117769,2024-01-01,2028-12-31,"1499323,75"
101167362,2025-02-01,2031-01-31,9453750
101162335,2025-04-01,2030-03-31,1500000
101164035,2025-01-01,2029-12-31,1498828
101189053,2025-01-01,2026-06-30,150000
101097684,2023-09-01,2028-08-31,2500000
101082240,2023-11-01,2025-06-30,150000
101097780,2023-05-01,2028-04-30,2475000
101212775,2025-04-01,2026-09-30,150000
101126073,2024-03-01,2029-02-28,1998843
101097056,2023-09-01,2028-08-31,2485000
101076036,2023-05-01,2028-04-30,1497000
101138580,2023-08-01,2025-01-31,150000
101077374,2023-01-01,2027-12-31,1500000
101100727,2022-12-01,2026-04-30,150000
101125914,2024-09-01,2029-08-31,1999925
101141800,2024-09-01,2029-08-31,2498288
101116713,2023-09-01,2028-08-31,1416204
101113278,2023-10-01,2025-03-31,150000
101189467,2025-01-01,2026-06-30,150000
101077853,2023-10-01,2028-09-30,1499999
101142702,2024-11-01,2029-10-31,2500000
101117435,2024-01-01,2028-12-31,1882440
101118063,2024-01-01,2028-12-31,1588500
101163381,2025-06-01,2030-05-31,1499978
101113162,2024-01-01,2025-06-30,150000
101117931,2023-09-01,2028-08-31,1700000
101069316,2022-06-01,2023-11-30,150000
101126135,2024-10-01,2029-09-30,1741250
101125536,2024-09-01,2029-08-31,1999684
101115994,2024-04-01,2029-03-31,1499503
101078713,2023-02-01,2028-01-31,1499596
101162923,2025-03-01,2030-02-28,1500000
101077138,2023-01-01,2027-12-31,1497500
101069279,2022-10-01,2024-09-30,150000
101076343,2024-01-01,2028-12-31,1469875
101053576,2023-04-01,2028-03-31,2396392
101069308,2022-07-01,2023-12-31,150000
101164363,2024-12-01,2029-11-30,"1464841,24"
101098102,2023-09-01,2028-08-31,2337500
101141743,2024-10-01,2029-09-30,"2499812,5"
101124151,2024-06-01,2029-05-31,1999763
101141171,2024-09-01,2029-08-31,2213225
101141163,2025-03-01,2030-02-28,3352573
101124651,2025-01-01,2029-12-31,1999764
101053985,2022-10-01,2027-09-30,2499675
101213113,2025-06-01,2026-11-30,150000
101054580,2023-01-01,2027-12-31,2497210
101171306,2025-09-01,2030-08-31,2000000
101164365,2025-01-01,2029-12-31,1500000
101116258,2024-01-01,2028-12-31,1419375
101123485,2023-08-01,2025-01-31,150000
101188113,2024-09-01,2026-02-28,150000
101115798,2024-03-01,2029-02-28,1499945
101087309,2023-09-01,2028-08-31,2000000
101077895,2023-01-01,2027-12-31,"1749203,75"
101089326,2023-11-01,2028-10-31,1974940
101125953,2025-01-01,2029-12-31,1862500
101077083,2023-04-01,2028-03-31,1500000
101141293,2024-11-01,2029-10-31,2554891
101164006,2025-04-01,2030-03-31,1500000
101123955,2024-09-01,2029-08-31,1997250
101157731,2024-07-01,2025-12-31,150000
101162078,2025-05-01,2030-04-30,1499186
101055319,2022-11-01,2027-10-31,2065000
101113229,2023-09-01,2025-02-28,150000
101076550,2023-01-01,2027-12-31,1498250
101115813,2024-09-01,2029-08-31,1479004
101078168,2023-05-01,2028-04-30,1500000
101164681,2025-01-01,2029-12-31,1493925
101113450,2023-08-01,2025-01-31,150000
101188699,2025-01-01,2026-06-30,150000
101169570,2025-01-01,2029-12-31,2000000
101115769,2024-01-01,2028-12-31,2059661
101138549,2023-10-01,2025-03-31,150000
101158346,2024-02-01,2025-07-31,150000
101189379,2024-12-01,2026-05-31,150000
101165541,2024-10-01,2029-09-30,1433796
101069307,2024-01-01,2025-06-30,150000
101142115,2024-07-01,2029-06-30,2499333
101162754,2025-01-01,2029-12-31,2440313
101150675,2024-09-01,2026-02-28,150000
101076680,2023-05-01,2028-04-30,1500000
101096871,2023-09-01,2028-08-31,2499560
101054750,2022-10-01,2027-09-30,2388928
101097891,2024-01-01,2028-12-31,2498060
101116560,2024-05-01,2029-04-30,2269196
101100628,2022-11-01,2024-04-30,150000
101101079,2023-03-01,2024-08-31,150000
101089265,2023-07-01,2028-06-30,1999398
101097998,2023-09-01,2028-08-31,2308896
101163126,2025-04-01,2030-03-31,1476014
101141804,2024-11-01,2029-10-31,2500000
101054368,2022-09-01,2027-08-31,2491836
101054823,2023-02-01,2028-01-31,2117500
101069216,2022-05-01,2023-10-31,150000
101098079,2024-01-01,2028-12-31,3500000
101098324,2023-10-01,2028-09-30,2500000
101113154,2023-07-01,2024-12-31,150000
101098003,2023-10-01,2028-09-30,2499188
101125759,2024-12-01,2029-11-30,2731250
101052444,2023-01-01,2027-12-31,2500000
101055434,2022-10-01,2027-09-30,2499933
101116659,2024-01-01,2028-12-31,1499743
101098225,2023-10-01,2028-09-30,2499711
101052538,2022-06-01,2027-05-31,2453751
101076441,2023-01-01,2027-12-31,1500000
101141305,2024-10-01,2029-09-30,2445063
101162047,2025-01-01,2029-12-31,1499681
101189387,2025-05-01,2026-10-31,150000
101078608,2023-07-01,2028-06-30,1547500
101077952,2023-09-01,2028-08-31,1500000
101096682,2023-10-01,2028-09-30,1860125
101126140,2024-07-01,2029-06-30,2194940
101142296,2024-09-01,2029-08-31,2500000
101087031,2023-10-01,2028-09-30,1995218
101055287,2023-03-01,2028-02-29,3163750
101069354,2022-11-01,2024-07-31,150000
101077668,2023-04-01,2028-03-31,1762723
101076030,2023-07-01,2028-06-30,1499931
101160935,2025-01-01,2029-12-31,1499979
101115997,2023-11-01,2028-10-31,1499725
101115856,2024-06-01,2029-05-31,1487141
101088553,2023-11-01,2028-10-31,1951931
101088694,2023-09-01,2028-08-31,2344135
101053159,2022-11-01,2027-10-31,1075000
101117483,2024-03-01,2029-02-28,1499625
101087911,2023-10-01,2028-09-30,2000000
101076926,2023-01-01,2027-12-31,1500000
101122542,2024-07-01,2029-06-30,1996250
101125005,2025-01-01,2029-12-31,1999575
101161457,2025-01-01,2029-12-31,1499000
101057070,2022-09-01,2024-02-29,150000
101113534,2023-09-01,2025-02-28,150000
101162816,2025-03-01,2030-02-28,2143975
101117689,2024-02-01,2029-01-31,1500000
101097791,2024-01-01,2028-12-31,2477250
101071836,2023-05-01,2029-04-30,9884611
101117032,2025-08-01,2029-07-31,664850
101142121,2025-01-01,2029-12-31,2499289
101055020,2022-09-01,2027-08-31,3343206
101114664,2024-06-01,2029-05-31,1500000
101158295,2024-05-01,2025-10-31,150000
101165647,2025-01-01,2029-12-31,1499984
101115795,2024-01-01,2028-12-31,1499990
101164375,2024-10-01,2029-09-30,1498819
101170158,2025-06-01,2030-05-31,1986200
101116305,2024-09-01,2029-08-31,1500000
101165045,2025-03-01,2030-02-28,2499318
101164097,2025-08-01,2029-07-31,998633
101167207,2025-09-01,2031-08-31,9991449
101125178,2024-03-01,2029-02-28,1994165
101168540,2025-09-01,2030-08-31,2195500
101170899,2025-03-01,2030-02-28,1999870
101069429,2022-06-01,2024-05-31,150000
101161771,2025-01-01,2029-12-31,1500000
101113215,2023-08-01,2025-01-31,150000
101141890,2024-09-01,2029-08-31,1421250
101124948,2024-09-01,2029-08-31,1999094
101124770,2025-02-01,2030-01-31,1997500
101085607,2023-09-01,2028-08-31,1982515
101088582,2024-01-01,2028-12-31,2000000
101097835,2023-09-01,2028-08-31,2499625
101113346,2023-09-01,2025-02-28,150000
101116251,2024-01-01,2028-12-31,1500000
101125401,2024-09-01,2029-08-31,1998273
101054659,2022-11-01,2027-10-31,"2252167,5"
101213611,2025-06-01,2026-11-30,150000
101069163,2022-06-01,2023-11-30,150000
101161961,2025-10-01,2030-09-30,1499949
101163496,2025-03-01,2030-02-28,1377554
101164500,2025-09-01,2030-08-31,"1499277,5"
101054899,2022-11-01,2027-10-31,2225906
101080830,2023-08-01,2025-01-31,150000
101162130,2024-12-01,2029-11-30,1941819
101114639,2024-01-01,2028-12-31,1500000
101075842,2023-12-01,2028-11-30,1499500
101141644,2024-10-01,2029-09-30,2795438
101163362,2025-01-01,2029-12-31,1654850
101124369,2025-06-01,2030-05-31,3000000
101122916,2024-09-01,2029-08-31,1997168
101055300,2023-01-01,2027-12-31,2500000
101158338,2024-03-01,2025-08-31,150000
101171685,2025-05-01,2030-04-30,1877500
101076303,2023-10-01,2028-09-30,1499235
101123066,2023-10-01,2025-03-31,150000
101165187,2025-01-01,2029-12-31,1503155
101125034,2025-01-01,2029-12-31,1999970
101114881,2024-01-01,2028-12-31,1405750
101076597,2023-09-01,2028-08-31,1490000
101115401,2024-01-01,2028-12-31,1500000
101124255,2024-02-01,2029-01-31,2857135
101117989,2024-06-01,2029-05-31,1500000
101189489,2025-02-01,2026-07-31,150000
101170121,2025-09-01,2030-08-31,1970046
101075934,2023-01-01,2027-12-31,1500000
101052649,2023-01-01,2027-12-31,2499333
101142335,2024-12-01,2029-11-30,2500000
101163768,2025-01-01,2029-12-31,1767048
101117700,2024-01-01,2028-12-31,1499873
101124277,2024-05-01,2029-04-30,2000000
101142488,2024-07-01,2029-06-30,2500000
101117806,2024-11-01,2029-10-31,1647655
101117455,2024-01-01,2028-12-31,1500000
101077348,2023-03-01,2028-02-29,1499923
101054984,2023-01-01,2027-12-31,2500000
101080740,2024-01-01,2028-12-31,2957160
101077862,2023-01-01,2027-12-31,1491250
101142133,2024-08-01,2029-07-31,2096875
101116417,2024-01-01,2028-12-31,1401103
101117234,2024-01-01,2028-12-31,1498695
101125077,2024-03-01,2029-02-28,1995582
101055097,2022-10-01,2027-09-30,2500000
101165213,2025-02-01,2030-01-31,1583000
101125054,2025-01-01,2029-12-31,1999438
101088049,2024-01-01,2028-12-31,2000000
101162830,2025-01-01,2029-12-31,2499169
101163394,2025-01-01,2029-12-31,1500000
101076096,2023-02-01,2028-01-31,2368459
101117392,2024-01-01,2028-12-31,1500000
101117528,2024-03-01,2029-02-28,1499711
101169856,2025-01-01,2029-12-31,1999318
101124203,2024-10-01,2029-09-30,2000000
101115323,2024-01-01,2028-12-31,1500000
101117864,2024-01-01,2028-12-31,1496675
101054911,2022-11-01,2027-10-31,2485000
101078349,2023-09-01,2028-08-31,1499921
101076503,2024-09-01,2029-08-31,1487500
101054950,2023-03-01,2028-02-29,2209886
101117232,2023-12-01,2028-11-30,1500000
101124827,2024-05-01,2029-04-30,1999943
101122584,2023-10-01,2025-03-31,150000
101157945,2024-05-01,2025-10-31,150000
101052876,2023-01-01,2027-12-31,2500000
101126117,2024-06-01,2029-05-31,2000000
101077899,2023-09-01,2028-08-31,2408365
101078836,2023-06-01,2028-05-31,1499993
101069247,2022-05-01,2023-10-31,150000
101158166,2024-07-01,2025-12-31,150000
101066777,2022-09-01,2024-02-29,150000
101189444,2025-01-01,2026-06-30,150000
101053472,2023-01-01,2027-12-31,1785875
101138593,2024-01-01,2025-06-30,150000
101126121,2024-04-01,2029-03-31,1999996
101141534,2024-09-01,2029-08-31,"3499349,75"
101072047,2023-04-01,2029-03-31,9458525
101052783,2022-08-01,2027-07-31,2136875
101113386,2023-06-01,2024-11-30,150000
101164941,2025-04-01,2030-03-31,1495000
101162186,2025-01-01,2029-12-31,1499408
101189244,2024-10-01,2026-03-31,150000
101077698,2023-10-01,2028-09-30,1494500
101097433,2023-09-01,2028-08-31,2500000
101141445,2024-10-01,2029-09-30,2359064
101071773,2023-03-01,2029-02-28,14000000
101165353,2025-03-01,2030-02-28,2234475
101163724,2025-06-01,2030-05-31,1499625
101163783,2025-01-01,2029-12-31,1457385
101069281,2022-10-01,2024-03-31,150000
101164797,2025-05-01,2030-04-30,"1499972,5"
101059468,2023-08-01,2025-01-31,150000
101114850,2024-01-01,2028-12-31,1486924
101116620,2024-07-01,2029-06-30,1499250
101117156,2025-01-01,2029-12-31,1871465
101117399,2024-02-01,2029-01-31,1499453
101069192,2022-07-01,2023-12-31,150000
101055454,2023-02-01,2028-01-31,2499826
101114584,2024-01-01,2028-12-31,1499575
101142153,2025-01-01,2029-12-31,2500000
101126266,2025-01-01,2029-12-31,1999201
101142705,2025-01-01,2029-12-31,2494625
101116539,2024-01-01,2028-12-31,1499255
101076929,2023-06-01,2028-05-31,1499308
101069250,2022-06-01,2023-11-30,150000
101077370,2023-06-01,2028-05-31,1499136
101096090,2023-09-01,2028-08-31,2470023
101141247,2025-01-01,2029-12-31,2500000
101113389,2023-06-01,2024-11-30,150000
101113529,2023-10-01,2025-03-31,150000
101086935,2023-07-01,2028-06-30,1990598
101125081,2024-07-01,2029-06-30,1999473
101138302,2023-11-01,2025-04-30,150000
101087830,2023-09-01,2028-08-31,"1952762,5"
101086804,2024-05-01,2029-04-30,1999956
101124492,2024-02-01,2029-01-31,1951063
101089113,2023-12-01,2028-11-30,1996729
101071829,2023-10-01,2029-09-30,10296259
101179931,2025-01-01,2026-06-30,150000
101087822,2023-10-01,2028-09-30,1997500
101055179,2022-10-01,2027-09-30,2372681
101116811,2024-09-01,2029-08-31,1487676
101076737,2023-10-01,2028-09-30,969334
101097867,2023-05-01,2028-04-30,2162383
101165321,2025-01-01,2029-12-31,1482520
101125115,2024-07-01,2029-06-30,2000000
101055234,2022-09-01,2027-08-31,2499600
101164978,2025-01-01,2029-12-31,1494688
101171807,2025-03-01,2030-02-28,2000000
101163979,2024-10-01,2029-09-30,1499643
101125879,2024-04-01,2029-03-31,1999980
101125484,2024-05-01,2029-04-30,1999008
101089287,2023-11-01,2028-10-31,1982800
101097219,2023-10-01,2028-09-30,2195121
101097871,2024-01-01,2028-12-31,2532795
101089151,2025-01-01,2029-12-31,1999950
101163887,2025-01-01,2029-12-31,2422688
101113633,2023-12-01,2028-11-30,1500000
101116722,2023-12-01,2028-11-30,1499900
101187935,2024-12-01,2026-05-31,150000
101088949,2023-09-01,2028-08-31,1611768
101087096,2023-09-01,2028-08-31,1999433
101141432,2025-03-01,2030-02-28,2499983
101086156,2024-01-01,2028-12-31,2000000
101165559,2025-09-01,2030-08-31,1659083
101164310,2025-01-01,2029-12-31,1498100
101054961,2023-04-01,2028-03-31,2499721
101116206,2024-10-01,2029-09-30,1498634
101162044,2025-01-01,2029-12-31,1497659
101125639,2024-05-01,2029-04-30,1994458
101076516,2023-05-01,2028-04-30,1500000
101189439,2024-10-01,2026-03-31,150000
101078792,2023-05-01,2028-04-30,1499919
101162465,2025-02-01,2030-01-31,1499948
101123027,2023-09-01,2025-02-28,150000
101161183,2025-03-01,2030-02-28,1480466
101069165,2022-05-01,2023-10-31,150000
101077693,2023-10-01,2028-09-30,1499608
101164645,2025-02-01,2030-01-31,1499775
101162743,2025-04-01,2030-03-31,2486429
101086697,2023-08-01,2028-07-31,1372986
101116774,2024-04-01,2029-03-31,971310
101081162,2022-11-01,2024-04-30,150000
101095860,2023-08-01,2028-07-31,3499413
101117639,2023-12-01,2028-11-30,1500000
101183378,2024-08-01,2026-01-31,150000
101125555,2024-04-01,2029-03-31,1999039
101189462,2024-10-01,2026-03-31,150000
101095900,2023-09-01,2027-08-31,1042645
101152624,2024-04-01,2025-09-30,150000
101066138,2022-10-01,2024-09-30,150000
101116228,2023-12-01,2028-11-30,1500000
101165259,2025-04-01,2030-03-31,2318778
101055377,2023-03-01,2028-02-29,2493275
101170308,2025-05-01,2030-04-30,1897375
101116162,2023-10-01,2028-09-30,1650000
101096659,2024-04-01,2029-03-31,2499527
101100903,2022-10-01,2024-03-31,150000
101124542,2024-04-01,2029-03-31,1999313
101142079,2025-03-01,2030-02-28,2291444
101078696,2023-05-01,2028-04-30,2324880
101142168,2024-11-01,2029-10-31,2499461
101078556,2023-05-01,2028-04-30,1479399
101076092,2024-01-01,2028-12-31,1492268
101097431,2024-02-01,2029-01-31,2039969
101055015,2022-10-01,2027-09-30,2430483
101116500,2024-03-01,2029-02-28,2012500
101126364,2024-09-01,2029-08-31,2000000
101116943,2024-01-01,2028-12-31,1500000
101124680,2024-06-01,2029-05-31,1999901
101096639,2023-09-01,2028-08-31,1808750
101141671,2025-01-01,2029-12-31,2499458
101076276,2023-09-01,2028-08-31,1499359
101081567,2022-12-01,2024-05-31,150000
101117107,2024-01-01,2028-12-31,1488784
101125560,2024-04-01,2029-03-31,1999000
101141722,2024-10-01,2029-09-30,2498905
101163002,2025-01-01,2029-12-31,1493090
101112725,2023-06-01,2024-11-30,150000
101142065,2025-03-01,2030-02-28,2496000
101125633,2024-04-01,2029-03-31,1999991
101117227,2024-01-01,2028-12-31,1494740
101158039,2024-05-01,2025-10-31,150000
101142006,2025-03-01,2030-02-28,2500000
101124751,2024-05-01,2029-04-30,2000000
101054310,2023-01-01,2027-12-31,2500000
101075494,2023-05-01,2028-04-30,1621913
101158332,2024-07-01,2025-12-31,150000
101076932,2023-01-01,2027-12-31,1500000
101113407,2023-06-01,2024-11-30,150000
101138069,2023-10-01,2025-03-31,150000
101141400,2024-10-01,2029-09-30,2500000
101158249,2024-04-01,2025-09-30,150000
101160122,2024-12-01,2029-11-30,1500000
101116361,2023-10-01,2028-09-30,1812500
101163249,2025-01-01,2029-12-31,1494954
101066434,2022-09-01,2024-02-29,150000
101076433,2023-05-01,2028-04-30,1500000
101164517,2025-01-01,2029-12-31,1499482
101165601,2025-09-01,2030-08-31,1500000
101053352,2022-10-01,2027-09-30,2486183
101115642,2025-01-01,2029-12-31,1499743
101088188,2024-09-01,2029-08-31,1997511
101076933,2023-01-01,2027-12-31,1792309
101086378,2023-07-01,2028-06-30,1996250
101123101,2025-04-01,2030-03-31,2291855
101142352,2025-01-01,2029-12-31,2944654
101117555,2024-01-01,2028-12-31,1499821
101157775,2024-06-01,2025-11-30,150000
101157994,2024-09-01,2026-02-28,150000
101087679,2024-04-01,2029-03-31,"1999843,75"
101069234,2022-06-01,2023-11-30,150000
101141245,2024-09-01,2029-08-31,2500000
101054637,2023-05-01,2028-04-30,1913968
101112813,2023-12-01,2025-05-31,150000
101055262,2022-10-01,2027-09-30,2495250
101101088,2022-10-01,2024-03-31,150000
101087974,2023-06-01,2028-05-31,2000000
101125845,2024-10-01,2029-09-30,2000000
101095736,2024-01-01,2028-12-31,2500000
101123392,2024-02-01,2025-07-31,150000
101164555,2025-06-01,2030-05-31,1494125
101125902,2024-03-01,2029-02-28,1999756
101113438,2023-08-01,2025-01-31,150000
101097822,2024-01-01,2028-12-31,2499825
101117542,2024-04-01,2029-03-31,1499721
101085894,2023-07-01,2028-06-30,2000000
101077243,2023-06-01,2028-05-31,1944060
101076148,2023-10-01,2028-09-30,1207875
101076412,2023-01-01,2027-12-31,1485725
101165242,2024-12-01,2029-11-30,1494536
101116763,2024-01-01,2028-12-31,1487796
101124230,2024-09-01,2029-08-31,2000000
101055263,2023-04-01,2028-03-31,"2277587,5"
101163180,2024-11-01,2029-10-31,1498750
101069187,2022-04-01,2023-09-30,150000
101082088,2022-11-01,2024-04-30,150000
101078208,2023-01-01,2027-12-31,1498596
101059685,2022-05-01,2023-10-31,150000
101088365,2023-03-01,2028-02-29,2000000
101157280,2024-07-01,2025-12-31,150000
101166056,2025-01-01,2029-12-31,1499999
101055416,2022-10-01,2027-09-30,2849138
101141287,2025-01-01,2029-12-31,2649448
101076831,2023-02-01,2028-01-31,1498750
101142159,2025-01-01,2029-12-31,2500000
101163057,2025-01-01,2029-12-31,1499813
101162146,2025-01-01,2029-12-31,1477920
101137861,2024-07-01,2025-12-31,150000
101163189,2025-01-01,2029-12-31,1496791
101166855,2025-04-01,2031-03-31,9272460
101187945,2024-12-01,2026-05-31,150000
101097364,2023-10-01,2028-09-30,2492375
101096208,2024-04-01,2029-03-31,1944625
101167181,2025-01-01,2030-12-31,5000000
101054550,2022-08-01,2027-07-31,"2402183,75"
101117541,2024-11-01,2029-10-31,"1499643,9"
101164996,2024-11-01,2029-10-31,2499833
101097810,2024-01-01,2028-12-31,2498813
101088502,2023-08-01,2028-07-31,2477303
101076174,2024-01-01,2028-12-31,1495288
101054009,2022-10-01,2027-09-30,2499539
101161856,2024-11-01,2029-10-31,"1499278,75"
101089193,2023-08-01,2028-07-31,"1981593,75"
101163696,2024-09-01,2029-08-31,1498665
101124385,2024-12-01,2029-11-30,1992500
101069344,2023-10-01,2025-03-31,150000
101141742,2024-12-01,2029-11-30,2500000
101089218,2024-07-01,2029-06-30,1994225
101095866,2023-09-01,2028-08-31,2857101
101052603,2022-10-01,2027-09-30,2499266
101076649,2023-05-01,2028-04-30,1499948
101139967,2024-09-01,2029-08-31,2494683
101142365,2024-10-01,2029-09-30,2500000
101117001,2024-07-01,2029-06-30,2013578
101125498,2025-01-01,2029-12-31,2992875
101098074,2024-01-01,2028-12-31,2811871
101069446,2022-04-01,2023-09-30,150000
101112727,2023-04-01,2024-09-30,150000
101075678,2023-08-01,2028-07-31,"1923238,75"
101096035,2024-01-01,2028-12-31,2418281
101076844,2023-04-01,2028-03-31,1500000
101165305,2025-01-01,2029-12-31,2246000
101164139,2025-01-01,2029-12-31,1499980
101158122,2024-09-01,2026-02-28,150000
101140741,2024-09-01,2029-08-31,3096966
101116766,2024-09-01,2029-08-31,1600683
101062521,2024-01-01,2025-06-30,150000
101165283,2024-12-01,2029-11-30,1499070
101141396,2025-01-01,2029-12-31,2499938
101115832,2024-01-01,2028-12-31,1499730
101077594,2024-01-01,2028-12-31,"1256107,5"
101163046,2025-01-01,2029-12-31,1499508
101055384,2022-11-01,2027-10-31,2498516
101088884,2023-06-01,2028-05-31,1999454
101094980,2023-10-01,2028-09-30,2500000
101188662,2025-01-01,2026-06-30,150000
101169998,2025-06-01,2030-05-31,1999933
101125009,2024-09-01,2029-08-31,2000000
101142269,2024-10-01,2029-09-30,3379661
101156469,2024-06-01,2025-11-30,150000
101164040,2025-06-01,2030-05-31,"1492832,5"
101097983,2023-09-01,2028-08-31,2499686
101054687,2023-02-01,2028-01-31,2499940
101126170,2024-05-01,2029-04-30,1999271
101076713,2023-09-01,2028-08-31,1497984
101076233,2023-03-01,2028-02-29,1486250
101116452,2024-04-01,2029-03-31,1499961
101124694,2025-02-01,2030-01-31,1998826
101117958,2024-02-01,2029-01-31,1500000
101069337,2022-05-01,2023-10-31,150000
101088881,2023-05-01,2028-04-30,2412448
101125376,2024-05-01,2029-04-30,1999858
101138403,2023-12-01,2025-05-31,150000
101124886,2024-06-01,2029-05-31,1999401
101139772,2024-06-01,2029-05-31,2498719
101142262,2024-12-01,2029-11-30,2496601
101088806,2024-01-01,2028-12-31,1995621
101171662,2025-05-01,2030-04-30,1979375
101088887,2023-09-01,2028-08-31,2000000
101141626,2024-07-01,2029-06-30,2775408
101082050,2022-12-01,2024-05-31,150000
101116027,2024-01-01,2028-12-31,1498451
101077921,2023-06-01,2028-05-31,1637981
101116609,2024-01-01,2028-12-31,"1498729,75"
101087245,2023-09-01,2028-08-31,1999991
101158283,2024-03-01,2025-08-31,150000
101117716,2024-05-01,2029-04-30,2094859
101157974,2024-03-01,2025-08-31,150000
101126078,2024-06-01,2029-05-31,1998856
101087869,2023-07-01,2028-06-30,2000000
101141363,2024-09-01,2029-08-31,2500000
101069217,2022-09-01,2024-02-29,150000
101077842,2023-04-01,2028-03-31,1474182
101055213,2023-01-01,2027-12-31,2496691
101085605,2023-10-01,2028-09-30,1992500
101163414,2024-11-01,2029-10-31,1500000
101100769,2023-03-01,2024-08-31,150000
101164784,2024-10-01,2029-09-30,1491649
101101037,2023-01-01,2024-06-30,150000
101097437,2024-01-01,2028-12-31,2499939
101117085,2024-03-01,2029-02-28,1755873
101188094,2024-11-01,2026-04-30,150000
101076510,2023-07-01,2028-06-30,1499991
101117770,2024-04-01,2029-03-31,1500000
101164443,2025-05-01,2031-04-30,9981952
101117670,2024-04-01,2029-03-31,1499899
101170490,2025-03-01,2030-02-28,2000000
101116941,2024-01-01,2028-12-31,1497778
101125957,2024-05-01,2029-04-30,1999991
101075984,2023-05-01,2028-04-30,1792125
101096911,2023-09-01,2028-08-31,2499785
101125814,2024-05-01,2029-04-30,2000000
101123291,2024-08-01,2026-01-31,150000
101082238,2022-08-01,2024-01-31,150000
101076260,2023-04-01,2028-03-31,1499531
101142734,2025-03-01,2030-02-28,2499744
101171357,2025-09-01,2030-08-31,1978935
101157423,2024-07-01,2025-12-31,150000
101087590,2023-08-01,2028-07-31,1999723
101117537,2024-07-01,2029-06-30,1499875
101137707,2024-06-01,2025-11-30,150000
101163933,2025-06-01,2030-05-31,1499738
101088056,2024-01-01,2028-12-31,1999430
101165527,2025-04-01,2030-03-31,2035888
101077048,2023-06-01,2028-05-31,1500000
101088919,2023-09-01,2028-08-31,2212385
101075208,2023-09-01,2028-08-31,1498013
101116001,2024-01-01,2028-12-31,1421111
101081911,2023-01-01,2025-06-30,150000
101053291,2022-11-01,2027-10-31,2499776
101125504,2024-06-01,2029-05-31,2000000
101077963,2023-10-01,2028-09-30,1878908
101165278,2025-05-01,2030-04-30,1500000
101202828,2025-07-01,2026-12-31,150000
101124721,2024-06-01,2029-05-31,1999625
101077649,2024-01-01,2028-12-31,1500000
101164200,2024-11-01,2029-10-31,2110000
101140624,2025-01-01,2029-12-31,2955225
101076914,2023-04-01,2028-03-31,1500000
101163487,2025-03-01,2030-02-28,1420836
101077060,2023-03-01,2028-02-29,1499580
101142915,2025-01-01,2029-12-31,2750000
101140863,2025-01-01,2029-12-31,2500000
101164759,2025-01-01,2029-12-31,1499985
101163928,2025-09-01,2030-08-31,1500000
101142533,2024-11-01,2029-10-31,2858020
101053801,2022-11-01,2027-10-31,2498759
101076080,2023-05-01,2028-04-30,1270668
101117441,2024-01-01,2028-12-31,1494750
101069405,2022-07-01,2024-06-30,150000
101076219,2023-11-01,2028-10-31,1499740
101115616,2024-05-01,2029-04-30,1496241
101117861,2024-07-01,2029-06-30,1500000
101165395,2024-12-01,2029-11-30,"1776727,5"
101117940,2024-05-01,2029-04-30,2499700
101117068,2024-01-01,2028-12-31,1499353
101188783,2024-11-01,2026-04-30,150000
101087060,2024-07-01,2029-06-30,2294664
101125265,2023-12-01,2028-11-30,2000000
101138896,2025-02-01,2026-07-31,150000
101141721,2024-12-01,2029-11-30,2488029
101169966,2025-04-01,2030-03-31,1999188
101054974,2022-10-01,2027-09-30,2495575
101077790,2023-10-01,2028-09-30,1499925
101076054,2023-09-01,2028-08-31,1493715
101170596,2025-06-01,2030-05-31,1995921
101098266,2024-01-01,2028-12-31,2499971
101116224,2024-01-01,2028-12-31,1500000
101188997,2024-11-01,2026-04-30,150000
101164510,2024-10-01,2029-09-30,1499894
101138070,2024-03-01,2025-08-31,150000
101115429,2023-10-01,2028-09-30,1461701
101160656,2025-07-01,2030-06-30,1499153
101158226,2024-04-01,2025-09-30,150000
101100823,2023-01-01,2024-06-30,150000
101088869,2023-05-01,2028-04-30,1999980
101054940,2023-03-01,2028-02-29,2351250
101170373,2025-12-01,2030-11-30,2000000
101158398,2024-02-01,2025-07-31,150000
101141357,2025-04-01,2030-03-31,2500000
101054460,2022-10-01,2027-09-30,2499375
101164755,2025-01-01,2029-12-31,1500000
101124629,2025-01-01,2029-12-31,1999496
101116996,2024-01-01,2028-12-31,1294994
101077116,2023-02-01,2028-01-31,1500000
101123138,2023-10-01,2025-03-31,150000
101053857,2022-10-01,2027-09-30,2500000
101069369,2022-06-01,2023-11-30,150000
101116482,2023-11-01,2028-10-31,1496479
101116772,2024-01-01,2028-12-31,1499736
101117436,2024-06-01,2029-05-31,1494774
101088193,2023-09-01,2028-08-31,1994849
101088673,2023-10-01,2028-09-30,1999963
101117155,2024-01-01,2028-12-31,1633404
101116348,2024-03-01,2029-02-28,1491849
101166158,2024-12-01,2029-11-30,1499560
101116340,2024-01-01,2028-12-31,1498895
101124742,2024-10-01,2029-09-30,2000000
101083157,2023-04-01,2028-03-31,2000000
101087662,2023-07-01,2028-06-30,1998500
101101053,2023-05-01,2024-10-31,150000
101077419,2023-03-01,2028-02-29,1499705
101055413,2022-06-01,2027-05-31,2499987
101076175,2023-09-01,2028-08-31,1499325
101055025,2022-09-01,2027-08-31,2485281
101064463,2022-04-01,2023-09-30,150000
101101033,2022-12-01,2024-05-31,150000
101097801,2023-06-01,2028-05-31,"2467196,25"
101142116,2024-11-01,2029-10-31,"2499923,75"
101165485,2025-02-01,2030-01-31,1563750
101069176,2023-03-01,2024-08-31,150000
101088598,2024-04-01,2029-03-31,2603510
101117421,2024-01-01,2028-12-31,1488750
101171036,2025-09-01,2030-08-31,1981430
101117317,2024-07-01,2029-06-30,1497861
101082087,2022-08-01,2024-01-31,150000
101054147,2022-09-01,2027-08-31,2455263
101088842,2023-09-01,2028-08-31,1968851
101076836,2023-04-01,2028-03-31,1472349
101114631,2024-01-01,2028-12-31,1498750
101078271,2023-09-01,2028-08-31,2374448
101112898,2023-06-01,2024-11-30,150000
101075826,2022-12-01,2027-11-30,1687470
101088528,2023-06-01,2028-05-31,1999736
101086671,2023-09-01,2028-08-31,2161246
101076246,2023-09-01,2028-08-31,1499999
101111993,2024-01-01,2025-06-30,150000
101118919,2024-06-01,2030-05-31,11882510
101097681,2023-12-01,2028-11-30,2498466
101078722,2023-01-01,2027-12-31,1521000
101077812,2023-03-01,2028-02-29,1500000
101077927,2023-05-01,2028-04-30,1499543
101157452,2025-10-01,2027-03-31,150000
101054465,2022-10-01,2027-09-30,2499375
101123567,2024-01-01,2025-06-30,150000
101089714,2023-06-01,2028-05-31,3018750
101157871,2024-09-01,2026-02-28,150000
101146837,2024-07-01,2025-12-31,150000
101054714,2022-10-01,2027-09-30,1629775
101071779,2023-04-01,2029-03-31,8870987
101054313,2023-01-01,2027-12-31,2494220
101163884,2024-09-01,2029-08-31,1499999
101141330,2024-12-01,2029-11-30,2500000
101189411,2025-01-01,2026-06-30,150000
101125011,2024-10-01,2029-09-30,2000000
101165518,2024-11-01,2029-10-31,1499574
101124778,2025-02-01,2030-01-31,1999640
101112713,2023-11-01,2028-10-31,1500000
101075487,2023-03-01,2028-02-29,1500000
101142781,2024-05-01,2029-04-30,1976875
101088147,2023-12-01,2028-11-30,2000000
101077874,2023-10-01,2028-09-30,1496524
101087560,2024-01-01,2028-12-31,1984779
101077430,2023-05-01,2028-04-30,1498579
101116748,2024-01-01,2028-12-31,1499686
101141581,2024-07-01,2029-06-30,2841791
101162711,2025-07-01,2030-06-30,1499321
101055323,2023-01-01,2027-12-31,2500000
101161971,2025-04-01,2030-03-31,2459229
101097511,2024-01-01,2028-12-31,2454563
101088055,2024-01-01,2028-12-31,2660000
101160928,2025-01-01,2029-12-31,2037464
101100859,2023-01-01,2024-06-30,150000
101125672,2024-09-01,2029-08-31,2000000
101088676,2023-09-01,2028-08-31,1997345
101125746,2024-07-01,2029-06-30,2330500
101093897,2023-09-01,2028-08-31,2499811
101158206,2024-04-01,2025-09-30,150000
101125057,2024-09-01,2029-08-31,1999493
101116043,2024-01-01,2028-12-31,1500000
101141570,2024-09-01,2029-08-31,2499943
101113301,2024-01-01,2025-06-30,150000
101124189,2024-09-01,2029-08-31,2270511
101082064,2022-09-01,2024-02-29,150000
101116211,2024-01-01,2028-12-31,1426851
101086081,2023-10-01,2028-09-30,1730895
101165317,2025-02-01,2030-01-31,1500000
101125557,2024-09-01,2029-08-31,2976479
101118769,2024-05-01,2029-04-30,9780769
101069456,2022-09-01,2024-02-29,150000
101166880,2025-03-01,2031-02-28,10000000
101118536,2024-03-01,2030-02-28,11429675
101171415,2025-09-01,2030-08-31,2000000
101141312,2024-10-01,2029-09-30,2498551
101189517,2024-09-01,2026-02-28,150000
101116461,2024-03-01,2029-02-28,1499851
101055280,2022-09-01,2027-08-31,1943750
101097687,2023-09-01,2028-08-31,"1859312,5"
101076991,2023-04-01,2028-03-31,1500000
101158161,2024-03-01,2025-08-31,150000
101116288,2024-01-01,2028-12-31,1416541
101113322,2024-03-01,2025-08-31,150000
101141468,2024-05-01,2029-04-30,1991875
101077154,2023-01-01,2027-12-31,989395
101123385,2023-10-01,2025-03-31,150000
101123107,2023-09-01,2025-02-28,150000
101094168,2023-10-01,2028-09-30,2498943
101138056,2023-10-01,2025-03-31,150000
101123921,2024-05-01,2029-04-30,1999250
101077231,2023-03-01,2028-02-29,"1499544,75"
101115677,2024-01-01,2028-12-31,1499884
101156586,2024-06-01,2025-11-30,150000
101125744,2025-01-01,2029-12-31,1464062
101075556,2023-09-01,2028-08-31,1500000
101116026,2024-01-01,2028-12-31,1493364
101188779,2024-09-01,2026-02-28,150000
101113433,2023-03-01,2024-08-31,150000
101078710,2023-05-01,2028-04-30,1500000
101087832,2023-09-01,2028-08-31,1999966
101077533,2023-05-01,2028-04-30,1401938
101167472,2025-04-01,2031-03-31,10000000
101138939,2023-12-01,2025-05-31,150000
101162204,2025-01-01,2029-12-31,1499954
101100953,2023-01-01,2024-12-31,150000
101069276,2022-08-01,2024-01-31,150000
101069214,2022-06-01,2023-11-30,150000
101054745,2023-01-01,2027-12-31,2500000
101162014,2024-11-01,2029-10-31,1479414
101078028,2023-09-01,2028-08-31,1500000
101054746,2022-09-01,2027-08-31,"2288712,5"
101170283,2025-05-01,2030-04-30,1954746
101066321,2022-06-01,2023-11-30,150000
101124278,2024-08-01,2029-07-31,2479429
101078110,2024-01-01,2028-12-31,1497550
101053925,2022-10-01,2027-09-30,2497701
101087295,2023-12-01,2028-11-30,2661005
101158076,2024-11-01,2026-04-30,150000
101075421,2023-03-01,2028-02-29,1891529
101123087,2024-01-01,2025-06-30,150000
101161804,2025-01-01,2029-12-31,1500000
101101043,2023-09-01,2025-02-28,150000
101164993,2025-01-01,2029-12-31,1500000
101161748,2025-04-01,2030-03-31,2037356
101087499,2023-08-01,2028-07-31,"1362842,5"
101161589,2024-12-01,2029-11-30,1499976
101114948,2024-01-01,2028-12-31,"1499162,5"
101116545,2024-06-01,2029-05-31,1500000
101188789,2025-01-01,2026-06-30,150000
101163926,2025-01-01,2029-12-31,1499563
101189399,2025-01-01,2026-06-30,150000
101088876,2023-07-01,2028-06-30,1984565
101082096,2022-11-01,2024-04-30,150000
101170592,2025-03-01,2030-02-28,2000000
101097302,2024-01-01,2028-12-31,2499911
101055023,2022-10-01,2027-09-30,1945250
101087820,2023-12-01,2028-11-30,1999546
101123661,2024-07-01,2029-06-30,2122524
101141410,2024-10-01,2029-09-30,2422253
101164324,2025-03-01,2030-02-28,1417204
101096243,2024-01-01,2028-12-31,2500000
101087731,2023-11-01,2028-10-31,2340575
101117693,2024-09-01,2029-08-31,"1499586,25"
101142013,2025-01-01,2029-12-31,2500000
101077946,2024-01-01,2028-12-31,1499700
101124606,2024-03-01,2029-02-28,"1999712,5"
101097337,2023-09-01,2028-08-31,2499825
101142236,2024-11-01,2029-10-31,2253125
101170410,2025-05-01,2030-04-30,2094176
101117138,2024-07-01,2029-06-30,1500000
101087812,2023-09-01,2028-08-31,2000000
101097213,2024-01-01,2028-12-31,2498916
101088581,2023-09-01,2028-08-31,1970533
101162895,2025-01-01,2029-12-31,1547500
101077734,2023-09-01,2028-08-31,1673925
101188249,2024-10-01,2026-03-31,150000
101141762,2025-04-01,2030-03-31,2457443
101077977,2024-04-01,2029-03-31,1499999
101097402,2023-07-01,2028-06-30,2499250
101189519,2025-01-01,2026-06-30,150000
101164722,2025-04-01,2030-03-31,1500000
101171803,2025-03-01,2030-02-28,2492625
101075903,2023-04-01,2028-03-31,1499069
101088285,2024-01-01,2028-12-31,2000000
101142810,2024-09-01,2029-08-31,2511038
101162708,2025-01-01,2029-12-31,1499575
101088965,2023-11-01,2028-10-31,2000000
101087582,2024-01-01,2028-12-31,1999625
101116035,2024-01-01,2028-12-31,1500000
101123004,2024-04-01,2025-09-30,150000
101113342,2024-01-01,2025-06-30,150000
101100924,2023-01-01,2024-06-30,150000
101169862,2025-03-01,2030-02-28,1704982
101053208,2023-10-01,2028-09-30,2086250
101078773,2023-09-01,2028-08-31,1685375
101076402,2023-04-01,2028-03-31,1499790
101098156,2023-10-01,2028-09-30,2499250
101081818,2022-09-01,2024-02-29,150000
101088868,2023-09-01,2028-08-31,1896800
101124390,2025-01-01,2029-12-31,1999863
101123041,2024-09-01,2029-08-31,1985871
101117082,2024-05-01,2029-04-30,"1499968,75"
101088834,2023-10-01,2028-09-30,1999167
101113416,2023-05-01,2024-10-31,150000
101124398,2024-04-01,2029-03-31,1997921
101100663,2023-03-01,2024-08-31,150000
101167121,2025-04-01,2031-03-31,11133873
101164895,2025-09-01,2030-08-31,1500000
101138728,2023-10-01,2025-03-31,150000
101137676,2024-01-01,2025-06-30,150000
101055341,2022-10-01,2027-09-30,2500000
101123230,2023-07-01,2024-12-31,150000
101163614,2025-08-01,2030-07-31,1499964
101077902,2023-01-01,2027-12-31,1482500
101117339,2024-01-01,2028-12-31,1911428
101158345,2024-04-01,2025-09-30,150000
101069232,2022-05-01,2023-10-31,150000
101054886,2022-05-01,2027-04-30,2500000
101140565,2024-10-01,2029-09-30,2837483
101126201,2024-06-01,2029-05-31,1999671
101117761,2024-01-01,2028-12-31,1494688
101097545,2024-01-01,2028-12-31,2500000
101059920,2022-08-01,2024-01-31,150000
101078157,2023-01-01,2027-12-31,1500000
101076237,2024-02-01,2029-01-31,1499928
101061967,2022-04-01,2023-09-30,150000
101165007,2025-03-01,2030-02-28,1500000
101125348,2025-02-01,2030-01-31,2000000
101163226,2025-01-01,2029-12-31,1500000
101054515,2023-10-01,2028-09-30,2085625
101088060,2024-03-01,2029-02-28,1565511
101189134,2025-01-01,2026-06-30,150000
101185235,2024-12-01,2026-05-31,150000
101075661,2023-06-01,2028-05-31,1494129
101188503,2024-12-01,2026-05-31,150000
101087979,2023-09-01,2028-08-31,1955000
101142364,2025-01-01,2029-12-31,2498623
101076170,2023-09-01,2028-08-31,1500000
101089233,2024-10-01,2029-09-30,1999589
101097411,2023-05-01,2028-04-30,2496895
101054449,2022-09-01,2027-08-31,2493875
101162939,2025-01-01,2029-12-31,"1497923,75"
101053581,2023-01-01,2027-12-31,2500000
101089343,2023-08-01,2028-07-31,1998956
101169732,2025-12-01,2030-11-30,2000000
101087383,2024-09-01,2029-08-31,1999555
101116227,2024-01-01,2028-12-31,1708614
101162852,2025-01-01,2029-12-31,1500000
101163024,2025-01-01,2029-12-31,1499749
101141408,2025-01-01,2029-12-31,2496811
101204328,2025-06-01,2026-11-30,150000
101164330,2025-01-01,2029-12-31,1500000
101069470,2022-10-01,2024-03-31,150000
101124214,2024-09-01,2029-08-31,1972125
101075873,2023-09-01,2028-08-31,1499351
101076663,2023-07-01,2028-06-30,1489375
101117820,2024-01-01,2028-12-31,1310233
101126144,2024-06-01,2029-05-31,1575812
101078307,2023-10-01,2028-09-30,1809140
101062689,2022-07-01,2023-12-31,150000
101157633,2024-02-01,2025-07-31,150000
101071713,2023-10-01,2029-09-30,13982850
101078127,2024-06-01,2029-05-31,1560089
101078172,2024-03-01,2029-02-28,"1499648,75"
101158327,2024-10-01,2026-03-31,150000
101053186,2023-04-01,2028-03-31,2500000
101119062,2024-01-01,2029-12-31,13525608
101089312,2023-07-01,2028-06-30,3000000
101163784,2025-09-01,2030-08-31,1880615
101125466,2024-10-01,2029-09-30,1991225
101117531,2025-01-01,2029-12-31,1500000
101160908,2025-01-01,2029-12-31,1500000
101115513,2024-05-01,2029-04-30,1544896
101125029,2024-02-01,2029-01-31,1998383
101189504,2024-12-01,2026-05-31,150000
101076560,2023-07-01,2028-06-30,1937500
101124718,2024-06-01,2029-05-31,1999924
101115751,2024-09-01,2029-08-31,1499748
101125813,2024-06-01,2029-05-31,2000000
101161899,2025-04-01,2030-03-31,1455058
101161364,2024-10-01,2029-09-30,1662400
101077605,2023-10-01,2028-09-30,1500000
101054805,2022-08-01,2027-07-31,2300451
101138255,2024-02-01,2025-07-31,150000
101097905,2024-07-01,2029-06-30,2463698
101096705,2023-08-01,2028-07-31,2482678
101115765,2024-01-01,2028-12-31,"1499403,29"
101162081,2025-03-01,2030-02-28,1500000
101076547,2023-05-01,2028-04-30,1337744
101088698,2023-09-01,2028-08-31,1931221
101123165,2023-12-01,2025-05-31,150000
101077879,2023-01-01,2027-12-31,1494006
101100597,2023-05-01,2024-10-31,150000
101162961,2025-01-01,2029-12-31,2497364
101078288,2023-05-01,2028-04-30,1499375
101124672,2024-10-01,2029-09-30,1739250
101115973,2024-02-01,2029-01-31,1499520
101125455,2024-12-01,2029-11-30,1999141
101095857,2023-10-01,2028-09-30,2264563
101165414,2024-11-01,2029-10-31,1499375
101142892,2024-09-01,2029-08-31,2495911
101137960,2023-11-01,2025-04-30,150000
101100999,2022-09-01,2024-02-29,150000
101188487,2025-01-01,2026-06-30,150000
101062041,2022-05-01,2023-10-31,150000
101138283,2023-11-01,2025-04-30,150000
101088062,2023-09-01,2028-08-31,1997259
101077238,2023-11-01,2028-10-31,1499828
101076015,2023-05-01,2028-04-30,1499980
101113293,2023-09-01,2025-02-28,150000
101142356,2024-10-01,2029-09-30,2499828
101163282,2024-11-01,2029-10-31,1499465
101077623,2023-05-01,2028-04-30,1499999
101113178,2023-04-01,2025-03-31,150000
101053972,2023-05-01,2028-04-30,2499055
101077454,2023-03-01,2028-02-29,1499978
101163633,2025-01-01,2029-12-31,1367444
101076613,2023-02-01,2028-01-31,1498850
101125670,2025-01-01,2029-12-31,1996250
101164780,2025-03-01,2030-02-28,1582349
101074802,2023-09-01,2028-08-31,1499770
101089213,2023-04-01,2028-03-31,2000000
101124404,2024-04-01,2029-03-31,1995843
101158077,2024-05-01,2025-10-31,150000
101096393,2024-04-01,2029-03-31,2999625
101096525,2024-01-01,2028-12-31,2497000
101088506,2024-06-01,2029-05-31,1996125
101113400,2023-11-01,2025-04-30,150000
101124787,2024-10-01,2029-09-30,2000000
101087109,2024-01-01,2028-12-31,2000000
101078061,2023-04-01,2028-03-31,1312180
101095997,2023-07-01,2028-06-30,2500000
101064696,2022-06-01,2023-11-30,150000
101117125,2024-03-01,2029-02-28,1498849
101116544,2024-01-01,2028-12-31,1500000
101116866,2024-01-01,2028-12-31,1809735
101141346,2024-09-01,2029-08-31,2875663
101164120,2025-07-01,2030-06-30,"1498738,75"
101171650,2025-06-01,2030-05-31,1993143
101149200,2024-06-01,2025-11-30,150000
101164562,2025-01-01,2029-12-31,1500000
101088071,2024-01-01,2028-12-31,1915691
101077312,2023-09-01,2028-08-31,1775190
101137651,2023-12-01,2025-08-31,150000
101185881,2024-10-01,2026-03-31,150000
101123280,2024-02-01,2025-07-31,150000
101087514,2023-12-01,2028-11-30,2871250
101078234,2023-01-01,2026-12-31,1455274
101096606,2024-01-01,2028-12-31,2499996
101125112,2024-07-01,2029-06-30,1996250
101076671,2023-04-01,2028-03-31,1494500
101116890,2024-04-01,2029-03-31,1738721
101125017,2024-10-01,2029-09-30,1684949
101141472,2025-01-01,2029-12-31,2494415
101113345,2023-03-01,2024-08-31,150000
101138825,2024-01-01,2025-06-30,150000
101141457,2025-01-01,2029-12-31,2500000
101078392,2023-04-01,2028-03-31,1942158
101123174,2024-09-01,2029-08-31,1403750
101081989,2024-01-01,2025-06-30,150000
101169746,2025-05-01,2030-04-30,1998946
101124719,2024-09-01,2029-08-31,1985268
101126124,2024-09-01,2029-08-31,2501154
101115996,2024-01-01,2028-12-31,1496700
101069390,2022-06-01,2023-11-30,150000
101125937,2024-10-01,2029-09-30,2130739
101052935,2022-10-01,2027-09-30,2498750
101141916,2024-10-01,2029-09-30,2499208
101097959,2023-05-01,2028-04-30,2113125
101078843,2024-09-01,2029-08-31,2446250
101124175,2025-01-01,2029-12-31,1999980
101163629,2025-01-01,2029-12-31,1498976
101062030,2022-06-01,2024-11-30,150000
101116404,2024-01-01,2028-12-31,1812500
101087692,2024-09-01,2029-08-31,1986250
101097240,2024-01-01,2028-12-31,2491015
101086573,2023-09-01,2028-08-31,1996625
101125761,2024-03-01,2029-02-28,2620750
101116543,2024-01-01,2028-12-31,1575000
101069334,2022-07-01,2023-12-31,150000
101113551,2023-12-01,2025-05-31,150000
101123434,2023-09-01,2025-02-28,150000
101068936,2023-01-01,2024-06-30,150000
101116163,2024-01-01,2028-12-31,1499995
101077810,2023-08-01,2028-07-31,1499946
101142420,2025-01-01,2029-12-31,1463694
101087673,2023-10-01,2028-09-30,2349755
101052963,2023-01-01,2027-12-31,2500000
101188579,2025-02-01,2026-07-31,150000
101111915,2023-03-01,2024-08-31,150000
101121863,2023-06-01,2027-05-31,"1499671,25"
101125499,2024-09-01,2029-08-31,1999660
101086998,2023-09-01,2028-08-31,1965025
101078557,2024-05-01,2029-04-30,1500000
101158051,2024-05-01,2025-10-31,150000
101115991,2024-06-01,2029-05-31,"1490057,99"
101169837,2025-01-01,2029-12-31,2000000
101078619,2023-04-01,2028-03-31,1498356
101086663,2024-01-01,2028-12-31,1930120
101117905,2024-01-01,2028-12-31,2499999
101163005,2024-10-01,2029-09-30,1499466
101125450,2024-04-01,2029-03-31,2000000
101113412,2023-08-01,2025-07-31,150000
101164230,2025-02-01,2030-01-31,1489760
101071936,2023-06-01,2029-05-31,5000764
101125392,2024-10-01,2029-09-30,1994648
101213389,2025-06-01,2026-11-30,150000
101089250,2024-08-01,2029-07-31,2000000
101125419,2024-09-01,2029-08-31,2000000
101163850,2025-05-01,2030-04-30,1499938
101081756,2022-09-01,2024-02-29,150000
101053168,2022-09-01,2027-08-31,3169384
101125962,2024-04-01,2029-03-31,1995625
101157752,2024-02-01,2025-07-31,150000
101116635,2024-01-01,2028-12-31,1496595
101118521,2024-07-01,2030-06-30,9989247
101054846,2022-11-01,2027-10-31,2498355
101157514,2024-03-01,2025-08-31,150000
101082299,2023-09-01,2025-02-28,150000
101132305,2024-01-01,2025-06-30,150000
101142062,2024-10-01,2029-09-30,2487834
101141673,2024-10-01,2029-09-30,2963906
101069461,2023-11-01,2025-04-30,150000
101118890,2024-03-01,2030-02-28,8535528
101112780,2023-06-01,2024-11-30,150000
101113091,2023-10-01,2025-09-30,150000
101054948,2023-06-01,2028-05-31,2937179
101069179,2022-07-01,2023-12-31,150000
101088889,2024-03-01,2029-02-28,748079
101160648,2025-01-01,2029-12-31,1624911
101212629,2025-04-01,2026-09-30,150000
101125367,2024-06-01,2029-05-31,1992863
101142324,2024-10-01,2029-09-30,2498000
101069382,2022-07-01,2023-12-31,150000
101086951,2023-07-01,2028-06-30,2000000
101125605,2024-06-01,2029-05-31,1999838
101141989,2024-11-01,2029-10-31,2497799
101088956,2023-06-01,2028-05-31,1703834
101170022,2025-05-01,2030-04-30,1972500
101095973,2023-09-01,2028-08-31,3000000
101126114,2024-04-01,2029-03-31,1983531
101100718,2023-02-01,2024-07-31,150000
101087755,2023-06-01,2028-05-31,1993270
101116991,2024-01-01,2028-12-31,1500000
101087409,2024-05-01,2029-04-30,1999923
101075831,2023-07-01,2028-06-30,1500000
101155808,2024-06-01,2025-11-30,150000
101189389,2024-08-01,2026-01-31,150000
101125425,2024-06-01,2029-05-31,1999983
101076478,2023-12-01,2028-11-30,1499439
101189468,2025-01-01,2026-06-30,150000
101164772,2025-01-01,2029-12-31,1486245
101052587,2022-12-01,2027-11-30,1944825
101089083,2024-01-01,2028-12-31,1994875
101117736,2024-09-01,2029-08-31,1496795
101078750,2023-03-01,2028-02-29,1500000
101163266,2025-09-01,2030-08-31,1499853
101123405,2023-08-01,2025-01-31,150000
101164093,2025-01-01,2029-12-31,1500000
101160605,2024-10-01,2029-09-30,1500000
101117835,2023-11-01,2028-10-31,1499804
101113120,2023-04-01,2024-09-30,150000
101137438,2024-01-01,2025-06-30,150000
101162916,2024-10-01,2029-09-30,1641428
101069293,2022-04-01,2023-09-30,150000
101054963,2023-01-01,2027-12-31,2474330
101164285,2025-01-01,2029-12-31,1625000
101077496,2023-09-01,2028-08-31,2062021
101197927,2025-03-01,2026-08-31,150000
101140664,2025-03-01,2030-02-28,2467635
101161596,2024-10-01,2029-09-30,1438705
101054902,2022-09-01,2027-08-31,2483750
101116964,2025-04-01,2030-03-31,1407314
101162759,2025-04-01,2030-03-31,1499527
101141647,2024-11-01,2029-10-31,2500000
101087365,2023-09-01,2028-08-31,1870000
101124914,2024-11-01,2029-10-31,2331823
101137959,2023-10-01,2025-03-31,150000
101165618,2025-03-01,2030-02-28,1462500
101155827,2024-07-01,2025-12-31,150000
101142366,2024-10-01,2029-09-30,2492200
101188898,2025-03-01,2026-08-31,150000
101126239,2025-01-01,2029-12-31,1999880
101077471,2023-05-01,2028-04-30,1371715
101088541,2023-07-01,2028-06-30,1999539
101162052,2025-01-01,2029-12-31,1500000
101161789,2025-01-01,2029-12-31,1498109
101078533,2023-06-01,2028-05-31,1499590
101069282,2022-05-01,2023-10-31,150000
101077714,2024-01-01,2028-12-31,1500000
101088477,2024-01-01,2028-12-31,1999350
101077526,2022-12-01,2027-11-30,1667410
101162009,2025-01-01,2029-12-31,1650188
101141508,2024-10-01,2029-09-30,1609028
101088962,2023-10-01,2028-09-30,"2723617,5"
101163546,2024-10-01,2029-09-30,1499689
101071900,2023-10-01,2029-09-30,"9927253,75"
101069392,2022-05-01,2023-10-31,150000
101167202,2025-04-01,2031-03-31,9936185
101161716,2025-01-01,2029-12-31,2075000
101095957,2023-10-01,2028-09-30,2499115
101164683,2025-04-01,2030-03-31,1500000
101115666,2024-09-01,2029-08-31,1499918
101078631,2023-10-01,2028-09-30,"1496657,5"
101077749,2023-11-01,2028-10-31,1330441
101054849,2022-09-01,2027-08-31,2499331
101125457,2024-06-01,2029-05-31,1999233
101096190,2023-10-01,2028-09-30,"2864427,5"
101142557,2024-06-01,2029-05-31,2499935
101055309,2022-11-01,2027-10-31,2379266
101163480,2025-01-01,2029-12-31,1721063
101171050,2025-05-01,2030-04-30,2000000
101162721,2024-11-01,2029-10-31,1499103
101162783,2025-04-01,2030-03-31,1599500
101163917,2024-09-01,2029-08-31,1500000
101162722,2025-01-01,2029-12-31,1346830
101158362,2024-09-01,2026-02-28,150000
101054338,2023-01-01,2027-12-31,2496838
101140666,2025-01-01,2029-12-31,2500000
101096708,2023-06-01,2028-05-31,2614373
101093186,2023-09-01,2028-08-31,2500000
101125580,2024-09-01,2029-08-31,1999144
101078838,2024-09-01,2029-08-31,1500000
101123265,2023-10-01,2025-03-31,150000
101086901,2024-01-01,2028-12-31,1999250
101116688,2024-05-01,2029-04-30,1797105
101069239,2022-06-01,2024-11-30,150000
101113481,2023-07-01,2024-12-31,150000
101076057,2023-01-01,2027-12-31,1484625
101055218,2023-01-01,2027-12-31,2499734
101166037,2025-01-01,2029-12-31,1500000
101101022,2023-02-01,2024-12-31,150000
101097876,2023-07-01,2028-06-30,2410155
101126337,2024-06-01,2029-05-31,1998250
101124380,2025-02-01,2030-01-31,2289954
101162653,2025-03-01,2030-02-28,1499933
101069299,2022-11-01,2024-04-30,150000
101162658,2024-12-01,2029-11-30,1500000
101117133,2024-11-01,2029-10-31,1432734
101140427,2025-01-01,2029-12-31,2500000
101088591,2023-05-01,2028-04-30,1999688
101142020,2024-05-01,2029-04-30,2335000
101156222,2024-09-01,2026-02-28,150000
101141234,2024-10-01,2029-09-30,2498481
101075876,2023-05-01,2028-04-30,1499894
101162705,2025-01-01,2029-12-31,1700000
101083647,2023-09-01,2028-08-31,1997841
101115353,2023-10-01,2028-09-30,1499375
101163805,2025-01-01,2029-12-31,1499975
101170817,2025-06-01,2030-05-31,1996840
101055339,2023-01-01,2027-12-31,2499999
101054728,2023-09-01,2028-08-31,2497246
101117204,2023-11-01,2028-10-31,1499808
101054512,2022-08-01,2027-07-31,2498575
101078434,2023-10-01,2027-09-30,"1199997,5"
101166087,2025-05-01,2030-04-30,1859131
101113382,2023-07-01,2024-12-31,150000
101081171,2022-10-01,2024-03-31,150000
101124944,2024-06-01,2029-05-31,2000000
101123484,2024-06-01,2025-11-30,150000
101115565,2024-01-01,2028-12-31,1496941
101096293,2023-09-01,2028-08-31,2191875
101055089,2023-01-01,2027-12-31,"2497452,5"
101097307,2023-10-01,2028-09-30,2419896
101098243,2023-09-01,2028-08-31,2499000
101142786,2025-01-01,2029-12-31,2500000
101117845,2024-03-01,2029-02-28,"2374938,75"
101123166,2024-01-01,2025-06-30,150000
101097844,2023-09-01,2028-08-31,2498750
101087685,2023-07-01,2028-06-30,1999375
101055472,2022-06-01,2027-05-31,2500000
101078355,2024-06-01,2029-05-31,1493750
101142180,2024-11-01,2029-10-31,2500000
101116663,2024-07-01,2029-06-30,1499000
101125394,2024-03-01,2029-02-28,1999854
101077492,2023-09-01,2028-08-31,"1499997,5"
101075992,2023-05-01,2028-04-30,1498863
101162914,2025-01-01,2029-12-31,1500000
101160597,2025-01-01,2029-12-31,2147846
101140447,2025-01-01,2029-12-31,2499799
101163526,2024-10-01,2029-09-30,1297878
101052708,2022-10-01,2027-09-30,2117141
101088411,2023-04-01,2028-03-31,1147981
101165038,2025-07-01,2030-06-30,1492750
101125598,2024-01-01,2028-12-31,1996143
101113313,2023-06-01,2024-11-30,150000
101160919,2025-03-01,2030-02-28,1500000
101140898,2024-10-01,2029-09-30,2499241
101098331,2023-07-01,2028-06-30,2498435
101187914,2024-10-01,2026-03-31,150000
101117889,2024-01-01,2028-12-31,1499568
101053167,2023-01-01,2027-12-31,2499876
101171091,2025-10-01,2030-09-30,2000000
101113332,2023-08-01,2025-01-31,150000
101138903,2024-05-01,2025-10-31,150000
101076685,2024-01-01,2028-12-31,1500000
101163654,2025-01-01,2029-12-31,1498250
101163243,2025-07-01,2030-06-30,1482790
101164864,2025-02-01,2030-01-31,1499459
101161296,2024-11-01,2029-10-31,1500000
101169737,2025-08-01,2030-07-31,1999769
101077866,2023-05-01,2028-04-30,1893184
101088563,2024-03-01,2029-02-28,1994500
101125295,2024-09-01,2029-08-31,1993224
101092623,2023-11-01,2028-10-31,2137145
101126218,2024-12-01,2029-11-30,1993125
101088622,2024-01-01,2028-12-31,2475808
101076858,2023-10-01,2028-09-30,1988500
101071647,2023-05-01,2029-04-30,9994960
101053122,2022-09-01,2027-08-31,2498690
101052182,2022-10-01,2027-09-30,2499023
101161438,2025-08-01,2030-07-31,1494433
101096005,2023-10-01,2028-09-30,2497395
101054921,2022-12-01,2027-11-30,2499893
101097834,2024-01-01,2028-12-31,2499796
101124488,2024-01-01,2028-12-31,1867187
101188523,2024-09-01,2026-02-28,150000
101087884,2023-07-01,2028-06-30,1999780
101117243,2024-03-01,2029-02-28,1499888
101081926,2023-10-01,2025-03-31,150000
101069277,2022-06-01,2024-05-31,150000
101115549,2024-01-01,2028-12-31,2300000
101124597,2024-09-01,2029-08-31,1996384
101054696,2022-10-01,2027-09-30,2476743
101076409,2023-03-01,2028-02-29,1498489
101052998,2022-08-01,2027-07-31,2441425
101123802,2024-01-01,2028-12-31,1999750
101123346,2023-08-01,2025-01-31,150000
101088453,2023-11-01,2028-10-31,1998870
101117025,2024-01-01,2028-12-31,1499838
101053993,2022-10-01,2027-09-30,2496306
101142218,2024-09-01,2029-08-31,2451625
101076565,2023-10-01,2028-09-30,1500000
101141787,2025-01-01,2029-12-31,2499839
101077772,2023-12-01,2028-11-30,1499916
101158245,2024-09-01,2026-02-28,150000
101158216,2024-04-01,2025-09-30,150000
101141906,2024-10-01,2029-09-30,2497775
101098168,2024-01-01,2028-12-31,2999926
101115674,2024-01-01,2028-12-31,2260965
101081871,2022-07-01,2024-04-30,150000
101053543,2022-10-01,2027-09-30,2500000
101164921,2025-01-01,2029-12-31,1489028
101125638,2024-09-01,2029-08-31,1996749
101075915,2024-01-01,2028-12-31,1496538
101087910,2024-03-01,2029-02-28,1787660
101170012,2025-06-01,2030-05-31,2000000
101095310,2023-09-01,2025-05-31,"518233,21"
101142567,2024-09-01,2029-08-31,2400131
101165707,2025-01-01,2029-12-31,1572500
101166026,2025-01-01,2029-12-31,1543941
101185344,2025-01-01,2026-06-30,150000
101081881,2022-10-01,2024-03-31,150000
101087701,2023-06-01,2028-05-31,2984796
101076648,2023-09-01,2028-08-31,2049049
101165915,2025-01-01,2029-12-31,1499650
101163211,2024-10-01,2029-09-30,1499190
101089177,2024-01-01,2028-12-31,2000000
101116639,2024-09-01,2029-08-31,1498511
101088317,2023-07-01,2028-06-30,"1999998,75"
101063037,2022-05-01,2023-10-31,150000
101164641,2025-01-01,2029-12-31,2009474
101162819,2025-09-01,2030-08-31,2404561
101123334,2023-07-01,2024-12-31,150000
101111870,2023-06-01,2024-11-30,150000
101071505,2023-09-01,2029-08-31,9938446
101187967,2024-10-01,2026-03-31,150000
101076411,2023-09-01,2028-08-31,1492700
101089080,2023-06-01,2028-05-31,2000000
101170060,2025-04-01,2030-03-31,1999419
101101051,2023-09-01,2025-02-28,150000
101163588,2024-12-01,2029-11-30,2481640
101162848,2024-12-01,2029-11-30,1499954
101069298,2022-04-01,2023-09-30,150000
101076915,2023-11-01,2028-10-31,1945000
101113330,2024-01-01,2025-06-30,150000
101164652,2025-01-01,2029-12-31,1499964
101075996,2023-05-01,2028-04-30,2000000
101125325,2024-06-01,2029-05-31,1999720
101163333,2025-07-01,2030-06-30,1497563
101096688,2023-09-01,2028-08-31,2784505
101137675,2023-12-01,2025-05-31,150000
101165122,2025-01-01,2029-12-31,1500000
101138640,2024-01-01,2025-06-30,150000
101165552,2025-01-01,2029-12-31,1499999
101189447,2025-01-01,2026-06-30,150000
101053091,2023-01-01,2027-12-31,2500000
101141569,2024-06-01,2029-05-31,2499674
101069414,2022-10-01,2024-03-31,150000
101116032,2023-11-01,2028-10-31,1874500
101163620,2025-01-01,2029-12-31,1480403
101124992,2024-07-01,2029-06-30,1999990
101188114,2024-12-01,2026-05-31,150000
101165302,2025-03-01,2030-02-28,1496084
101078461,2023-09-01,2028-08-31,"1499938,75"
101162710,2025-02-01,2030-01-31,1495160
101088207,2023-06-01,2028-05-31,1999138
101142285,2025-01-01,2029-12-31,2494296
101141783,2025-09-01,2030-08-31,2519500
101088146,2023-11-01,2028-10-31,2000000
101116072,2024-03-01,2029-02-28,1498089
101082147,2023-11-01,2025-04-30,150000
101115638,2024-01-01,2028-12-31,1993688
101162933,2024-11-01,2029-10-31,1500000
101141844,2024-09-01,2029-08-31,2968750
101055383,2023-01-01,2027-12-31,2500000
101142614,2024-11-01,2029-10-31,2493665
101077076,2023-03-01,2028-02-29,1467800
101055185,2022-10-01,2027-09-30,2494509
101138836,2023-12-01,2025-05-31,150000
101212799,2025-07-01,2026-12-31,150000
101140903,2024-10-01,2029-09-30,2499750
101095098,2024-09-01,2029-08-31,2461515
101123123,2024-01-01,2025-06-30,150000
101163912,2025-01-01,2029-12-31,1488096
101088589,2023-09-01,2028-08-31,1997651
101163408,2025-01-01,2029-12-31,1488136
101138041,2024-01-01,2025-06-30,150000
101118656,2024-01-01,2029-12-31,7489397
101163794,2024-08-01,2029-07-31,1470625
101082283,2022-10-01,2024-06-30,150000
101060296,2022-04-01,2023-09-30,150000
101101069,2022-10-01,2024-03-31,150000
101141836,2024-10-01,2029-09-30,2499226
101082183,2023-01-01,2024-06-30,150000
101122655,2023-10-01,2025-03-31,150000
101142260,2024-05-01,2029-04-30,2499904
101141238,2024-09-01,2029-08-31,2500000
101164972,2024-11-01,2029-10-31,1812400
101125820,2024-06-01,2029-05-31,2039473
101122976,2023-10-01,2025-03-31,150000
101124002,2024-04-01,2029-03-31,2000000
101118880,2024-04-01,2030-03-31,8381928
101163093,2024-11-01,2029-10-31,1499853
101075507,2024-01-01,2028-12-31,1749375
101089123,2024-05-01,2029-04-30,2778380
101054429,2023-05-01,2028-04-30,2220750
101096403,2023-09-01,2028-08-31,3498875
101125797,2024-07-01,2029-06-30,2000000
101116585,2024-10-01,2029-09-30,1467455
101116335,2024-01-01,2028-12-31,1796125
101075832,2023-05-01,2028-04-30,1499681
101162291,2025-08-01,2030-07-31,1494634
101115529,2024-01-01,2028-12-31,1498875
101076967,2024-01-01,2028-12-31,"1497033,75"
101071601,2023-03-01,2029-02-28,"7762668,75"
101163267,2025-03-01,2030-02-28,1500000
101170544,2025-07-01,2030-06-30,1998698
101117644,2024-01-01,2028-12-31,1500000
101075624,2023-05-01,2028-04-30,1499286
101071674,2023-03-01,2029-02-28,7932935
101097788,2023-10-01,2028-09-30,2500000
101164533,2025-01-01,2029-12-31,1499894
101088780,2024-01-01,2028-12-31,1853329
101213190,2025-10-01,2027-03-31,150000
101075514,2022-12-01,2027-11-30,1499999
101165441,2025-01-01,2029-12-31,"1481283,75"
101086793,2024-01-01,2028-12-31,1998569
101171793,2025-06-01,2030-05-31,1992329
101078300,2023-10-01,2028-09-30,1499420
101125858,2024-09-01,2029-08-31,1999614
101138710,2024-03-01,2025-08-31,150000
101087395,2024-01-01,2028-12-31,1999035
101089324,2023-09-01,2028-08-31,1965598
101076091,2024-01-01,2028-12-31,1498800
101189525,2025-01-01,2026-06-30,150000
101069379,2022-07-01,2023-12-31,150000
101162747,2025-01-01,2029-12-31,1499456
101138100,2023-10-01,2025-03-31,150000
101096550,2023-09-01,2028-08-31,1686575
101141461,2024-05-01,2029-04-30,2500000
101088954,2023-10-01,2028-09-30,1900285
101054718,2022-10-01,2027-09-30,2499369
101088970,2023-06-01,2028-05-31,1975000
101141825,2025-01-01,2029-12-31,2498135
101142322,2025-03-01,2030-02-28,2496250
101086774,2023-11-01,2028-10-31,2126444
101117893,2023-12-01,2028-11-30,1499250
101138075,2024-07-01,2025-12-31,150000
101141656,2024-09-01,2029-08-31,"2455842,5"
101097475,2024-01-01,2028-12-31,3108441
101078291,2023-04-01,2028-03-31,1615930
101078494,2023-08-01,2028-07-31,1496250
101053836,2023-02-01,2028-01-31,"2498653,75"
101164614,2024-10-01,2029-09-30,1493750
101076570,2023-10-01,2028-09-30,1479938
101163448,2025-01-01,2029-12-31,"1496867,5"
101189355,2024-12-01,2026-05-31,150000
101141331,2024-08-01,2029-07-31,2500000
101078057,2024-03-01,2029-02-28,1439816
101124199,2025-01-01,2029-12-31,2228750
101162844,2025-01-01,2029-12-31,1499614
101123468,2023-10-01,2025-03-31,150000
101164611,2025-01-01,2029-12-31,1499924
101082059,2023-10-01,2025-10-31,150000
101115893,2024-01-01,2028-12-31,1499694
101163065,2025-01-01,2029-09-30,1425000
101076498,2023-06-01,2028-05-31,1500000
101055053,2022-12-01,2027-11-30,2497334
101069457,2022-07-01,2023-12-31,150000
101089234,2024-01-01,2028-12-31,1999264
101076564,2023-05-01,2028-04-30,1488673
101123215,2023-09-01,2025-02-28,150000
101077050,2023-04-01,2028-03-31,1159231
101054143,2022-12-01,2027-11-30,2498457
101078795,2023-12-01,2028-11-30,"1483738,75"
101142726,2024-11-01,2029-10-31,2500000
101189370,2024-08-01,2026-01-31,150000
101089281,2023-06-01,2028-05-31,1889561
101088549,2024-01-01,2028-12-31,1964710
101162213,2025-01-01,2029-12-31,1499926
101124463,2024-06-01,2029-05-31,1996920
101142587,2024-09-01,2028-08-31,2000000
101069349,2023-04-01,2024-09-30,150000
101165343,2025-07-01,2030-06-30,1499228
101124440,2024-10-01,2029-09-30,2000000
101100794,2022-11-01,2024-04-30,150000
101077573,2023-10-01,2028-09-30,1500000
101162438,2025-03-01,2030-02-28,1499914
101118739,2024-04-01,2030-03-31,8940901
101122653,2024-10-01,2029-09-30,"1999928,75"
101054327,2022-10-01,2027-09-30,"2736708,75"
101126299,2024-09-01,2029-08-31,1998125
101122047,2024-05-01,2029-04-30,1999974
101141549,2024-10-01,2029-09-30,"2495337,5"
101170219,2025-04-01,2030-03-31,1984375
101125221,2025-01-01,2029-12-31,2425000
101088316,2023-12-01,2028-11-30,2867346
101116274,2024-06-01,2029-05-31,1499521
101054616,2022-09-01,2027-08-31,2328750
101124815,2024-05-01,2029-04-30,2000000
101162665,2024-09-01,2029-08-31,1496711
101165176,2025-03-01,2030-02-28,1498621
101077577,2023-02-01,2028-01-31,1491838
101075118,2023-07-01,2028-06-30,1677858
101115811,2024-03-01,2029-02-28,1500000
101189208,2024-12-01,2026-05-31,150000
101076231,2023-01-01,2027-12-31,1500000
101123148,2024-06-01,2025-11-30,150000
101103502,2024-01-01,2028-12-31,1499942
101125870,2024-07-01,2029-06-30,1999989
101158262,2024-07-01,2025-12-31,150000
101158160,2024-08-01,2026-01-31,150000
101126022,2025-01-01,2029-12-31,1850374
101113026,2023-09-01,2025-02-28,150000
101067680,2023-08-01,2025-07-31,150000
101113418,2023-04-01,2024-09-30,150000
101124903,2024-07-01,2029-06-30,1999734
101052376,2023-01-01,2027-12-31,2496268
101166888,2025-04-01,2031-03-31,5972920
101117324,2023-09-01,2028-08-31,2124896
101162138,2024-11-01,2029-10-31,1498130
101157562,2024-03-01,2025-08-31,150000
101055133,2022-10-01,2027-09-30,2497678
101087925,2023-08-01,2028-07-31,1618278
101096948,2023-05-01,2028-04-30,2498471
101116586,2024-08-01,2029-07-31,1500000
101077368,2023-04-01,2028-03-31,1812500
101170907,2025-05-01,2030-04-30,2269619
101089198,2023-06-01,2028-05-31,1999975
101087829,2023-09-01,2028-08-31,1939000
101039221,2021-04-01,2023-03-31,"517828,75"
101188166,2025-01-01,2026-06-30,150000
101164189,2025-08-01,2030-07-31,1478665
101138078,2024-01-01,2025-06-30,150000
101125637,2024-10-01,2029-09-30,1839769
101162753,2024-10-01,2029-09-30,1498295
101161960,2025-02-01,2030-01-31,1500000
101137852,2023-10-01,2025-03-31,150000
101125877,2024-09-01,2029-08-31,1993995
101097815,2023-06-01,2028-05-31,2499645
101163214,2025-01-01,2029-12-31,1499736
101069413,2024-03-01,2025-08-31,150000
101054787,2022-10-01,2027-09-30,2284998
101138119,2024-01-01,2025-06-30,150000
101141770,2024-08-01,2029-07-31,2499248
101097688,2023-10-01,2028-09-30,2498004
101075882,2023-10-01,2028-09-30,1497190
101100615,2023-02-01,2024-07-31,150000
101086988,2023-08-01,2028-07-31,2993251
101142242,2024-09-01,2029-08-31,2499369
101116569,2023-12-01,2028-11-30,1875000
101078281,2023-09-01,2028-12-31,1490625
101078829,2024-01-01,2028-12-31,1492751
101170033,2025-06-01,2030-05-31,1999698
101141220,2024-06-01,2029-05-31,2497225
101054447,2022-10-01,2027-09-30,2171250
101113364,2023-04-01,2024-09-30,150000
101158022,2024-07-01,2025-12-31,150000
101054336,2023-04-01,2028-03-31,1956665
101124502,2024-10-01,2029-09-30,1974936
101101050,2023-01-01,2024-12-31,150000
101076897,2023-04-01,2028-03-31,"1499943,75"
101169614,2025-10-01,2030-09-30,1999448
101078712,2023-02-01,2028-01-31,1997500
101125203,2024-08-01,2029-07-31,1999288
101116095,2024-09-01,2029-08-31,1499775
101088156,2023-09-01,2028-08-31,1972500
101088557,2023-09-01,2028-08-31,1998802
101142747,2024-12-01,2029-11-30,2499995
101077855,2024-02-01,2029-01-31,1222194
101078232,2023-10-01,2028-09-30,2316250
101115822,2024-04-01,2029-03-31,1444860
101069183,2022-08-01,2024-01-31,150000
101097752,2023-09-01,2028-08-31,2496625
101165535,2025-01-01,2029-12-31,1500000
101077119,2023-10-01,2028-09-30,1499500
101087347,2024-01-01,2028-12-31,1999490
101140770,2025-01-01,2029-12-31,2447299
101077006,2024-04-01,2029-03-31,2500000
101142677,2024-12-01,2029-11-30,2498835
101076253,2023-10-01,2028-09-30,1500000
101076793,2023-06-01,2028-05-31,1826073
101054122,2023-01-01,2027-12-31,2495475
101113339,2023-10-01,2025-03-31,150000
101118999,2024-01-01,2029-12-31,10603994
101077099,2023-02-01,2028-01-31,1955000
101077864,2023-05-01,2028-04-30,"1499887,75"
101117824,2023-11-01,2028-10-31,1499000
101115804,2024-03-01,2029-02-28,"1496312,5"
101125296,2024-09-01,2029-08-31,1997500
101170791,2025-01-01,2029-12-31,1785000
101078094,2023-05-01,2028-04-30,2496563
101055412,2022-11-01,2027-10-31,2227500
101141477,2024-10-01,2029-09-30,"2493593,75"
101113480,2023-06-01,2024-11-30,150000
101155770,2024-04-01,2025-09-30,150000
101077710,2023-09-01,2028-08-31,1474150
101088763,2023-08-01,2028-07-31,1999595
101054860,2022-10-01,2027-09-30,3188750
101052978,2022-10-01,2027-09-30,"2482317,5"
101075855,2024-01-01,2028-12-31,"1913122,5"
101081690,2022-09-01,2024-02-29,150000
101118002,2024-09-01,2029-08-31,1499884
101077209,2023-05-01,2028-04-30,"1499953,75"
101164050,2024-08-01,2029-07-31,2175000
101088599,2024-07-01,2029-06-30,1984243
101117863,2024-01-01,2028-12-31,1499084
101075461,2023-05-01,2028-04-30,1499251
101165900,2024-11-01,2029-10-31,"1499408,75"
101118519,2024-11-01,2030-10-31,12487730
101115925,2024-01-01,2028-12-31,1500000
101096087,2024-03-01,2029-02-28,2499424
101069387,2022-04-01,2024-09-30,150000
101116021,2024-03-01,2029-02-28,"1497792,5"
101116304,2024-01-01,2028-12-31,1948125
101113272,2023-10-01,2025-03-31,150000
101189510,2024-11-01,2026-04-30,150000
101189448,2024-10-01,2026-03-31,150000
101077020,2023-12-01,2028-11-30,1433750
101125003,2024-05-01,2029-06-30,1999865
101161308,2025-03-01,2030-02-28,1902360
101088824,2024-01-01,2028-12-31,1999796
101164535,2025-08-01,2030-07-31,1500000
101163258,2025-03-01,2030-02-28,1499956
101142005,2024-10-01,2029-09-30,2500000
101097995,2024-01-01,2028-12-31,2515625
101097317,2023-11-01,2028-10-31,2499875
101138171,2024-01-01,2025-06-30,150000
101100978,2022-12-01,2024-05-31,150000
101069235,2022-07-01,2023-12-31,150000
101139298,2025-01-01,2029-12-31,2497880
101076014,2023-10-01,2028-09-30,1688047
101076414,2023-01-01,2027-12-31,"1499377,5"
101053133,2022-10-01,2027-09-30,2457146
101076033,2023-09-01,2028-08-31,1498727
101125662,2025-01-01,2029-12-31,2500000
101081539,2023-01-01,2024-06-30,150000
101165171,2025-02-01,2030-01-31,1499916
101088712,2024-03-01,2029-02-28,2082500
101082020,2022-09-01,2024-02-29,150000
101157307,2024-05-01,2025-10-31,150000
101088128,2024-04-01,2029-03-31,1999706
101082300,2023-01-01,2024-12-31,150000
101055295,2023-01-01,2027-12-31,1461050
101088555,2024-04-01,2029-03-31,2346039
101114879,2023-10-01,2028-09-30,1499980
101116355,2024-01-01,2028-12-31,1500000
101141253,2024-07-01,2029-06-30,2194125
101086104,2024-06-01,2029-05-31,1774225
101069218,2022-08-01,2024-01-31,150000
101125530,2024-04-01,2029-03-31,1990221
101054500,2022-10-01,2027-09-30,2498160
101123091,2023-07-01,2024-12-31,150000
101069222,2022-06-01,2024-03-31,150000
101075426,2023-05-01,2028-04-30,1499830
101114939,2024-09-01,2029-08-31,1499865
101170729,2025-01-01,2029-12-31,2000000
101189381,2024-09-01,2026-02-28,150000
101088789,2023-12-01,2028-11-30,"1979422,5"
101069264,2022-09-01,2024-02-29,150000
101113466,2023-11-01,2025-04-30,150000
101115022,2024-01-01,2028-12-31,1494750
101075581,2023-09-01,2028-08-31,1499375
101093943,2023-05-01,2028-04-30,2494930
101187919,2024-08-01,2026-01-31,150000
101164952,2024-11-01,2029-10-31,1684803
101075865,2023-08-01,2028-07-31,1500000
101165179,2025-01-01,2029-12-31,1499221
101076275,2023-06-01,2028-05-31,1777525
101054726,2022-11-01,2027-10-31,3056887
101078824,2023-03-01,2028-02-29,1499999
101171473,2025-04-01,2030-03-31,1721563
101169716,2025-09-01,2030-08-31,1999868
101141436,2024-10-01,2029-09-30,2499750
101123880,2024-10-01,2029-09-30,2000000
101116390,2023-09-01,2028-08-31,1499138
101165168,2025-01-01,2029-12-31,1499750
101098308,2023-09-01,2028-08-31,2449676
101138423,2024-03-01,2025-08-31,150000
101165695,2025-09-01,2030-08-31,1499955
101054647,2022-09-01,2027-08-31,2499940
101162094,2025-10-01,2030-09-30,1500000
101116792,2024-08-01,2029-09-30,1728750
101138967,2023-10-01,2025-03-31,150000
101117404,2024-01-01,2028-12-31,1499920
101113408,2023-07-01,2024-12-31,150000
101170215,2025-06-01,2030-05-31,1987603
101086683,2023-11-01,2028-10-31,2972876
101114969,2024-03-01,2029-02-28,1499653
101088997,2023-09-01,2028-08-31,1989086
101054751,2022-09-01,2027-08-31,2493529
101087000,2024-01-01,2028-12-31,2000000
101189419,2025-01-01,2026-06-30,150000
101142870,2024-07-01,2029-06-30,2491628
101141909,2025-01-01,2029-12-31,2499451
101141290,2024-10-01,2029-09-30,2500000
101093572,2023-11-01,2028-10-31,2492250
101087053,2023-06-01,2028-05-31,1387005
101117267,2024-01-01,2028-12-31,1929674
101088394,2023-06-01,2028-05-31,1999993
101165903,2025-01-01,2029-12-31,1476476
101100837,2022-10-01,2024-03-31,150000
101055029,2023-01-01,2027-12-31,2500000
101117395,2024-02-01,2029-01-31,1490840
101141922,2024-09-01,2029-08-31,2312500
101077136,2023-07-01,2028-06-30,1499558
101076755,2024-01-01,2028-12-31,1499993
101088032,2023-10-01,2028-09-30,1996250
101165230,2025-09-01,2030-08-31,1499850
101116205,2024-01-01,2028-12-31,1499250
101141778,2025-01-01,2029-12-31,2497750
101164852,2025-03-01,2030-02-28,1874336
101097676,2024-01-01,2028-12-31,2499351
101125947,2024-09-01,2029-08-31,2201834
101164002,2025-01-01,2029-12-31,1499856
101170341,2025-06-01,2030-05-31,2000000
101169909,2025-04-01,2030-03-31,"1998612,5"
101054532,2023-04-01,2028-03-31,2625000
101123104,2023-11-01,2025-04-30,150000
101117519,2024-02-01,2029-01-31,1499910
101116768,2024-01-01,2028-12-31,1499875
101113441,2023-04-01,2024-09-30,150000
101055353,2023-01-01,2027-12-31,1904046
101125691,2024-06-01,2029-05-31,1994961
101089088,2024-01-01,2028-12-31,2000000
101157564,2024-04-01,2025-09-30,150000
101061890,2022-06-01,2023-11-30,150000
101112847,2023-09-01,2025-02-28,150000
101078365,2023-09-01,2028-08-31,1499728
101118625,2024-09-01,2030-08-31,9911396
101155767,2025-07-01,2030-06-30,"1807313,75"
101086010,2024-01-01,2028-12-31,1999788
101087480,2023-09-01,2028-08-31,2000000
101069402,2023-01-01,2024-06-30,150000
101095925,2023-10-01,2028-09-30,"2499997,5"
101087932,2024-01-01,2028-12-31,1522748
101082163,2022-09-01,2024-02-29,150000
101116284,2024-09-01,2029-08-31,1494150
101160608,2025-02-01,2030-01-31,1499309
101054957,2023-01-01,2027-12-31,2497298
101117186,2024-07-01,2029-06-30,1498111
101167218,2025-05-01,2031-04-30,9896897
101123525,2023-08-01,2025-06-30,150000
101082338,2023-01-01,2024-06-30,150000
101088488,2023-11-01,2028-10-31,1999864
101166131,2025-01-01,2029-12-31,1598495
101076190,2023-09-01,2028-08-31,1499281
101054421,2022-10-01,2027-09-30,1447893
101113474,2023-10-01,2025-03-31,150000
101122484,2024-06-01,2029-05-31,2000000
101078382,2023-04-01,2029-03-31,"2374358,75"
101087659,2023-09-01,2028-08-31,1932878
101054527,2023-01-01,2027-12-31,3500000
101163762,2025-01-01,2029-12-31,1500000
101101040,2023-04-01,2024-09-30,150000
101140720,2024-09-01,2029-08-31,2500000
101063371,2022-04-01,2023-09-30,150000
101158070,2025-01-01,2026-06-30,150000
101157112,2024-04-01,2025-09-30,150000
101125506,2024-05-01,2029-04-30,1998471
101053033,2022-10-01,2027-09-30,2412601
101098318,2023-06-01,2028-05-31,2500000
101053962,2022-09-01,2027-08-31,2422973
101171143,2025-03-01,2030-02-28,1999174
101088469,2023-03-01,2028-02-29,1991470
101116134,2024-01-01,2028-12-31,1658500
101088548,2023-11-01,2028-10-31,1998351
101052997,2022-10-01,2027-09-30,2499193
101165616,2024-12-01,2029-11-30,1499490
101161992,2025-01-01,2029-12-31,1496563
101088351,2023-12-01,2028-11-30,2495924
101053225,2022-10-01,2027-09-30,"2499965,75"
101069295,2022-09-01,2024-08-31,150000
101096064,2024-01-01,2028-12-31,3182846
101165231,2025-01-01,2029-12-31,1498680
101164889,2025-01-01,2029-12-31,1496660
101125482,2024-05-01,2029-04-30,1999934
101054387,2023-06-01,2028-05-31,2500000
101076425,2023-11-01,2028-10-31,1500000
101138214,2023-11-01,2025-04-30,150000
101138291,2024-01-01,2025-06-30,150000
101097830,2024-01-01,2028-12-31,3500000
101124973,2025-06-01,2030-05-31,1981951
101052761,2023-01-01,2027-12-31,2500000
101123407,2024-03-01,2025-08-31,150000
101189449,2024-09-01,2026-02-28,150000
101055176,2022-12-01,2027-11-30,2499155
101076837,2023-11-01,2028-10-31,1414937
101162812,2025-01-01,2029-12-31,1493750
101119164,2024-04-01,2030-03-31,13221969
101062237,2023-01-01,2024-06-30,150000
101189188,2024-11-01,2026-04-30,150000
101087572,2023-11-01,2028-10-31,1691875
101166915,2025-04-01,2031-03-31,13999317
101124921,2024-06-01,2029-05-31,1444033
101100873,2022-12-01,2024-05-31,150000
101076533,2023-04-01,2028-03-31,2473531
101094311,2023-09-01,2028-08-31,2495644
101146534,2024-05-01,2025-10-31,150000
101088408,2024-01-01,2028-12-31,1999655
101189443,2025-01-01,2026-06-30,150000
101213638,2025-04-01,2026-09-30,150000
101163931,2025-01-01,2029-12-31,1498175
101076166,2023-06-01,2028-05-31,1836780
101081970,2022-07-01,2023-12-31,150000
101116234,2024-01-01,2028-12-31,1499693
101124221,2024-04-01,2029-03-31,2200287
101116435,2024-04-01,2029-03-31,1489325
101088184,2023-07-01,2028-06-30,"1994937,5"
101055340,2023-01-01,2027-12-31,2500000
101077502,2023-04-01,2028-03-31,1495625
101116486,2023-11-01,2028-10-31,1497920
101089082,2023-12-01,2028-11-30,2000000
101115760,2024-03-01,2029-02-28,1476150
101213016,2025-06-01,2026-11-30,150000
101141820,2024-07-01,2029-06-30,2499999
101054894,2022-06-01,2027-05-31,"2498727,5"
101075989,2023-05-01,2028-04-30,1497790
101125630,2024-01-01,2028-12-31,2000000
101125261,2024-04-01,2029-03-31,1999754
101071386,2023-01-01,2028-12-31,9997500
101142769,2025-01-01,2029-12-31,2105840
101142157,2024-09-01,2029-08-31,"2499783,75"
101163321,2025-01-01,2029-12-31,1498820
101166930,2025-07-01,2031-06-30,9765000
101112763,2023-07-01,2024-12-31,150000
101115122,2023-12-01,2028-11-30,1500000
101162734,2025-04-01,2030-03-31,1978332
101069395,2022-07-01,2023-12-31,150000
101075354,2023-09-01,2028-08-31,1500000
101116161,2024-01-01,2028-12-31,1499368
101077722,2023-05-01,2028-04-30,1497883
101101098,2023-03-01,2024-08-31,150000
101113464,2023-07-01,2024-12-31,150000
101087876,2023-09-01,2028-08-31,1943750
101123972,2025-09-01,2030-08-31,2263509
101116408,2024-03-01,2029-02-28,1499688
101124789,2024-09-01,2029-08-31,1940875
101158233,2024-05-01,2025-10-31,150000
101101042,2023-03-01,2024-08-31,150000
101086997,2023-06-01,2028-05-31,"1997493,75"
101114995,2024-04-01,2029-03-31,1500000
101101077,2022-11-01,2024-04-30,150000
101188296,2024-10-01,2026-03-31,150000
101098319,2024-01-01,2028-12-31,1597750
101156725,2024-06-01,2025-11-30,150000
101117487,2024-03-01,2029-02-28,2499818
101125683,2024-09-01,2029-08-31,1998744
101124960,2024-09-01,2029-08-31,1997101
101125422,2025-02-01,2030-01-31,1703225
101142681,2024-06-01,2029-05-31,2499706
101069348,2022-04-01,2023-09-30,150000
101087533,2023-10-01,2028-09-30,2000000
101096650,2024-04-01,2029-03-31,2500000
101142538,2025-01-01,2029-12-31,2500000
101054307,2023-01-01,2027-12-31,2500000
101162723,2025-03-01,2030-02-28,1447000
101165100,2025-01-01,2029-12-31,1492798
101138196,2023-10-01,2025-03-31,150000
101125441,2024-09-01,2029-08-31,1917188
101075944,2023-05-01,2028-04-30,1498813
101117105,2024-01-01,2028-12-31,1499978
101113141,2023-05-01,2024-10-31,150000
101098020,2024-01-01,2028-12-31,2439071
101052964,2022-09-01,2027-08-31,1336250
101158035,2024-07-01,2025-12-31,150000
101078188,2023-11-01,2028-10-31,1500000
101142626,2024-07-01,2029-06-30,3479716
101078353,2023-05-01,2028-04-30,"1894858,75"
101126019,2024-06-01,2029-05-31,1908375
101096706,2023-11-01,2028-10-31,2499927
101087883,2023-10-01,2028-09-30,1999124
101163405,2025-01-01,2029-12-31,1441000
101077500,2024-04-01,2029-03-31,1497801
101087713,2023-09-01,2028-08-31,1999940
101162607,2025-01-01,2029-12-31,1498775
101095974,2023-11-01,2028-10-31,2499375
101087045,2023-12-01,2028-11-30,1999401
101071255,2023-09-01,2029-08-31,5334732
101071726,2023-06-01,2029-05-31,8520592
101116532,2023-12-01,2028-11-30,1500000
101123162,2023-09-01,2025-02-28,150000
101125731,2024-06-01,2029-05-31,2573296
101054656,2022-11-01,2027-10-31,2500000
101095721,2023-10-01,2028-09-30,2500000
101125961,2024-11-01,2029-10-31,2000000
101138690,2023-10-01,2025-03-31,150000
101213167,2025-03-01,2026-08-31,150000
101069186,2022-08-01,2024-08-31,150000
101076205,2023-10-01,2028-09-30,1468938
101161651,2025-04-01,2030-03-31,1472390
101069288,2022-09-01,2024-02-29,150000
101116945,2023-12-01,2028-11-30,1500000
101081998,2022-12-01,2024-11-30,150000
101097858,2023-10-01,2028-09-30,2500000
101118064,2024-07-01,2029-06-30,1831500
101167289,2025-04-01,2031-03-31,9992890
101117146,2024-01-01,2028-12-31,1500000
101054936,2023-01-01,2027-12-31,2019035
101088497,2023-09-01,2028-08-31,1864593
101165216,2025-01-01,2029-12-31,1497941
101088414,2024-01-01,2028-12-31,2000000
101170408,2025-02-01,2030-01-31,1950000
101087696,2023-09-01,2028-08-31,1999375
101077940,2023-04-01,2028-03-31,1622273
101118079,2024-04-01,2029-03-31,1603750
101123220,2023-07-01,2024-12-31,150000
101098236,2023-06-01,2028-05-31,2499276
101052786,2023-01-01,2027-12-31,2500000
101087263,2024-01-01,2028-12-31,1999750
101087838,2023-10-01,2028-09-30,1997244
101098095,2023-10-01,2028-09-30,2494813
101165036,2025-01-01,2029-12-31,1500000
101164162,2025-09-01,2030-08-31,2495360
101165868,2025-01-01,2029-12-31,1489798
101189352,2024-09-01,2026-02-28,150000
101087014,2023-10-01,2028-09-30,2802250
101088645,2024-01-01,2028-12-31,1927573
101187456,2025-01-01,2026-06-30,150000
101087343,2023-07-01,2028-06-30,"2533247,5"
101189496,2025-01-01,2026-06-30,150000
101171240,2025-06-01,2030-05-31,"1999403,75"
101100819,2023-02-01,2024-07-31,150000
101167328,2025-04-01,2031-03-31,10840961
101077555,2023-10-01,2028-09-30,1440500
101124342,2024-04-01,2029-03-31,1995289
101096057,2023-10-01,2028-09-30,2499957
101087404,2023-09-01,2028-08-31,1994360
101054836,2023-01-01,2027-12-31,2023956
101161994,2025-01-01,2029-12-31,1499979
101189340,2024-11-01,2026-04-30,150000
101069289,2022-09-01,2024-02-29,150000
101097155,2023-11-01,2028-10-31,2492303
101158377,2024-08-01,2026-01-31,150000
101116911,2024-01-01,2028-12-31,1500000
101124977,2024-12-01,2029-11-30,1998351
101161791,2025-01-01,2029-12-31,1864575
101075690,2023-09-01,2028-08-31,1496688
101138186,2023-11-01,2025-04-30,150000
101163939,2025-06-01,2030-05-31,1483126
101086145,2023-09-01,2028-08-31,2000000
101116395,2023-12-01,2028-11-30,1499285
101142229,2024-10-01,2029-09-30,2490000
101077361,2023-05-01,2028-04-30,1499061
101124892,2024-08-01,2029-07-31,2000000
101118565,2024-06-01,2030-05-31,12920328
101114895,2024-01-01,2028-12-31,1500000
101162903,2024-11-01,2029-10-31,1491250
101087575,2023-08-01,2028-07-31,1977285
101164874,2024-12-01,2029-11-30,1620500
101097763,2023-09-01,2028-08-31,2317848
101139828,2025-01-01,2029-12-31,2490000
101125695,2025-01-01,2029-12-31,2625000
101164936,2025-04-01,2030-03-31,1493750
101077489,2023-09-01,2028-08-31,1478000
101055270,2022-07-01,2027-06-30,2499375
101116685,2024-01-01,2028-12-31,1499750
101188929,2024-08-01,2026-01-31,150000
101068618,2022-05-01,2023-10-31,150000
101171139,2025-09-01,2030-08-31,1999995
101052360,2023-01-01,2027-12-31,2128708
101071613,2023-05-01,2029-04-30,8620835
101086805,2024-01-01,2028-12-31,1999000
101213158,2025-05-01,2026-10-31,150000
101076313,2023-08-01,2028-07-31,1813618
101097753,2023-12-01,2028-11-30,2499875
101053085,2023-01-01,2027-12-31,1476375
101125948,2024-05-01,2029-04-30,2676875
101098032,2023-09-01,2028-08-31,2499587
101188366,2025-01-01,2026-06-30,150000
101123223,2024-10-01,2029-09-30,1682500
101054654,2023-03-01,2028-02-29,2497438
101096347,2024-03-01,2029-02-28,2499993
101116212,2024-01-01,2028-12-31,1499888
101117633,2024-01-01,2028-12-31,1500000
101054564,2022-11-01,2027-10-31,2446645
101115792,2024-10-01,2029-09-30,1500000
101188255,2024-10-01,2026-03-31,150000
101117240,2024-01-01,2028-12-31,1499063
101158376,2024-03-01,2025-08-31,150000
101125476,2024-03-01,2029-02-28,1909500
101054340,2022-11-01,2027-10-31,2500000
101157312,2024-02-01,2025-07-31,150000
101116278,2024-01-01,2028-12-31,1500000
101094471,2023-10-01,2028-09-30,2107750
101119142,2024-02-01,2030-01-31,13998670
101075357,2023-01-01,2027-12-31,1499956
101076432,2023-09-01,2028-08-31,"1499228,75"
101078602,2023-07-01,2028-06-30,1490438
101098279,2024-01-01,2028-12-31,1807721
101076292,2023-09-01,2028-08-31,1500000
101097553,2024-01-01,2028-12-31,2497500
101088063,2024-04-01,2029-03-31,1999588
101088740,2024-01-01,2028-12-31,1999410
101124354,2024-11-01,2029-10-31,1999336
101055448,2022-09-01,2027-08-31,2496559
101158040,2024-06-01,2025-11-30,150000
101164799,2025-02-01,2030-01-31,1810745
101071882,2023-11-01,2029-10-31,8138040
101163270,2024-10-01,2029-09-30,1639528
101088303,2023-10-01,2028-09-30,1881875
101054741,2022-06-01,2027-11-30,2446001
101089093,2023-10-01,2028-09-30,1950000
101189009,2024-11-01,2026-04-30,150000
101126217,2024-09-01,2029-08-31,1999219
101069391,2022-06-01,2023-11-30,150000
101158067,2024-04-01,2025-09-30,150000
101169765,2025-12-01,2030-11-30,1998750
101189508,2024-10-01,2026-03-31,150000
101125807,2024-07-01,2029-06-30,1998750
101113421,2023-08-01,2025-01-31,150000
101158110,2024-06-01,2025-11-30,150000
101164551,2025-01-01,2029-12-31,1487870
101115901,2024-02-01,2029-01-31,1499875
101125031,2024-05-01,2029-04-30,2000000
101100870,2023-11-01,2025-04-30,150000
101114623,2024-05-01,2029-04-30,2211196
101077353,2023-10-01,2028-09-30,1499745
101116178,2024-01-01,2028-12-31,1498870
101163751,2025-01-01,2029-12-31,1500000
101163162,2025-06-01,2030-05-31,1487820
101116444,2023-12-01,2028-11-30,1499875
101163355,2025-03-01,2030-02-28,1500000
101091644,2022-12-01,2026-11-30,5475680
101138034,2024-01-01,2026-12-31,"11382948,5"
101096097,2023-02-01,2027-01-31,"5484542,25"
101146542,2024-06-01,2027-05-31,"18636667,6"
101139636,2024-01-01,2027-12-31,"9999358,63"
101103924,2023-05-01,2027-04-30,11998600
101123546,2023-11-01,2027-10-31,"7495872,5"
101057083,2022-06-01,2025-02-28,8052023
101137711,2024-01-01,2026-12-31,"3986716,25"
101152245,2024-08-01,2027-01-31,"226441,2"
101103552,2023-05-01,2027-04-30,"4673743,75"
101166337,2024-11-01,2028-10-31,"3998638,25"
101092621,2023-01-01,2026-12-31,2986494
101138191,2024-01-01,2026-12-31,"6955522,23"
101119726,2024-01-01,2027-12-31,"2707840,8"
101096789,2023-01-01,2026-12-31,"7313464,26"
101146669,2024-11-06,2026-11-05,"206887,68"
101136552,2024-08-01,2029-07-31,11801347
101121765,2023-09-01,2026-08-31,"928114,51"
101079398,2022-11-01,2025-10-31,1487733
101147078,2024-05-01,2027-04-30,"1995697,5"
101138356,2024-01-01,2025-06-30,150000
101093290,2023-01-01,2026-12-31,"2936877,26"
101142294,2024-11-01,2029-10-31,3351875
101062686,2023-01-12,2025-01-11,"206887,68"
101085759,2023-03-01,2027-02-28,253000
101169015,2025-01-01,2028-12-31,"4083364,8"
101152238,2025-01-06,2028-01-05,282168
101147451,2024-04-01,2027-09-30,"3969228,75"
101070600,2022-10-01,2026-09-30,2568721
101060800,2022-09-01,2026-08-31,"2503796,5"
101057970,2022-09-01,2025-08-31,4141166
101118531,2024-07-01,2030-06-30,10382670
101092984,2023-01-01,2025-12-31,4259360
101070255,2023-01-01,2026-06-30,"3588155,75"
101168955,2024-10-01,2028-09-30,"3928528,8"
101187908,2025-02-01,2028-01-31,2999266
101192555,2024-12-01,2028-11-30,"5298114,39"
101069905,2022-10-01,2026-09-30,"2996941,25"
101169238,2024-11-01,2028-10-31,"3370730,4"
101183109,2025-03-01,2029-02-28,1030400
101138319,2025-01-01,2028-06-30,"4630603,46"
101088639,2023-09-01,2028-08-31,1987355
101172657,2024-10-01,2027-09-30,"3955691,25"
101121842,2023-09-01,2027-02-28,"1807237,5"
101119897,2024-02-01,2028-01-31,"2710166,4"
101096504,2023-01-01,2025-06-30,5484377
101164660,2024-12-01,2029-11-30,1500000
101079717,2022-09-01,2025-02-28,3000000
101064544,2022-12-01,2024-11-30,"206887,68"
101072375,2023-02-01,2027-01-31,"1828303,2"
101069506,2022-01-01,2028-12-31,37000000
101067652,2022-05-01,2025-04-30,305928
101072560,2023-02-01,2027-01-31,"1525928,4"
101162306,2024-06-01,2026-05-31,300000
101188168,2025-03-01,2028-02-29,"9998828,75"
101062523,2022-09-01,2025-08-31,305928
101189612,2025-01-01,2027-12-31,5996250
101114795,2023-06-01,2025-11-30,997500
101147257,2024-06-01,2027-05-31,"2241603,75"
101169071,2024-10-01,2028-09-30,"3817562,4"
101114608,2023-07-01,2027-06-30,6128225
101061464,2022-04-01,2024-03-31,300000
101137560,2023-11-01,2027-10-31,"6998828,75"
101062049,2022-10-01,2025-06-30,"222727,68"
101102009,2022-07-01,2026-03-31,"40599047,36"
101150513,2024-04-01,2026-03-31,"206887,68"
101061694,2022-09-01,2026-08-31,"1863708,75"
101137954,2023-12-01,2027-05-31,"6355218,75"
101059984,2023-06-01,2025-05-31,"165312,96"
101096673,2023-01-01,2027-12-31,"8989977,5"
101116289,2024-06-01,2029-05-31,1844248
101178659,2024-10-01,2027-09-30,"10635440,6"
101171358,2025-10-01,2030-09-30,2000000
101196247,2025-02-01,2028-01-31,"4999522,5"
101073222,2022-09-01,2026-08-31,"2595355,2"
101136765,2024-01-01,2028-12-31,"4998467,3"
101096453,2023-01-01,2025-12-31,2990477
101092582,2022-12-01,2025-11-30,"5627249,5"
101084182,2022-10-01,2026-09-30,"2994491,25"
101119805,2024-01-01,2027-12-31,"3171187,2"
101102001,2022-12-01,2026-05-31,"53904131,53"
101157643,2024-09-01,2028-02-29,6099870
101169009,2024-10-01,2028-09-30,4063536
101118977,2024-02-01,2030-01-31,11835892
101119613,2023-10-01,2027-09-30,"2734279,2"
101164810,2024-09-01,2028-08-31,"14994601,58"
101163745,2024-10-01,2028-09-30,"4993952,25"
101060327,2022-10-01,2026-09-30,"2158320,5"
101138325,2024-01-01,2027-12-31,11193684
101150729,2024-05-01,2026-04-30,"222727,68"
101121840,2023-09-01,2025-08-31,1299750
101131146,2024-03-01,2028-02-29,892400
101177199,2025-09-01,2030-08-31,6877440
101091536,2023-01-01,2026-12-31,"5991891,25"
101057596,2022-09-01,2025-08-31,"5857773,5"
101135809,2024-01-01,2027-02-28,"4994312,5"
101112879,2023-05-30,2027-05-29,"9983780,5"
101119695,2023-09-01,2027-08-31,"2425514,4"
101094250,2023-05-01,2028-04-30,"9569677,5"
101168583,2024-11-01,2028-10-31,2671488
101158292,2024-04-01,2025-09-30,150000
101058694,2022-07-01,2025-06-30,"3583262,75"
101064084,2023-02-01,2025-01-31,"206887,68"
101072344,2023-03-01,2027-02-28,"3891441,6"
101163419,2025-04-01,2030-03-31,1488854
101081963,2022-11-01,2025-10-31,"3452700,5"
101086159,2023-03-01,2027-02-28,450800
101060361,2022-09-01,2026-08-31,"4735793,75"
101093261,2023-01-01,2026-12-31,3957329
101149748,2024-06-01,2026-05-31,"206887,68"
101101962,2022-12-01,2026-11-30,"15484001,32"
101178241,2025-01-01,2029-12-31,7164000
101070332,2022-10-01,2026-09-30,"5594130,25"
101060607,2022-10-01,2026-09-30,"8507457,25"
101116523,2024-06-01,2029-05-31,1499375
101079488,2023-01-01,2026-06-30,"1499996,25"
101116636,2023-09-01,2028-08-31,1749998
101118938,2024-02-01,2030-01-31,12985066
101087742,2024-02-01,2029-01-31,1786265
101073148,2022-09-01,2026-08-31,"2744560,8"
101122345,2023-11-01,2027-10-31,"4308772,5"
101077659,2023-05-01,2028-04-30,1500000
101083790,2023-01-01,2026-12-31,"5999980,5"
101082166,2023-01-01,2025-06-30,150000
101117338,2024-10-01,2029-09-30,1500000
101119427,2024-01-01,2027-12-31,"2526933,6"
101057775,2022-09-01,2027-08-31,8384036
101057385,2022-09-01,2027-08-31,"7856503,75"
101156533,2024-06-03,2028-06-02,"8497157,5"
101078193,2023-05-01,2028-04-30,1499750
101071417,2023-04-01,2029-03-31,9848970
101119956,2023-11-01,2027-10-31,"2721304,8"
101137358,2024-07-01,2028-06-30,"9442595,13"
101117478,2024-09-01,2029-08-31,2457970
101123293,2023-10-01,2026-09-30,4355400
101163973,2024-11-01,2029-10-31,1500000
101137506,2024-01-01,2028-12-31,"6170152,5"
101061314,2022-10-01,2025-09-30,2788250
101070405,2022-09-01,2026-02-28,"2399074,23"
101086453,2023-01-01,2026-12-31,763600
101060075,2022-11-01,2027-10-31,9480000
101067850,2023-09-01,2025-08-31,"165312,96"
101095522,2023-01-01,2026-06-30,"4468658,69"
101061645,2022-10-01,2025-09-30,3305295
101080167,2022-11-01,2025-10-31,"2648447,25"
101188007,2024-10-01,2026-03-31,150000
101056810,2022-09-01,2026-08-31,"4937621,5"
101104504,2022-09-08,2026-01-07,50000
101075330,2022-11-01,2025-10-31,"3978201,25"
101057438,2022-07-01,2026-06-30,6393734
101081515,2023-09-01,2028-08-31,5731200
101103076,2023-04-01,2027-03-31,"4170631,25"
101080928,2023-05-01,2027-04-30,2620000
101154622,2024-07-01,2026-06-30,191760
101057131,2022-09-01,2027-08-31,8377188
101094188,2023-01-01,2025-12-31,"1593312,5"
101094725,2023-01-01,2026-12-31,1688433
101152904,2024-09-01,2026-08-31,"206887,68"
101182455,2025-01-01,2027-12-31,"4995175,25"
101081179,2022-12-01,2026-11-30,"3850922,5"
101059511,2022-09-01,2026-02-28,"2630843,5"
101094742,2023-03-01,2026-02-28,2592095
101136679,2023-12-01,2027-11-30,3791075
101102004,2023-01-01,2026-12-31,"29906036,25"
101095556,2023-01-01,2026-12-31,"4788833,75"
101151283,2025-05-01,2027-04-30,"189687,36"
101130516,2024-09-01,2028-08-31,"6891176,39"
101168576,2025-01-01,2028-12-31,3957048
101165139,2025-01-01,2029-12-31,1499828
101071643,2023-10-01,2029-09-30,13800936
101103213,2023-04-01,2027-03-31,"3967406,25"
101183367,2025-01-01,2028-06-30,4999395
101060320,2022-09-01,2026-02-28,"1268251,23"
101135264,2024-01-01,2027-12-31,"5029696,25"
101086640,2023-01-01,2026-12-31,"4082528,75"
101131173,2024-01-01,2027-12-31,193200
101094651,2023-03-01,2026-02-28,"2649626,5"
101070617,2022-09-01,2025-08-31,"7434058,5"
101080528,2023-05-01,2028-04-30,"7369448,75"
101046109,2021-12-01,2026-11-30,"9998517,5"
101152690,2024-12-13,2026-12-12,"222727,68"
101080744,2023-06-01,2028-05-31,"3826043,75"
101195186,2024-08-01,2026-07-31,"1378272,5"
101056712,2022-09-01,2026-02-28,5824074
101157456,2024-05-01,2027-04-30,"3026332,5"
101137713,2024-01-01,2027-06-30,4545590
101072780,2023-02-01,2027-01-31,2703924
101145724,2024-03-01,2027-02-28,"3271990,5"
101131463,2023-12-01,2027-11-30,740600
101081460,2023-01-01,2026-12-31,"7027623,85"
101080430,2023-06-01,2027-05-31,"5910451,25"
101080947,2023-05-01,2029-04-30,5969125
101167843,2024-11-01,2028-10-31,"3946888,8"
101057127,2022-07-01,2026-06-30,2768240
101179116,2025-04-01,2030-03-31,1747200
101155873,2025-01-01,2029-12-31,"6970269,74"
101165869,2025-07-01,2030-06-30,1499826
101137625,2024-01-01,2027-12-31,"5449736,25"
101118934,2024-09-01,2030-08-31,9651263
101169565,2025-04-01,2030-03-31,1999004
101094527,2023-04-01,2026-03-31,2394901
101163722,2025-01-01,2029-12-31,1906138
101169266,2025-03-01,2029-02-28,"3693326,4"
101060481,2022-06-01,2026-05-31,"7355091,5"
101060410,2022-09-01,2025-08-31,"2317925,5"
101082176,2023-01-01,2025-12-31,"3877396,5"
101080997,2023-06-01,2027-05-31,"7871902,71"
101131841,2024-01-01,2026-12-31,"2618047,5"
101065974,2022-07-01,2024-06-30,"215534,4"
101070310,2022-10-01,2025-09-30,"4157054,5"
101168623,2025-03-01,2029-02-28,"2663654,4"
101103253,2023-07-01,2026-06-30,"5185037,5"
101060899,2022-10-01,2026-01-31,"2523764,75"
101083899,2022-11-01,2025-10-31,"2385240,75"
101103997,2024-01-01,2026-12-31,"4524762,5"
101150769,2024-10-01,2026-09-30,175920
101137283,2023-12-01,2026-11-30,"1773508,75"
101092908,2023-01-01,2025-12-31,7353640
101167287,2025-06-01,2031-05-31,9986500
101094817,2023-01-01,2025-12-31,1791500
101069765,2022-09-01,2026-02-28,"6796754,75"
101081983,2023-01-01,2025-12-31,"5994544,75"
101054629,2022-12-01,2027-11-30,2500000
101120135,2023-11-01,2027-10-31,"2536970,4"
101080964,2023-11-01,2028-10-31,"6320857,3"
101182847,2025-01-01,2028-12-31,515200
101126571,2024-01-01,2028-12-31,2419200
101132593,2024-01-01,2027-02-28,"3205366,85"
101120432,2024-03-01,2028-02-29,"2712247,2"
101096073,2023-02-01,2026-01-31,"2890339,25"
101123353,2023-10-01,2025-03-31,150000
101064175,2023-03-01,2025-02-28,191760
101137611,2024-03-01,2029-02-28,"8828774,82"
101056825,2022-09-01,2024-08-31,175920
101094347,2023-01-01,2025-12-31,"2695482,25"
101148870,2025-01-01,2026-12-31,175920
101069416,2022-09-01,2024-02-29,150000
101168161,2025-03-01,2029-02-28,"2234692,8"
101155175,2025-09-01,2027-08-31,175920
101103667,2023-06-01,2026-08-31,"4170167,5"
101064640,2022-09-01,2024-08-31,191760
101119873,2023-10-01,2027-09-30,"2736849,6"
101152450,2024-07-01,2026-06-30,175920
101073386,2022-09-01,2026-08-31,"2672925,6"
101073474,2023-02-01,2027-01-31,"2526076,8"
101096526,2023-01-01,2025-12-31,"4660693,25"
101154748,2025-09-01,2028-08-31,"266684,16"
101152236,2025-01-01,2026-12-31,191760
101151096,2024-09-01,2027-02-28,"234530,4"
101195079,2025-01-01,2025-12-31,"1092479,5"
101092861,2023-01-01,2025-12-31,6192686
101130009,2024-01-01,2027-12-31,368000
101154865,2025-06-15,2027-06-14,191760
101081455,2023-05-01,2028-04-30,1432800
101080374,2023-01-01,2026-12-31,1196000
101057795,2022-06-01,2025-05-31,1998894
101131481,2024-01-01,2027-12-31,1656000
101119608,2023-09-01,2027-08-31,"2683972,8"
101079466,2022-12-01,2025-11-30,"1174142,5"
101097101,2023-01-01,2025-12-31,"5883264,5"
101112135,2023-04-01,2028-03-31,"23032209,61"
101192749,2025-01-01,2027-12-31,7998595
101132586,2024-01-01,2027-12-31,"2998188,75"
101080249,2023-07-01,2028-06-30,8826970
101167171,2025-03-01,2031-02-28,8477534
101137237,2024-08-01,2028-07-31,"5952178,75"
101058245,2022-06-01,2025-05-31,"3579850,5"
101087573,2023-05-01,2028-04-30,1981765
101132352,2024-01-01,2027-06-30,"2999968,75"
101116229,2024-04-01,2029-03-31,1499721
101057816,2022-06-01,2026-05-31,"8039600,25"
101070076,2022-09-01,2025-08-31,"2999105,75"
101146373,2025-04-01,2028-09-30,328722
101130456,2023-11-01,2027-10-31,1614600
101059903,2023-09-01,2029-08-31,14652000
101061256,2022-10-01,2026-09-30,"2746211,25"
101156622,2025-01-01,2029-12-31,"7991696,34"
101073265,2022-09-01,2027-09-30,"2333469,6"
101177428,2025-01-01,2027-12-31,3000000
101092043,2023-01-01,2025-12-31,5986186
101070112,2022-09-01,2026-08-31,"4966017,5"
101058779,2022-06-01,2025-02-28,2799149
101096487,2023-01-01,2026-12-31,"5116012,5"
101138476,2024-01-01,2027-12-31,"9487573,87"
101095947,2022-12-01,2025-11-30,"15430543,81"
101113355,2024-02-01,2025-07-31,150000
101163472,2025-01-01,2029-12-31,1439590
101146980,2025-09-01,2027-08-31,"199694,4"
101126626,2024-01-01,2028-12-31,1623840
101132524,2024-01-01,2026-12-31,"3618358,15"
101069535,2022-10-01,2025-09-30,4015550
101139777,2024-09-01,2027-08-31,"10894157,75"
101137624,2024-01-01,2027-12-31,"3547090,21"
101120544,2024-01-01,2027-12-31,"2653495,2"
101191695,2024-11-01,2028-10-31,"7811627,5"
101177307,2025-01-01,2027-12-31,3066306
101095659,2023-01-01,2025-12-31,"3711083,75"
101112109,2023-06-01,2026-05-31,"9079811,33"
101177484,2025-01-01,2028-06-30,"2914873,5"
101066936,2023-09-01,2025-08-31,"215534,4"
101189836,2024-12-01,2028-11-30,7975530
101147688,2025-01-01,2027-12-31,"7830052,75"
101147094,2024-06-01,2028-05-31,"7623420,99"
101091895,2022-12-01,2026-11-30,"11963524,5"
101082040,2023-06-01,2026-05-31,"4858619,64"
101154320,2025-08-18,2027-08-17,"215534,4"
101150325,2024-09-02,2026-09-01,"215534,4"
101058174,2022-09-01,2026-08-31,16271448
101073922,2022-09-01,2025-08-31,"2678523,88"
101137457,2024-01-01,2027-12-31,7144790
101137115,2024-01-01,2027-12-31,"8046366,25"
101135012,2024-01-01,2026-12-31,"4331726,25"
101061450,2022-09-05,2025-03-04,269418
101056857,2022-05-01,2025-10-31,5998877
101135787,2024-06-01,2028-05-31,"4813147,5"
101150357,2024-06-01,2026-05-31,"215534,4"
101045956,2021-08-01,2025-07-31,"9994977,5"
101069182,2022-08-01,2024-01-31,150000
101132543,2024-01-01,2026-12-31,"2706517,5"
101112887,2023-03-01,2024-08-31,150000
101095065,2023-01-01,2025-12-31,"2493650,25"
101076207,2023-03-01,2028-02-29,1495500
101094816,2023-06-01,2026-05-31,"2998012,5"
101061173,2022-09-07,2024-09-06,"215534,4"
101178011,2025-01-01,2028-12-31,10678045
101070440,2022-09-01,2025-08-31,"2746950,25"
101178351,2024-10-01,2028-09-30,14999977
101137742,2024-01-01,2027-12-31,"4130318,75"
101094211,2023-03-01,2026-02-28,"2698655,75"
101188078,2025-01-01,2027-12-31,"4993279,21"
101087950,2023-08-01,2028-07-31,1923180
101119746,2023-09-01,2026-08-31,4999648
101156210,2024-12-01,2029-11-30,"11998512,63"
101169720,2025-09-01,2030-08-31,2000000
101132474,2024-03-01,2028-02-29,"2699644,75"
101075592,2022-10-01,2026-09-30,"7602980,5"
101179145,2024-12-01,2029-11-30,2005920
101191726,2025-01-01,2029-12-31,"7999581,25"
101192598,2025-02-01,2029-01-31,"4533911,5"
101119643,2024-01-01,2027-12-31,"4038994,8"
101137227,2024-01-01,2027-06-30,"8141251,25"
101147225,2025-01-01,2028-06-30,"4999391,45"
101137786,2024-01-01,2027-12-31,"4990769,76"
101096133,2023-01-01,2025-12-31,"2996544,75"
101057294,2022-10-01,2025-09-30,5999694
101119884,2024-01-01,2027-12-31,"2512687,8"
101062225,2022-10-01,2024-09-30,"215534,4"
101065293,2022-10-01,2025-09-30,"302331,36"
101058179,2022-06-01,2025-05-31,8939318
101137914,2024-06-01,2028-05-31,3829180
101132379,2023-11-01,2028-10-31,10744280
101192395,2025-02-01,2028-11-30,"3498191,5"
101177368,2024-12-01,2027-11-30,"6999228,37"
101137359,2024-01-01,2027-12-31,"3998161,25"
101137278,2024-01-01,2027-12-31,9673490
101097011,2023-02-01,2025-01-31,"2247519,75"
101079894,2023-04-01,2027-03-31,"5906596,25"
101102003,2023-01-01,2025-12-31,"9959306,89"
101087257,2023-01-01,2026-12-31,4994500
101119442,2024-01-01,2027-12-31,"2589847,2"
101139194,2024-01-01,2026-12-31,"2994474,25"
101096146,2023-01-01,2025-12-31,14974567
101069651,2023-01-01,2026-12-31,"4604616,25"
101140567,2024-01-01,2026-12-31,25705000
101059523,2022-11-01,2026-10-31,6653072
101087215,2023-02-01,2028-01-31,"2499017,5"
101086492,2023-01-01,2026-12-31,883200
101115709,2024-01-01,2028-12-31,1965063
101070634,2022-09-01,2026-02-28,7952677
101147385,2024-06-01,2027-11-30,4479124
101058570,2022-06-01,2026-05-31,4875569
101159708,2024-06-01,2027-05-31,"1199411,25"
101192661,2025-01-01,2028-06-30,7426096
101131479,2023-11-01,2027-10-31,1600800
101146673,2024-09-01,2026-08-31,"169326,72"
101091780,2023-01-01,2026-06-30,"5994489,25"
101188365,2024-12-01,2027-11-30,"2997874,75"
101091462,2023-01-01,2025-12-31,"4499512,13"
101138411,2023-12-01,2027-11-30,"9389662,5"
101094364,2023-01-01,2025-12-31,2640875
101096909,2023-01-01,2025-12-31,"4612555,5"
101094546,2023-10-01,2026-09-30,"2915673,25"
101177783,2024-12-01,2027-11-30,2999000
101058089,2022-04-01,2026-03-31,8903632
101139134,2024-01-01,2026-12-31,"3967251,25"
101162161,2024-04-01,2026-03-31,299250
101091800,2023-01-01,2026-06-30,5683670
101093079,2023-01-01,2026-06-30,7983840
101104589,2023-05-01,2028-04-30,"5415012,5"
101094416,2023-01-01,2026-06-30,"3499742,5"
101072443,2023-02-01,2027-01-31,"2618733,6"
101193001,2025-02-01,2028-01-31,3000000
101061509,2023-01-01,2025-12-31,"2779937,5"
101111972,2023-06-01,2027-05-31,"5627595,94"
101070586,2022-07-01,2025-06-30,4820000
101059870,2022-07-01,2025-06-30,1339250
101101946,2023-01-01,2025-12-31,"2998491,25"
101061141,2022-04-01,2024-01-31,"298962,5"
101093069,2023-01-01,2025-12-31,"7153035,38"
101091891,2022-12-01,2026-05-31,3810103
101069053,2022-09-01,2024-08-31,"181152,96"
101057639,2022-06-01,2025-11-30,"5650442,81"
101094998,2023-03-01,2026-02-28,"2999388,5"
101103681,2023-05-01,2026-04-30,"3614902,5"
101168011,2024-11-01,2027-10-31,"3998855,36"
101135168,2023-10-01,2027-09-30,3967284
101057271,2022-09-01,2026-08-31,6662223
101147196,2025-09-01,2027-08-31,"153486,72"
101091449,2023-01-01,2025-12-31,"4439898,75"
101137301,2024-01-01,2027-12-31,17591490
101162096,2025-01-01,2029-12-31,1499670
101126320,2024-01-01,2029-08-31,1979844
101132488,2024-10-01,2027-09-30,"2952857,5"
101073307,2023-01-01,2026-12-31,"2592784,8"
101141972,2025-01-01,2029-12-31,2499995
101055397,2023-01-01,2027-12-31,2332184
101184989,2025-01-01,2029-12-31,"9999846,25"
101142132,2025-01-01,2029-12-31,3195850
101060464,2022-10-01,2026-03-31,"3206687,5"
101060717,2022-09-01,2027-02-28,"11182035,01"
101164084,2025-01-01,2029-12-31,1500000
101076062,2023-01-01,2027-12-31,1500000
101183460,2025-01-01,2028-12-31,14738820
101169127,2024-10-01,2029-09-30,"4011859,2"
101056841,2022-06-01,2026-05-31,"6204906,5"
101081276,2023-10-01,2026-09-30,2997875
101169527,2024-12-01,2028-11-30,"2754276,8"
101120085,2024-01-01,2027-12-31,"2553739,2"
101081464,2023-06-01,2027-05-31,"6678922,5"
101081322,2023-01-01,2026-12-31,5499941
101163781,2024-11-01,2028-04-30,3038705
101067731,2022-05-01,2023-10-31,150000
101095230,2023-04-01,2027-03-31,3103875
101141674,2025-01-01,2029-12-31,2500000
101116599,2024-01-01,2028-12-31,2215408
101177225,2025-02-01,2028-01-31,"2999283,28"
101182338,2025-02-01,2029-01-31,"9999435,75"
101194780,2025-01-01,2029-12-31,"15179207,5"
101086522,2023-01-01,2026-12-31,"2994746,75"
101168851,2024-10-01,2028-09-30,"4113597,6"
101086248,2023-01-01,2026-12-31,1301800
101076726,2023-09-01,2028-08-31,1663193
101136216,2024-01-01,2027-06-30,17999755
101117530,2024-03-01,2029-02-28,1500000
101093864,2023-01-01,2027-02-28,"19999772,5"
101137613,2024-01-01,2027-12-31,"6845417,25"
101112841,2023-06-01,2026-05-31,"2918968,75"
101095449,2023-01-01,2026-12-31,"9376995,25"
101141953,2025-01-01,2029-12-31,2480541
101136955,2024-09-01,2028-08-31,6500000
101137255,2024-01-01,2028-12-31,"5920338,88"
101067490,2023-09-01,2025-08-31,"187624,32"
101094872,2023-03-01,2026-02-28,"2995562,23"
101120480,2024-02-01,2028-01-31,2735136
101138650,2024-03-01,2025-08-31,150000
101184775,2025-01-01,2028-12-31,"5986157,5"
101060309,2022-07-01,2026-06-30,"5337547,5"
101115046,2024-04-01,2029-03-31,1500000
101080238,2023-07-01,2028-06-30,"5416580,34"
101093198,2023-09-01,2028-08-31,2500000
101157882,2024-09-01,2026-02-28,150000
101181981,2025-02-01,2029-07-31,6233144
101057499,2022-09-01,2027-08-31,7830787
101073510,2022-09-01,2026-08-31,"2803940,4"
101081020,2023-06-01,2027-11-30,5562880
101158034,2024-05-01,2025-10-31,150000
101063969,2022-07-01,2024-10-31,"187624,32"
101076859,2023-05-01,2028-04-30,1937138
101149941,2024-11-01,2026-10-31,"203464,32"
101134861,2024-02-01,2028-01-31,"5521184,25"
101121172,2023-12-01,2026-11-30,4997020
101141764,2025-01-01,2029-12-31,2499980
101177574,2025-01-01,2027-12-31,3197385
101072686,2023-01-01,2026-12-31,"2635624,8"
101120393,2023-10-01,2026-09-30,"4283037,5"
101093202,2023-01-01,2025-12-31,"4998062,5"
101137656,2024-04-01,2028-03-31,6648370
101095375,2024-01-01,2028-12-31,2685625
101137468,2024-01-01,2027-12-31,5999895
101093854,2023-01-01,2026-12-31,2050000
101132315,2024-01-01,2027-12-31,"4985727,5"
101172911,2024-10-01,2028-09-30,"4015911,5"
101163280,2025-01-01,2029-12-31,1499140
101083857,2023-06-01,2027-11-30,"5839379,5"
101060423,2022-09-01,2026-08-31,"4995355,83"
101147417,2024-09-01,2026-08-31,"203464,32"
101059954,2022-09-01,2026-08-31,"5063631,25"
101165000,2025-03-01,2030-02-28,1500000
101086783,2023-12-01,2028-11-30,1999999
101112973,2023-04-01,2024-09-30,150000
101120312,2023-09-01,2027-08-31,2711880
101166227,2025-01-01,2030-12-31,31538000
101122863,2024-05-01,2029-04-30,2000000
101106720,2023-12-01,2025-11-30,"206887,68"
101108122,2023-11-01,2025-10-31,"215534,4"
101109659,2023-09-15,2026-09-14,"296296,32"
101109361,2023-11-01,2025-10-31,175920
101105402,2024-09-01,2027-08-31,"265099,2"
101106415,2023-05-01,2025-04-30,"195914,88"
101105420,2024-04-01,2026-03-31,"165312,96"
101105696,2023-07-01,2025-06-30,175920
101106048,2023-04-01,2025-03-31,"199694,4"
101109769,2024-02-01,2027-01-31,"261380,64"
101110529,2024-09-01,2026-08-31,"214934,4"
101105332,2023-10-05,2026-10-04,"271743,84"
101105967,2024-01-01,2027-06-30,"336006,72"
101110740,2023-06-01,2025-05-31,"226751,04"
101110587,2023-08-01,2025-07-31,191760
101110852,2024-02-01,2026-01-31,"210911,04"
101103218,2023-12-01,2025-11-30,175920
101109284,2024-03-07,2026-03-06,"165312,96"
101106525,2023-08-01,2025-07-31,"165312,96"
101106654,2023-05-01,2025-04-30,"211754,88"
101104848,2023-10-01,2025-09-30,"165312,96"
101110925,2024-01-02,2026-01-01,"156778,56"
101109035,2024-09-01,2026-08-31,"181152,96"
101106667,2024-01-01,2025-12-31,"172750,08"
101111515,2024-02-15,2027-08-14,"356093,04"
101107602,2024-04-08,2026-04-07,"172750,08"
101108486,2023-07-01,2025-06-30,"188590,08"
101108496,2024-09-01,2026-08-31,"173847,36"
101107396,2023-06-01,2025-05-31,"215534,4"
101110227,2024-09-01,2027-08-31,"310636,32"
101106524,2023-10-01,2025-09-30,"189687,36"
101111405,2024-06-01,2026-05-31,"183600,96"
101103006,2023-10-01,2025-09-30,"171399,36"
101109703,2024-06-01,2026-05-31,164328
101106585,2024-03-01,2026-02-28,"189687,36"
101107561,2024-05-01,2026-04-30,"165312,96"
101107408,2023-10-01,2025-09-30,"165312,96"
101108395,2023-04-01,2025-03-31,"199440,96"
101109916,2023-07-01,2026-06-30,"265099,2"
101110097,2024-02-01,2026-01-31,"203464,32"
101109963,2023-07-01,2025-06-30,"215534,4"
101104264,2023-04-01,2025-09-30,"226441,2"
101106909,2023-09-01,2025-08-31,"188590,08"
101108084,2023-10-01,2026-09-30,"294284,64"
101110007,2024-09-01,2026-08-31,"172750,08"
101106582,2023-05-02,2025-05-01,"210911,04"
101106831,2023-10-01,2025-09-30,"203464,32"
101107061,2023-10-02,2025-10-01,"195914,88"
101105762,2023-08-01,2025-07-31,191760
101106707,2023-05-01,2025-04-30,"165312,96"
101108878,2023-09-01,2025-08-31,"230774,4"
101103631,2023-04-01,2025-03-31,"210911,04"
101105293,2023-11-01,2025-10-31,"214934,4"
101106090,2023-10-01,2025-09-30,"195914,88"
101106688,2023-10-01,2026-09-30,279120
101106544,2023-06-01,2025-05-31,"188590,08"
101110569,2023-05-01,2025-04-30,"173847,36"
101108819,2023-04-01,2025-03-31,"206887,68"
101108434,2023-07-01,2025-06-30,"199440,96"
101105761,2024-09-01,2026-08-31,"173847,36"
101106068,2023-07-01,2025-06-30,"181152,96"
101105991,2023-09-01,2025-08-31,"215534,4"
101104439,2023-10-23,2025-10-22,"181152,96"
101104148,2024-04-01,2026-03-31,"181152,96"
101108590,2024-09-01,2026-08-31,175920
101111071,2024-02-01,2026-01-31,"199694,4"
101104619,2024-03-01,2026-02-28,"173847,36"
101107752,2024-02-01,2026-01-31,"187624,32"
101109609,2023-09-01,2025-08-31,"171521,28"
101105556,2024-04-22,2027-04-21,"265099,2"
101109276,2023-04-01,2025-03-31,"165312,96"
101105092,2023-05-01,2025-04-30,"214934,4"
101107993,2024-09-01,2026-08-31,"165312,96"
101106554,2023-11-01,2026-10-31,"265099,2"
101109772,2023-10-01,2025-09-30,"199694,4"
101109675,2023-10-02,2025-10-01,"156778,56"
101109760,2024-07-01,2026-06-30,"172618,56"
101109652,2023-09-01,2025-08-31,"165312,96"
101107440,2023-09-01,2025-08-31,"210911,04"
101110609,2023-05-01,2025-04-30,"222727,68"
101108043,2024-02-01,2026-01-31,"172750,08"
101108690,2024-01-01,2025-12-31,191760
101109605,2023-10-01,2025-11-30,"165312,96"
101108993,2023-09-01,2025-08-31,175920
101106224,2024-09-01,2027-08-31,"309951,36"
101106374,2023-06-01,2025-05-31,"230774,4"
101108938,2024-01-01,2026-12-31,"265647,84"
101108587,2023-11-01,2025-10-31,"165312,96"
101107007,2023-09-01,2025-08-31,175920
101105364,2024-02-01,2026-01-31,"203464,32"
101109258,2023-06-01,2025-05-31,"156778,56"
101108815,2023-10-02,2025-10-01,"156778,56"
101106565,2023-10-01,2025-09-30,"173847,36"
101107906,2023-12-16,2025-12-15,"172750,08"
101109919,2023-05-01,2025-10-31,"206641,2"
101106210,2024-01-01,2025-12-31,"195914,88"
101110903,2023-10-01,2025-09-30,"188590,08"
101108537,2024-06-28,2026-06-27,191760
101106468,2023-09-01,2025-08-31,"215534,4"
101107577,2024-09-01,2026-08-31,"210911,04"
101108006,2023-10-01,2025-09-30,"210789,12"
101106973,2024-09-01,2026-08-31,"199440,96"
101106754,2024-04-01,2026-03-31,"215534,4"
101109330,2023-07-01,2024-07-31,"86923,68"
101111333,2024-03-01,2026-08-31,"225843,6"
101106028,2024-03-01,2027-02-28,282168
101109383,2023-09-01,2025-08-31,"165312,96"
101107182,2023-10-01,2025-09-30,"215534,4"
101110927,2024-02-01,2026-01-31,"183174,24"
101109574,2023-09-01,2025-08-31,"210789,12"
101109123,2023-05-01,2025-04-30,"181152,96"
101106882,2023-08-01,2025-07-31,"162499,2"
101109204,2023-10-01,2025-09-30,"189687,36"
101108475,2023-06-01,2025-05-31,"195914,88"
101109320,2024-01-01,2025-12-31,"165312,96"
101108945,2023-07-10,2025-07-09,164328
101110315,2024-09-01,2027-08-31,"252724,32"
101111447,2024-08-15,2026-08-14,"189687,36"
101105237,2024-01-01,2025-12-31,"187624,32"
101105443,2023-11-01,2025-10-31,"199440,96"
101108651,2023-09-01,2025-08-31,"172750,08"
101107460,2023-09-01,2025-08-31,175920
101109914,2024-08-01,2026-07-31,"226751,04"
101107884,2023-09-01,2025-08-31,"230774,4"
101107938,2024-06-01,2026-05-31,"226751,04"
101108534,2023-09-01,2025-08-31,175920
101108682,2024-09-01,2026-08-31,"211754,88"
101106626,2023-06-01,2025-05-31,"165312,96"
101104004,2024-03-01,2026-02-28,"172750,08"
101109435,2024-01-01,2025-12-31,"172618,56"
101105479,2024-01-01,2025-12-31,"195914,88"
101107573,2023-09-01,2026-11-30,"313118,76"
101107472,2023-03-10,2025-03-09,"189687,36"
101108572,2023-11-01,2025-10-31,"210911,04"
101109510,2023-05-01,2025-04-30,"215534,4"
101105218,2023-06-19,2025-06-18,"181152,96"
101108461,2023-07-01,2025-06-30,"173847,36"
101108695,2023-10-01,2025-09-30,"172750,08"
101111183,2023-09-01,2025-08-31,"172750,08"
101108015,2023-08-01,2025-07-31,"215534,4"
101110656,2024-03-01,2026-02-28,"183600,96"
101108995,2024-09-01,2026-08-31,"214934,4"
101107989,2023-04-01,2025-03-31,"189687,36"
101106200,2023-07-01,2025-12-31,"235737,6"
101105834,2024-01-01,2025-12-31,"203464,32"
101108930,2023-12-01,2025-11-30,175920
101105252,2023-06-01,2025-05-31,"187624,32"
101108907,2024-09-01,2026-08-31,"183600,96"
101108089,2023-04-01,2025-03-31,"215534,4"
101103499,2024-08-01,2026-07-31,"199694,4"
101109111,2023-11-01,2025-10-31,"181152,96"
101109166,2023-09-01,2026-08-31,"289407,84"
101105584,2024-09-01,2026-08-31,"188590,08"
101105349,2024-01-15,2027-01-14,"265099,2"
101108883,2025-04-01,2028-03-31,"288859,2"
101105918,2024-12-01,2026-11-30,"187624,32"
101105229,2024-09-01,2026-08-31,"211754,88"
101110604,2023-06-01,2026-06-30,"203464,32"
101110229,2024-09-01,2027-08-31,"289407,84"
101106386,2023-08-01,2025-07-31,"199440,96"
101105786,2024-01-01,2025-12-31,"203464,32"
101105641,2024-09-01,2026-08-31,"188590,08"
101103474,2024-06-01,2026-05-31,"181152,96"
101107873,2024-09-01,2027-02-28,"254330,4"
101107774,2023-10-16,2025-10-15,"181152,96"
101109056,2024-06-01,2026-05-31,"215534,4"
101108081,2023-05-01,2025-04-30,"165312,96"
101106469,2024-06-01,2026-05-31,"210911,04"
101106986,2024-03-18,2026-03-17,"181152,96"
101109013,2024-01-01,2025-12-31,"141782,4"
101109483,2024-02-01,2026-01-31,"226751,04"
101105684,2024-09-01,2026-08-31,"189687,36"
101109138,2023-10-01,2025-09-30,"181152,96"
101106349,2023-06-01,2025-05-31,"181152,96"
101107454,2023-09-04,2025-09-03,"211754,88"
101107344,2023-09-01,2025-08-31,191760
101107050,2023-10-01,2025-09-30,"215534,4"
101109977,2023-09-01,2025-08-31,"195914,88"
101106945,2023-10-01,2025-09-30,"181152,96"
101108639,2024-07-01,2026-06-30,"189687,36"
101107942,2023-10-01,2025-09-30,"200538,24"
101110000,2023-04-01,2025-03-31,"181152,96"
101111036,2023-09-18,2026-09-17,"288859,2"
101103113,2024-05-06,2026-05-05,"215534,4"
101107635,2024-02-01,2026-01-31,"165312,96"
101107478,2023-06-01,2025-05-31,"199694,4"
101106142,2024-01-01,2026-09-30,"275008,56"
101106488,2024-08-01,2027-07-31,"270829,44"
101109856,2024-01-16,2026-01-15,"165312,96"
101109440,2024-08-19,2026-08-18,"206887,68"
101107176,2023-04-01,2025-09-30,"234530,4"
101109576,2023-09-01,2025-08-31,"195914,88"
101109448,2024-01-01,2025-12-31,"211754,88"
101109192,2023-10-01,2025-09-30,191760
101110870,2024-09-01,2026-08-31,"189687,36"
101109776,2023-06-01,2025-05-31,"153486,72"
101109673,2023-10-16,2025-10-15,"199440,96"
101109363,2023-06-01,2025-05-31,"195914,88"
101107953,2023-05-01,2025-04-30,"195914,88"
101108476,2023-09-01,2025-11-30,"218666,88"
101106129,2023-12-01,2025-11-30,"214934,4"
101106063,2023-10-01,2025-09-30,"181152,96"
101111014,2023-10-01,2025-09-30,"195914,88"
101109642,2024-09-01,2026-08-31,"165312,96"
101103114,2023-06-01,2025-05-31,"195914,88"
101109409,2024-09-01,2026-08-31,"195914,88"
101105864,2024-09-01,2026-08-31,"165312,96"
101108391,2024-09-01,2026-08-31,"230774,4"
101103110,2023-05-15,2025-05-14,191760
101108579,2024-09-01,2026-08-31,"183600,96"
101106155,2023-08-01,2025-07-31,"183600,96"
101111251,2023-04-01,2025-03-31,"173847,36"
101107384,2023-09-01,2026-02-28,"237109,2"
101108659,2023-11-01,2025-10-31,"165312,96"
101106576,2023-06-01,2025-05-31,"173847,36"
101108175,2024-09-01,2026-08-31,"165312,96"
101110264,2024-09-01,2026-08-31,"173847,36"
101107735,2024-01-01,2026-12-31,"221390,88"
101104953,2024-06-01,2026-05-31,"203464,32"
101103200,2023-06-01,2026-06-30,"192125,76"
101111544,2024-09-01,2026-08-31,"171399,36"
101109529,2024-07-01,2026-06-30,"165312,96"
101103353,2024-03-01,2025-02-28,"86309,28"
101110867,2024-09-01,2026-08-31,"173847,36"
101109231,2023-09-01,2025-08-31,"164950,08"
101109269,2024-01-01,2026-12-31,"288859,2"
101108702,2023-08-01,2025-07-31,"173847,36"
101106539,2023-04-01,2025-09-30,"254330,4"
101109254,2023-06-01,2025-05-31,"195914,88"
101106805,2024-07-01,2026-06-30,"206887,68"
101110520,2024-01-01,2025-12-31,175920
101110288,2023-08-01,2026-07-31,"265647,84"
101110770,2024-09-01,2026-08-31,"165312,96"
101110722,2023-07-01,2025-06-30,"148478,4"
101103230,2023-10-01,2025-09-30,"173847,36"
101111407,2024-09-01,2026-08-31,"188590,08"
101107902,2023-12-11,2026-12-10,"265099,2"
101108738,2024-02-01,2026-07-31,"234530,4"
101106820,2024-09-01,2028-02-29,"328251,12"
101111215,2023-04-01,2025-03-31,"187624,32"
101110658,2024-09-01,2026-08-31,"173847,36"
101109026,2024-01-01,2025-12-31,"94843,68"
101109118,2024-09-01,2026-08-31,"183600,96"
101106872,2023-07-01,2025-06-30,"181152,96"
101106941,2023-10-01,2025-09-30,175920
101105995,2024-09-01,2026-08-31,"222727,68"
101108080,2024-09-01,2026-08-31,"214934,4"
101104590,2023-07-01,2025-06-30,"222727,68"
101107213,2024-09-01,2026-08-31,"166278,72"
101106038,2023-09-16,2026-03-15,"236499,6"
101106070,2023-06-01,2025-05-31,"220908,48"
101105954,2024-04-01,2026-03-31,"199694,4"
101104968,2024-03-01,2027-02-28,"297164,16"
101109272,2024-06-01,2026-05-31,"188590,08"
101108559,2025-06-15,2027-06-14,"189687,36"
101105123,2024-01-01,2025-12-31,"188590,08"
101106569,2023-11-01,2025-10-31,"187624,32"
101107322,2024-09-01,2026-08-31,"188590,08"
101105757,2023-09-01,2025-08-31,"180790,08"
101110967,2023-09-01,2025-08-31,"211754,88"
101102982,2024-08-01,2026-07-31,"189687,36"
101111112,2023-10-01,2025-09-30,"215534,4"
101110130,2024-09-01,2026-08-31,"222727,68"
101108327,2023-04-01,2025-03-31,"206887,68"
101105208,2024-01-01,2025-08-31,"137760,8"
101102858,2024-09-01,2026-08-31,"166278,72"
101107452,2024-09-01,2026-08-31,"206887,68"
101106204,2023-06-15,2025-06-14,"222727,68"
101108012,2024-03-01,2026-02-28,"230774,4"
101107447,2023-04-01,2025-03-31,"173847,36"
101109451,2024-01-01,2026-12-31,"272536,32"
101108892,2023-06-01,2025-05-31,"165312,96"
101105116,2023-08-01,2025-07-31,"153486,72"
101108288,2024-03-01,2026-08-31,"244893,6"
101107032,2023-07-03,2025-07-02,"156778,56"
101108427,2024-09-01,2026-08-31,"195914,88"
101111156,2024-01-01,2025-12-31,"189687,36"
101106951,2024-09-01,2026-08-31,"189687,36"
101109832,2023-09-01,2025-08-31,"181152,96"
101109173,2023-07-01,2025-06-30,"195914,88"
101109472,2023-09-01,2025-08-31,"187624,32"
101110878,2024-01-01,2026-06-30,"263638,8"
101110098,2024-09-01,2026-08-31,"165312,96"
101108465,2023-11-15,2025-08-14,"165976,44"
101108777,2023-10-01,2025-09-30,"189687,36"
101109465,2023-05-01,2025-04-30,"165312,96"
101105509,2023-09-01,2025-08-31,"187624,32"
101105804,2023-10-01,2025-09-30,"206887,68"
101105452,2023-09-01,2025-08-31,"141782,4"
101108965,2023-12-01,2025-11-30,175920
101104725,2023-11-01,2025-10-31,"203464,32"
101103965,2024-07-01,2026-06-30,"183600,96"
101105768,2023-10-01,2025-09-30,"195914,88"
101104502,2024-09-01,2027-02-28,"234530,4"
101107394,2024-09-01,2026-08-31,191760
101102950,2023-10-01,2025-09-30,191760
101110795,2023-08-01,2025-07-31,"189687,36"
101110555,2024-05-13,2026-05-12,"189687,36"
101107092,2024-02-01,2026-01-31,"189687,36"
101106307,2023-10-01,2026-09-30,"287152,32"
101102708,2024-02-01,2026-01-31,"166278,72"
101102337,2024-02-01,2026-01-31,191760
101106937,2024-08-01,2026-07-31,"151901,76"
101108077,2023-09-01,2025-08-31,"187624,32"
101106749,2023-06-21,2025-06-20,"195914,88"
101106352,2024-09-01,2027-02-28,"217309,2"
101109662,2023-07-01,2026-06-30,"297164,16"
101103896,2023-09-01,2025-08-31,"211754,88"
101106196,2023-05-01,2025-04-30,"165312,96"
101105680,2023-05-15,2025-05-14,"188590,08"
101103095,2023-09-01,2025-08-31,"173847,36"
101105532,2023-11-01,2025-10-31,"173847,36"
101109731,2024-01-01,2025-12-31,191760
101105416,2023-04-01,2025-03-31,"181152,96"
101106953,2024-02-01,2026-01-31,"203464,32"
101106492,2024-04-04,2026-04-03,"181152,96"
101105210,2023-05-01,2025-04-30,"153486,72"
101106563,2024-09-01,2026-08-31,"211754,88"
101108104,2024-05-01,2026-04-30,"195914,88"
101105451,2023-12-01,2025-11-30,"181152,96"
101109820,2024-07-01,2026-06-30,"189687,36"
101109701,2023-09-01,2025-08-31,"165312,96"
101103616,2023-09-01,2025-08-31,"206887,68"
101110008,2023-06-01,2025-05-31,"211754,88"
101103735,2024-09-01,2027-08-31,"320924,16"
101105874,2023-09-01,2026-02-28,249618
101106577,2023-09-01,2025-08-31,175920
101106552,2024-09-01,2026-08-31,"199440,96"
101107208,2023-10-01,2025-09-30,"165312,96"
101109357,2024-01-08,2026-01-07,"188590,08"
101109907,2023-10-01,2025-09-30,191760
101109691,2024-09-01,2026-08-31,"199440,96"
101108795,2024-07-01,2026-06-30,"181152,96"
101109777,2023-08-01,2025-07-31,"214934,4"
101105511,2024-02-01,2026-01-31,"210789,12"
101108620,2024-09-01,2026-08-31,"187624,32"
101108591,2024-09-01,2026-08-31,"172750,08"
101109961,2023-09-04,2025-09-03,"199694,4"
101107937,2023-06-01,2025-05-31,"189687,36"
101108275,2024-09-01,2026-08-31,"172618,56"
101106243,2023-10-01,2025-09-30,"210789,12"
101107025,2023-09-04,2025-09-03,"226751,04"
101108378,2024-03-01,2026-08-31,"235737,6"
101108598,2023-09-01,2025-08-31,"199440,96"
101103143,2023-10-01,2025-09-30,"165312,96"
101105531,2023-11-01,2025-10-31,"206887,68"
101106795,2023-11-01,2025-04-30,"130385,52"
101110299,2024-01-01,2025-12-31,"165312,96"
101104168,2023-09-01,2025-08-31,"195914,88"
101108978,2024-03-01,2026-02-28,"195914,88"
101110216,2024-01-01,2025-12-31,"214934,4"
101105682,2024-09-01,2026-08-31,"173847,36"
101107057,2023-09-01,2025-08-31,"172750,08"
101109624,2023-10-01,2025-09-30,"211754,88"
101107101,2024-08-01,2026-07-31,"203464,32"
101104945,2023-09-01,2025-08-31,175920
101110729,2023-09-01,2025-08-31,"199440,96"
101105378,2023-10-01,2025-09-30,"173847,36"
101106896,2024-09-01,2026-08-31,"222727,68"
101106809,2023-05-01,2025-04-30,"181152,96"
101106260,2023-08-01,2025-07-31,"183600,96"
101107486,2024-03-01,2026-02-28,"215534,4"
101106194,2023-07-03,2025-07-02,191760
101107252,2024-01-01,2026-12-31,"265099,2"
101108592,2023-05-01,2025-04-30,"169326,72"
101104159,2024-02-01,2026-07-31,"278409,6"
101105296,2024-02-12,2026-02-11,"181152,96"
101105716,2025-03-01,2027-02-28,"181152,96"
101106103,2024-09-01,2026-08-31,"165312,96"
101105418,2024-01-01,2025-12-31,"172750,08"
101110341,2024-02-01,2026-01-31,"230774,4"
101107162,2023-09-01,2025-08-31,"226751,04"
101106191,2023-12-01,2025-11-30,"165312,96"
101109987,2023-06-01,2025-05-31,"181152,96"
101102683,2024-02-01,2026-01-31,"195914,88"
101103038,2023-10-01,2025-09-30,"172750,08"
101110940,2024-01-01,2025-12-31,"165312,96"
101106220,2023-10-01,2025-09-30,"172750,08"
101109120,2023-07-10,2024-10-09,"113220,6"
101108040,2024-09-01,2026-08-31,"195914,88"
101110045,2023-05-01,2025-04-30,"206887,68"
101104845,2024-09-01,2027-08-31,"276681,6"
101107634,2023-07-01,2025-06-30,"214934,4"
101108316,2023-05-02,2025-05-01,"172618,56"
101111402,2024-03-15,2026-03-14,"187624,32"
101109497,2024-01-01,2025-12-31,"181152,96"
101111262,2024-09-01,2026-08-31,"165312,96"
101103744,2023-08-01,2025-07-31,"189687,36"
101108032,2023-12-01,2025-11-30,"214934,4"
101109554,2023-09-01,2025-08-31,"187624,32"
101106885,2023-09-01,2025-08-31,"165312,96"
101106282,2024-09-01,2027-02-28,"264693,6"
101109326,2024-09-01,2026-08-31,"187624,32"
101108983,2023-09-25,2025-09-24,"226751,04"
101111016,2024-06-01,2026-05-31,"195914,88"
101108359,2024-04-15,2026-04-14,"183600,96"
101104834,2024-06-01,2026-05-31,"210911,04"
101109532,2024-01-01,2025-12-31,"173847,36"
101104250,2024-09-01,2026-08-31,"165312,96"
101105240,2023-11-01,2025-10-31,"181152,96"
101106619,2024-07-15,2026-07-14,"226751,04"
101107281,2024-01-01,2025-12-31,191760
101106116,2024-01-01,2025-12-31,"189687,36"
101110029,2023-12-01,2025-11-30,"172750,08"
101102946,2024-09-01,2026-08-31,"188590,08"
101105267,2023-06-01,2025-05-31,"165312,96"
101108873,2023-04-01,2025-03-31,"172750,08"
101107703,2024-09-01,2026-08-31,"189687,36"
101103627,2023-09-01,2026-08-31,"293675,04"
101108515,2024-01-01,2025-12-31,"165312,96"
101105814,2024-01-01,2025-12-31,"181152,96"
101107119,2023-04-01,2025-09-30,175920
101106497,2023-10-16,2025-10-15,"172750,08"
101108024,2024-09-01,2026-08-31,"165312,96"
101109626,2023-10-02,2025-10-01,"199440,96"
101105992,2023-06-01,2025-05-31,"189687,36"
101105251,2024-05-01,2026-04-30,"188590,08"
101103848,2023-09-01,2025-08-31,"230774,4"
101107702,2023-11-01,2026-10-31,"275523,36"
101105493,2023-11-01,2025-10-31,"165312,96"
101103930,2023-09-01,2025-08-31,"181152,96"
101110457,2024-02-01,2026-05-31,"192865,12"
101107558,2024-06-01,2026-05-31,"195914,88"
101106919,2023-09-04,2025-09-03,"189687,36"
101104491,2024-06-01,2026-05-31,"181152,96"
101108884,2023-10-15,2025-10-14,"165312,96"
101110191,2024-03-01,2026-02-28,"206887,68"
101107744,2023-07-01,2025-06-30,175920
101111191,2023-06-01,2024-05-31,"85699,68"
101111176,2024-01-01,2025-12-31,"181152,96"
101107833,2023-10-01,2026-09-30,"265099,2"
101108027,2024-08-28,2026-08-27,"165312,96"
101109050,2023-04-01,2025-03-31,"173847,36"
101105740,2024-03-01,2026-02-28,"172750,08"
101110142,2023-04-01,2025-03-31,"165312,96"
101107596,2023-05-01,2025-04-30,"189687,36"
101106071,2023-08-01,2025-07-31,"187624,32"
101109804,2024-09-01,2026-08-31,"206887,68"
101108082,2023-08-01,2025-07-31,"203464,32"
101107981,2023-05-01,2025-04-30,"181152,96"
101105665,2023-09-01,2025-08-31,"211754,88"
101110212,2023-09-01,2025-08-31,"181152,96"
101108450,2023-07-01,2025-06-30,"173847,36"
101110703,2023-07-01,2025-06-30,"211754,88"
101103870,2023-08-01,2026-07-31,"280202,88"
101109449,2024-02-01,2026-01-31,191760
101108532,2023-06-01,2025-05-31,"211754,88"
101110677,2024-09-01,2026-08-31,"195914,88"
101108426,2023-09-01,2025-08-31,"197551,2"
101110096,2023-09-01,2025-08-31,"230774,4"
101106345,2023-12-01,2025-11-30,"203464,32"
101110402,2024-09-01,2026-12-31,"173847,36"
101107288,2023-07-01,2025-06-30,"173847,36"
101108847,2023-07-01,2025-06-30,"226751,04"
101105463,2024-09-01,2027-08-31,"265099,2"
101107062,2024-09-01,2026-08-31,"189687,36"
101104276,2023-10-01,2026-09-30,"265099,2"
101107713,2023-04-01,2025-03-31,"174574,96"
101108130,2023-08-01,2025-07-31,"189687,36"
101106022,2023-09-01,2025-08-31,"181152,96"
101106893,2024-03-01,2026-02-28,"189687,36"
101105516,2023-07-03,2025-07-02,"172750,08"
101104876,2023-05-16,2025-11-15,"206641,2"
101108665,2023-12-01,2025-11-30,"181152,96"
101105726,2023-07-01,2025-06-30,"172750,08"
101106913,2023-11-01,2025-10-31,"210789,12"
101110977,2023-06-01,2025-05-31,"172750,08"
101105400,2023-09-01,2025-08-31,"165312,96"
101107626,2024-09-01,2026-08-31,"183600,96"
101107954,2023-08-01,2025-07-31,"150438,72"
101107835,2023-10-01,2025-09-30,"187624,32"
101110797,2024-09-01,2026-08-31,"173847,36"
101107093,2024-01-01,2025-12-31,"181152,96"
101108833,2023-09-01,2025-08-31,"211754,88"
101110492,2023-10-01,2025-09-30,"181152,96"
101105790,2024-01-01,2025-12-31,"203464,32"
101108298,2023-08-01,2025-07-31,"203464,32"
101103593,2024-01-29,2026-01-28,"181152,96"
101107292,2023-05-01,2025-04-30,175920
101110356,2023-06-19,2025-06-18,"181152,96"
101111040,2023-05-01,2025-04-30,"199694,4"
101110048,2023-08-01,2026-07-31,"288859,2"
101103762,2024-09-01,2026-08-31,"157622,4"
101110252,2023-06-01,2025-05-31,"195914,88"
101108513,2023-06-01,2025-05-31,"206887,68"
101107605,2024-09-01,2027-02-28,"206641,2"
101111254,2023-05-01,2026-04-30,"278571,36"
101110716,2024-04-01,2026-03-31,"203464,32"
101108116,2023-10-01,2025-09-30,"199694,4"
101107832,2023-09-01,2026-08-31,"265099,2"
101103025,2023-10-01,2025-09-30,"189687,36"
101109906,2023-10-01,2025-09-30,"173847,36"
101109429,2023-06-01,2025-05-31,"172618,56"
101108674,2023-10-01,2025-09-30,"203159,52"
101108401,2024-09-01,2026-08-31,"165312,96"
101106914,2023-09-01,2025-08-31,175920
101105900,2023-08-15,2025-08-14,"210911,04"
101106622,2023-05-01,2025-04-30,"187624,32"
101109890,2023-12-01,2025-11-30,"189687,36"
101110489,2023-12-01,2025-11-30,"195914,88"
101106955,2023-09-01,2025-08-31,"181152,96"
101109243,2023-10-01,2026-09-30,"265099,2"
101108617,2023-09-01,2027-02-28,"308286,72"
101107885,2023-09-01,2025-08-31,"188590,08"
101107324,2023-10-01,2025-09-30,"188590,08"
101103550,2024-09-01,2026-08-31,"155559,36"
101105929,2024-09-02,2026-09-01,"172750,08"
101105558,2023-10-01,2025-09-30,"199694,4"
101107847,2023-10-01,2025-09-30,"211754,88"
101109153,2024-09-01,2026-08-31,"181152,96"
101109589,2023-11-01,2025-10-31,"188590,08"
101110022,2024-09-01,2027-02-28,"206641,2"
101104880,2023-11-15,2025-11-14,"165312,96"
101106728,2024-02-01,2026-01-31,"199694,4"
101105953,2024-09-01,2026-08-31,"188590,08"
101105725,2024-02-01,2026-01-31,"206887,68"
101103256,2023-10-01,2025-09-30,191760
101105633,2023-10-01,2026-09-30,"257113,44"
101105373,2023-06-01,2025-05-31,"206887,68"
101103122,2023-06-01,2025-05-31,"187624,32"
101109184,2023-10-01,2025-09-30,"165312,96"
101106929,2023-04-01,2025-03-31,"200538,24"
101106125,2023-04-01,2025-03-31,"172750,08"
101106733,2024-09-01,2026-08-31,"181152,96"
101105235,2024-09-01,2026-08-31,"165312,96"
101108153,2024-03-18,2026-03-17,"226751,04"
101109157,2023-10-01,2026-09-30,"265099,2"
101105915,2023-11-01,2026-10-31,"288859,2"
101107649,2023-05-16,2025-05-15,"187624,32"
101104537,2023-12-15,2025-12-14,"172618,56"
101106744,2024-03-01,2026-02-28,"165312,96"
101107439,2023-05-01,2025-04-30,"187624,32"
101105719,2023-12-01,2027-05-31,"308286,72"
101103149,2024-01-01,2025-12-31,"181152,96"
101102131,2024-09-01,2026-08-31,"165312,96"
101104559,2023-10-15,2025-10-14,"210911,04"
101106709,2024-09-01,2027-08-31,"265099,2"
101106005,2023-05-01,2025-12-31,"198384,96"
101106187,2023-06-01,2026-05-31,"265099,2"
101111026,2024-01-01,2026-12-31,"274974,72"
101105533,2023-09-01,2025-02-28,"140718,24"
101105041,2024-09-01,2026-08-31,"181152,96"
101108184,2024-01-01,2025-12-31,"230774,4"
101108046,2023-09-01,2025-08-31,"195914,88"
101108490,2024-09-01,2026-08-31,"172750,08"
101107666,2023-09-04,2025-09-03,"189687,36"
101104788,2024-04-01,2026-03-31,148488
101107271,2024-01-01,2025-12-31,"203464,32"
101106295,2023-09-01,2025-08-31,"215534,4"
101108868,2024-01-01,2025-12-31,"165312,96"
101109983,2023-04-10,2025-04-09,"203464,32"
101107037,2024-03-15,2026-03-14,"165312,96"
101107033,2024-01-01,2025-12-31,"214934,4"
101108745,2023-08-01,2025-07-31,"210911,04"
101109759,2023-05-01,2025-04-30,"200538,24"
101109486,2023-06-01,2025-05-31,"173847,36"
101106803,2023-10-01,2026-09-30,"288859,2"
101106480,2023-10-01,2025-09-30,"183600,96"
101108117,2023-08-01,2025-07-31,"211754,88"
101104682,2024-09-01,2026-08-31,"206887,68"
101102324,2023-09-01,2026-08-31,"306232,8"
101106968,2024-06-19,2026-06-18,"226751,04"
101109027,2024-01-08,2026-01-07,"199694,4"
101105624,2023-05-01,2025-04-30,"172963,44"
101107882,2024-01-01,2025-12-31,175920
101104357,2023-09-01,2026-08-31,"261380,64"
101109293,2023-06-01,2025-05-31,"181152,96"
101106209,2023-04-21,2025-07-20,"242476,2"
101110041,2024-01-01,2025-12-31,"215534,4"
101105274,2023-06-01,2026-05-31,"265647,84"
101102819,2024-01-01,2025-12-31,"173847,36"
101111373,2024-09-01,2026-08-31,"166278,72"
101105645,2023-06-01,2025-05-31,"181152,96"
101108936,2023-10-01,2025-09-30,"156778,56"
101106814,2024-09-01,2026-08-31,"189687,36"
101110330,2024-08-01,2026-07-31,"215534,4"
101109485,2023-11-01,2026-10-31,"282046,08"
101106384,2023-09-01,2025-08-31,"210911,04"
101105899,2023-09-01,2025-08-31,"195914,88"
101110202,2023-09-01,2025-08-31,191760
101105224,2023-09-01,2025-08-31,"230774,4"
101105704,2023-09-01,2026-02-28,"201764,4"
101103082,2023-11-01,2025-10-31,"172750,08"
101103902,2024-09-01,2026-08-31,"181152,96"
101107766,2023-09-01,2025-08-31,"189687,36"
101110562,2023-08-01,2026-01-31,"207848,4"
101110303,2023-06-01,2025-05-31,"165312,96"
101106240,2024-01-08,2026-01-07,"215534,4"
101110111,2024-03-01,2027-02-28,"221390,88"
101108520,2024-09-01,2027-08-31,"288859,2"
101106114,2023-11-15,2025-11-14,"172750,08"
101108406,2023-11-01,2025-10-31,"173847,36"
101103017,2023-06-01,2025-05-31,"203464,32"
101102377,2024-09-01,2026-08-31,"181152,96"
101108569,2023-09-01,2025-08-31,"173847,36"
101107755,2024-09-01,2027-08-31,"260939,52"
101103731,2023-09-01,2025-08-31,"183600,96"
101111182,2024-09-01,2026-08-31,"206887,68"
101103309,2023-09-01,2025-08-31,"172750,08"
101109098,2024-09-01,2026-08-31,"195914,88"
101106034,2024-02-01,2026-01-31,"203464,32"
101108323,2023-06-01,2025-05-31,"156778,56"
101111348,2023-05-01,2025-04-30,"173847,36"
101104921,2024-04-01,2027-03-31,"266684,16"
101109583,2023-10-01,2025-09-30,"188590,08"
101105060,2024-09-01,2027-02-28,"186524,4"
101104734,2024-02-01,2025-12-31,"165312,96"
101105732,2024-01-01,2025-12-31,"173847,36"
101108387,2024-07-01,2026-06-30,"203464,32"
101105350,2023-10-01,2025-09-30,164328
101104378,2023-10-02,2025-10-01,"161889,6"
101109044,2024-09-01,2026-08-31,"210911,04"
101110839,2023-06-01,2025-05-31,"150438,72"
101109669,2024-01-08,2026-01-07,"210911,04"
101111015,2023-10-01,2025-09-30,"215534,4"
101109306,2023-05-01,2025-04-30,"211754,88"
101106065,2023-10-01,2026-09-30,"243641,28"
101106680,2024-09-01,2026-08-31,"211754,88"
101105916,2024-04-01,2027-03-31,"261380,64"
101108530,2024-02-01,2026-01-31,"210911,04"
101106223,2024-09-01,2026-08-31,"165312,96"
101109454,2023-04-01,2025-03-31,191760
101106239,2024-09-01,2026-08-31,"187248,96"
101109095,2023-11-01,2025-10-31,"215534,4"
101108056,2023-07-10,2025-07-09,"211754,88"
101109073,2024-01-01,2025-12-31,"166278,72"
101106684,2024-01-02,2026-01-01,"180421,44"
101106704,2024-04-01,2026-03-31,"173847,36"
101106686,2023-09-01,2025-08-31,"215534,4"
101109110,2024-01-01,2026-12-31,"261380,64"
101110862,2024-09-01,2026-08-31,"189687,36"
101110631,2023-09-01,2025-08-31,"226751,04"
101106614,2023-07-01,2026-06-30,"207187,2"
101111404,2023-09-01,2026-08-31,"329702,4"
101107411,2023-10-01,2025-09-30,"172618,56"
101110198,2024-03-01,2026-02-28,"165312,96"
101109536,2024-03-01,2025-02-28,"94843,68"
101107149,2023-08-01,2025-07-31,"189687,36"
101109600,2024-09-01,2026-08-31,"175737,12"
101111487,2023-10-01,2025-09-30,191760
101111092,2024-03-01,2026-02-28,"226751,04"
101107830,2023-06-01,2025-05-31,"199694,4"
101109466,2024-02-01,2026-01-31,"188590,08"
101106857,2024-01-01,2025-12-31,"165312,96"
101102979,2024-04-16,2026-04-15,"181152,96"
101107445,2023-11-10,2025-11-09,"189687,36"
101110279,2023-11-01,2025-10-31,"172750,08"
101103665,2023-10-01,2026-09-30,"265099,2"
101109307,2024-01-01,2026-12-31,"285140,64"
101106772,2023-04-01,2025-03-31,"203464,32"
101103477,2024-05-01,2026-04-30,"173847,36"
101109232,2023-09-04,2025-09-03,"173847,36"
101109133,2024-04-01,2027-03-31,"288859,2"
101108386,2024-09-01,2026-08-31,"173847,36"
101106557,2024-02-01,2026-01-31,"173847,36"
101105383,2023-05-01,2025-04-30,"173847,36"
101110766,2024-05-01,2026-04-30,"211754,88"
101107996,2024-04-01,2026-03-31,"189687,36"
101108499,2023-11-01,2025-10-31,"195914,88"
101107036,2023-11-01,2025-10-31,"222727,68"
101107131,2024-09-01,2026-08-31,"188590,08"
101107909,2024-06-01,2026-05-31,"211754,88"
101108076,2024-01-01,2025-12-31,"173847,36"
101107507,2023-10-01,2025-09-30,"181152,96"
101109918,2023-07-01,2025-06-30,"230774,4"
101108526,2024-09-01,2026-08-31,"206887,68"
101108713,2024-02-01,2026-01-31,"153486,72"
101109971,2023-10-01,2025-09-30,"195914,88"
101109381,2023-10-01,2025-09-30,"215534,4"
101110832,2023-10-10,2025-10-09,"222727,68"
101110819,2023-06-01,2025-05-31,"195914,88"
101109405,2024-08-01,2026-07-31,"199440,96"
101106301,2023-06-01,2025-05-31,"199694,4"
101108755,2023-10-02,2026-04-01,"283438,8"
101105901,2024-09-01,2026-08-31,"156778,56"
101109331,2023-09-15,2025-09-14,"181152,96"
101108935,2023-09-01,2025-08-31,"206887,68"
101109578,2024-09-01,2026-08-31,"150438,72"
101107286,2024-09-01,2026-08-31,"165312,96"
101104426,2023-06-01,2026-05-31,"261380,64"
101108128,2024-09-01,2026-08-31,"215534,4"
101108792,2024-09-01,2026-08-31,"171399,36"
101109787,2024-08-01,2027-01-31,"283438,8"
101109672,2024-02-01,2026-01-31,"215534,4"
101109885,2024-09-01,2026-08-31,"189687,36"
101110742,2024-03-01,2026-02-28,"203464,32"
101108463,2024-01-01,2025-12-31,"172750,08"
101108680,2024-02-01,2026-01-31,175920
101106500,2023-09-01,2025-08-31,"203464,32"
101110470,2024-07-01,2026-06-30,"181152,96"
101105985,2023-07-01,2025-06-30,"181152,96"
101102608,2023-07-01,2025-06-30,"166278,72"
101109010,2023-08-01,2025-07-31,"206887,68"
101110031,2023-07-01,2026-06-30,"262599,84"
101110621,2023-04-01,2025-03-31,175920
101103258,2024-08-01,2026-07-31,"199440,96"
101110477,2023-06-01,2025-11-30,"225987,6"
101106701,2023-11-01,2025-10-31,"165312,96"
101106237,2024-01-15,2026-01-14,"215534,4"
101110735,2024-08-01,2026-07-31,"181152,96"
101105500,2024-01-01,2025-12-31,"165312,96"
101109364,2023-05-01,2025-10-31,"263638,8"
101105610,2023-04-01,2025-07-31,"174222,96"
101106861,2024-04-01,2026-03-31,"200538,24"
101105363,2023-05-01,2025-04-30,"189687,36"
101105219,2024-01-01,2026-12-31,"288859,2"
101103361,2024-09-01,2026-08-31,"230774,4"
101105300,2024-09-01,2026-08-31,"181152,96"
101103574,2024-04-01,2026-03-31,"181152,96"
101107303,2023-09-01,2025-08-31,"183600,96"
101105988,2023-10-01,2026-09-30,"284179,68"
101103826,2023-11-01,2026-02-28,"205524,48"
101107497,2024-02-01,2026-01-31,"189687,36"
101109743,2023-04-11,2025-04-10,"150438,72"
101111427,2024-01-01,2025-12-31,"203464,32"
101106395,2024-04-01,2027-03-31,"287700,96"
101111255,2023-04-01,2025-03-31,175920
101110960,2024-03-01,2026-02-28,"188590,08"
101109424,2024-04-01,2026-03-31,191760
101103573,2023-11-01,2025-10-31,"165312,96"
101108096,2023-08-01,2025-07-31,"199694,4"
101106400,2023-07-01,2024-07-31,"99450,52"
101105027,2023-09-01,2025-08-31,175920
101110355,2023-09-01,2025-08-31,"172618,56"
101105722,2023-08-01,2025-09-30,"179475,12"
101104702,2023-06-01,2025-05-31,164328
101108183,2024-06-01,2026-08-31,"212163,84"
101106259,2023-09-01,2025-08-31,"187624,32"
101106007,2023-11-01,2025-10-31,"181152,96"
101109728,2023-10-01,2025-09-30,"173847,36"
101109084,2023-09-01,2025-08-31,"187624,32"
101107171,2023-11-01,2026-04-30,"215937,6"
101105486,2023-10-01,2025-09-30,"210789,12"
101108060,2023-12-01,2025-11-30,"165312,96"
101109179,2024-02-01,2026-01-31,"203464,32"
101106245,2023-09-01,2025-08-31,"203464,32"
101107225,2024-09-01,2026-08-31,"181152,96"
101106265,2023-09-01,2025-08-31,"161411,52"
101109803,2023-10-01,2026-09-30,"290444,16"
101106069,2024-09-01,2026-08-31,"210911,04"
101109873,2023-10-01,2025-09-30,"199694,4"
101105068,2023-04-01,2025-03-31,"189687,36"
101107015,2024-09-01,2026-08-31,"172750,08"
101103020,2023-10-01,2025-09-30,175920
101107060,2024-01-16,2026-01-15,"165312,96"
101107888,2023-10-15,2025-10-14,"188590,08"
101108436,2023-05-01,2025-04-30,"215534,4"
101109897,2024-04-01,2026-03-31,"211754,88"
101102294,2024-02-01,2026-01-31,175920
101107988,2024-09-01,2026-08-31,"187624,32"
101103885,2023-09-18,2025-09-17,"222727,68"
101108071,2023-10-01,2025-09-30,191760
101107932,2023-05-01,2026-04-30,"269047,2"
101104972,2023-11-01,2026-10-31,"320924,16"
101104814,2024-07-01,2026-06-30,"203464,32"
101105057,2023-10-01,2025-09-30,"165312,96"
101109833,2024-09-01,2027-08-31,"285140,64"
101108198,2023-10-01,2025-09-30,"172750,08"
101105126,2023-07-01,2025-06-30,"230774,4"
101102978,2023-07-01,2025-06-30,"172618,56"
101107589,2023-08-01,2025-07-31,"222727,68"
101107614,2023-09-01,2025-08-31,"214934,4"
101107490,2024-05-01,2026-04-30,"172750,08"
101107705,2024-08-01,2026-07-31,"199440,96"
101105589,2023-06-12,2025-06-11,175920
101108168,2023-11-01,2025-10-31,"172750,08"
101108385,2024-03-01,2027-02-28,"265099,2"
101108798,2023-06-01,2025-05-31,"172018,56"
101107160,2024-01-01,2026-06-30,"217309,2"
101105368,2023-10-01,2025-09-30,"214934,4"
101103471,2023-09-01,2025-08-31,"173847,36"
101106156,2024-01-16,2026-01-15,"181152,96"
101106597,2024-07-01,2026-06-30,"211754,88"
101107125,2023-07-01,2025-06-30,"183600,96"
101108575,2023-10-02,2026-10-01,"276681,6"
101107336,2024-06-01,2027-05-31,"257235,36"
101108204,2024-08-01,2027-07-31,"256442,88"
101105047,2023-07-01,2025-06-30,"172750,08"
101107851,2024-02-01,2026-07-31,"232000,56"
101109997,2023-10-01,2025-09-30,191760
101110755,2023-11-01,2025-10-31,"195914,88"
101104928,2023-09-18,2025-09-17,"214934,4"
101105437,2023-09-01,2025-08-31,"188590,08"
101106698,2024-02-01,2026-01-31,"215534,4"
101106164,2024-05-01,2026-04-30,"181152,96"
101109237,2023-09-18,2025-09-17,"181152,96"
101106055,2024-09-01,2026-08-31,"210911,04"
101108769,2023-09-01,2025-08-31,"196829,28"
101103884,2023-04-01,2025-03-31,"199694,4"
101108382,2023-11-01,2025-10-31,"172750,08"
101104656,2023-10-01,2025-09-30,"195914,88"
101108604,2023-05-01,2025-04-30,"190078,52"
101108881,2024-09-01,2026-08-31,"165312,96"
101105245,2024-09-02,2027-09-01,"265099,2"
101106428,2023-07-01,2025-06-30,"189687,36"
101109553,2024-09-01,2027-08-31,"289407,84"
101103530,2024-09-01,2026-08-31,"181152,96"
101107022,2024-03-01,2026-02-28,"187624,32"
101110366,2023-10-01,2025-09-30,"181152,96"
101103730,2023-10-01,2025-09-30,"210911,04"
101107189,2024-07-01,2026-06-30,"230774,4"
101110955,2024-09-01,2026-08-31,"203464,32"
101105480,2024-01-01,2025-12-31,"183600,96"
101106186,2024-09-01,2028-02-29,"328494,96"
101109315,2024-01-01,2026-12-31,"288737,28"
101104383,2023-10-01,2025-09-30,"173847,36"
101108335,2024-09-01,2027-08-31,"302331,36"
101107435,2023-04-01,2025-03-31,"181152,96"
101111273,2023-09-01,2025-08-31,175920
101109355,2024-02-01,2026-01-31,"188590,08"
101104029,2023-08-15,2025-08-14,"226751,04"
101109520,2023-09-01,2025-08-31,"226751,04"
101110615,2023-06-01,2025-05-31,"172750,08"
101109814,2023-10-01,2025-09-30,"189687,36"
101108330,2023-09-01,2025-08-31,"206887,68"
101105246,2023-05-01,2025-04-30,"150438,72"
101105930,2024-03-01,2026-02-28,"199694,4"
101107810,2023-10-01,2025-09-30,"165312,96"
101107145,2024-09-01,2026-08-31,"166278,72"
101105323,2024-02-01,2026-01-31,"165312,96"
101111054,2023-09-01,2025-08-31,"187624,32"
101111457,2023-08-01,2025-07-31,"189687,36"
101109314,2023-04-01,2025-03-31,"187624,32"
101106745,2024-09-01,2026-08-31,175920
101106043,2024-02-01,2026-01-31,"199694,4"
101109142,2023-05-01,2025-04-30,"203464,32"
101108023,2023-11-01,2025-10-31,"172750,08"
101105376,2023-12-16,2025-12-15,"172750,08"
101107342,2024-04-01,2026-03-31,"172618,56"
101107943,2023-09-16,2026-09-15,"293445,6"
101108555,2023-04-01,2025-03-31,"173847,36"
101109303,2024-08-15,2027-02-14,"283438,8"
101111028,2023-10-02,2025-10-01,"211754,88"
101109836,2023-04-01,2025-03-31,"195914,88"
101109054,2023-06-01,2025-05-31,"151901,76"
101107191,2024-04-01,2026-03-31,"165312,96"
101106487,2023-12-16,2025-12-15,"188590,08"
101108851,2023-08-01,2025-07-31,"181152,96"
101111363,2024-02-01,2026-01-31,"181152,96"
101109457,2023-07-01,2025-06-30,"181152,96"
101110915,2024-09-01,2026-08-31,"230774,4"
101105541,2023-12-01,2026-11-30,"288859,2"
101105823,2024-09-01,2027-08-31,"252724,32"
101106454,2023-06-01,2025-05-31,"199694,4"
101102989,2024-01-01,2025-12-31,"215534,4"
101108049,2024-09-01,2026-08-31,191760
101109186,2024-03-01,2026-02-28,"172750,08"
101104138,2024-01-01,2025-12-31,191760
101105827,2023-05-01,2025-04-30,"173847,36"
101110827,2023-09-01,2025-08-31,"226751,04"
101106411,2023-09-01,2025-08-31,"165312,96"
101106284,2024-01-01,2026-12-31,"288859,2"
101111385,2024-08-15,2026-08-14,"195914,88"
101106921,2023-07-01,2025-06-30,"211754,88"
101109500,2024-09-01,2026-08-31,"195914,88"
101106992,2024-09-01,2026-08-31,"206887,68"
101107639,2024-09-01,2026-08-31,"187624,32"
101105607,2023-09-01,2025-08-31,"203464,32"
101110350,2023-10-01,2025-09-30,"165312,96"
101109025,2024-02-01,2026-01-31,"203464,32"
101110480,2024-08-26,2026-08-25,"199694,4"
101103345,2024-09-01,2026-08-31,"211754,88"
101110693,2023-09-01,2025-08-31,"230774,4"
101104286,2023-10-01,2025-09-30,"222727,68"
101107206,2023-09-01,2025-08-31,"206887,68"
101109842,2024-04-02,2026-04-01,"188590,08"
101110564,2024-09-01,2026-08-31,"156778,56"
101106600,2024-07-01,2027-06-30,"288859,2"
101107066,2023-12-01,2025-11-30,"172750,08"
101105996,2023-05-01,2025-04-30,"189687,36"
101105829,2024-03-18,2026-03-17,"181152,96"
101106271,2024-09-01,2026-08-31,"173847,36"
101104639,2024-09-01,2026-08-31,"165312,96"
101106104,2024-01-01,2025-12-31,"165312,96"
101103401,2023-11-01,2026-04-30,219138
101109251,2023-06-15,2025-06-14,"173847,36"
101109938,2024-09-01,2026-08-31,"206887,68"
101111269,2023-10-01,2025-09-30,"210911,04"
101103842,2024-09-01,2026-08-31,"181152,96"
101105838,2024-02-01,2026-01-31,"211754,88"
101107378,2024-09-01,2026-08-31,"195914,88"
101108731,2024-09-01,2026-08-31,175920
101110431,2024-02-01,2026-01-31,"188590,08"
101109175,2024-03-01,2026-02-28,"199440,96"
101106886,2023-04-01,2025-03-31,"203464,32"
101105270,2024-07-01,2026-06-30,"188590,08"
101107228,2024-09-01,2026-08-31,"165312,96"
101106602,2024-04-01,2026-03-31,"195914,88"
101109501,2023-11-01,2026-04-30,"206641,2"
101107201,2023-10-01,2025-09-30,"165312,96"
101109854,2024-03-01,2026-02-28,175920
101106181,2024-09-01,2026-08-31,"189687,36"
101105524,2023-06-05,2025-06-04,"172750,08"
101110384,2023-09-01,2025-08-31,"195914,88"
101107604,2023-06-01,2025-05-31,"172750,08"
101106906,2024-06-01,2026-05-31,"222727,68"
101104098,2024-09-01,2026-08-31,"181152,96"
101108361,2023-10-02,2025-10-01,"210911,04"
101106168,2023-09-01,2025-08-31,"187624,32"
101107298,2024-05-01,2027-04-30,"276681,6"
101110810,2023-05-01,2025-04-30,"203464,32"
101105721,2023-10-01,2025-09-30,175920
101108553,2023-07-01,2025-06-30,"189687,36"
101106032,2024-04-01,2026-03-31,"165312,96"
101105167,2023-12-01,2025-11-30,"172750,08"
101105894,2023-04-01,2025-03-31,"222727,68"
101104517,2023-12-01,2025-11-30,"169326,72"
101109931,2024-01-01,2025-12-31,"215534,4"
101107675,2023-09-01,2025-08-31,"173847,36"
101111296,2024-09-01,2026-08-31,"156778,56"
101106387,2024-01-01,2026-06-30,"206641,2"
101103751,2023-10-01,2025-09-30,"173847,36"
101108506,2023-10-23,2025-10-22,"187624,32"
101110452,2024-03-01,2026-02-28,"181152,96"
101110866,2023-12-04,2025-12-03,"195914,88"
101103013,2023-07-01,2025-06-30,"173847,36"
101105971,2023-04-15,2025-04-14,"203464,32"
101105776,2024-07-01,2026-06-30,"173847,36"
101104493,2024-01-16,2026-01-15,"188590,08"
101111007,2024-01-01,2025-12-31,"165312,96"
101103900,2024-02-01,2026-01-31,"226751,04"
101102593,2024-06-01,2026-05-31,"181152,96"
101109770,2023-10-02,2025-10-01,"187624,32"
101110684,2024-04-01,2026-03-31,"172750,08"
101105032,2023-04-01,2025-03-31,"181152,96"
101106923,2023-11-01,2025-10-31,"173847,36"
101105393,2024-01-15,2026-01-14,"181152,96"
101108455,2024-05-01,2026-10-31,"226441,2"
101102820,2023-10-01,2025-09-30,"189687,36"
101107839,2024-04-01,2027-03-31,"210174,24"
101105549,2023-08-01,2025-07-31,"172750,08"
101110724,2023-10-01,2025-09-30,175920
101104244,2024-09-01,2026-08-31,"226751,04"
101110293,2023-09-01,2025-08-31,"211754,88"
101109929,2024-09-01,2027-02-28,269418
101103943,2024-09-01,2026-08-31,"188590,08"
101110752,2023-09-01,2025-08-31,164328
101105658,2023-04-15,2026-01-14,"189687,36"
101108290,2024-06-01,2026-11-30,"216699,6"
101106333,2024-09-01,2026-08-31,191760
101110016,2024-05-01,2026-04-30,"177251,52"
101110151,2023-08-01,2026-07-31,"294833,28"
101105877,2024-09-01,2026-08-31,"181152,96"
101109569,2023-05-15,2025-05-14,"173847,36"
101103629,2023-09-01,2026-08-31,"280202,88"
101107368,2024-09-01,2026-08-31,"165312,96"
101106871,2023-09-01,2025-08-31,"172750,08"
101109165,2023-12-15,2025-12-14,"181152,96"
101108539,2024-09-01,2026-08-31,"199694,4"
101106323,2023-08-01,2025-07-31,"189687,36"
101108094,2023-06-01,2025-05-31,"148478,4"
101107177,2024-09-01,2026-08-31,"165312,96"
101106193,2024-06-01,2026-05-31,"206887,68"
101105506,2023-06-01,2025-05-31,"214934,4"
101106848,2024-04-01,2026-03-31,"172750,08"
101109841,2023-10-01,2025-09-30,175920
101110639,2024-09-01,2026-08-31,"206887,68"
101109498,2023-07-01,2025-06-30,175920
101106017,2023-05-01,2025-10-31,288468
101108281,2024-02-01,2026-01-31,"155559,36"
101106176,2024-03-01,2026-02-28,"161889,6"
101102949,2023-10-01,2025-09-30,"199694,4"
101107294,2024-04-01,2026-03-31,"181152,96"
101104996,2023-10-01,2025-09-30,"195914,88"
101106403,2024-06-01,2026-05-31,"165312,96"
101108180,2024-09-01,2026-08-31,"181152,96"
101106879,2024-03-04,2026-03-03,"195914,88"
101108189,2023-09-01,2025-08-31,"215534,4"
101109867,2023-08-01,2025-07-31,"214934,4"
101111518,2024-01-01,2025-12-31,"187624,32"
101106452,2024-04-01,2026-03-31,"173847,36"
101108310,2023-08-01,2025-07-31,"166278,72"
101105444,2024-04-01,2026-03-31,"165312,96"
101107842,2024-01-01,2025-12-31,"181152,96"
101103710,2024-09-01,2026-08-31,"173847,36"
101110033,2023-08-14,2026-02-13,"237109,2"
101110169,2023-12-01,2026-11-30,"265099,2"
101108170,2024-01-01,2025-12-31,"172750,08"
101111429,2023-07-01,2025-06-30,"222727,68"
101111496,2023-05-01,2025-04-30,"165312,96"
101108109,2024-09-01,2026-08-31,"173847,36"
101110327,2024-01-15,2026-01-14,"211754,88"
101109041,2023-10-01,2025-09-30,191760
101103161,2024-02-01,2026-01-31,"211754,88"
101105000,2024-08-01,2027-07-31,"285140,64"
101107724,2024-07-01,2026-06-30,"203464,32"
101108679,2023-09-01,2025-08-31,"210911,04"
101108141,2023-09-11,2025-09-10,"165312,96"
101109976,2024-03-15,2027-03-14,"238581,6"
101110373,2023-05-01,2025-04-30,"211754,88"
101108489,2023-10-01,2025-09-30,191760
101110738,2024-05-01,2026-04-30,"226751,04"
101105454,2023-04-01,2025-03-31,"172750,08"
101110114,2023-07-03,2025-07-02,"156778,56"
101110756,2023-09-01,2025-08-31,"211754,88"
101110038,2023-05-01,2025-04-30,"211754,88"
101108404,2023-11-01,2025-10-31,"187624,32"
101102964,2023-09-01,2025-08-31,"172750,08"
101107170,2023-07-03,2025-10-02,"199694,4"
101105733,2023-09-01,2025-08-31,"166278,72"
101105514,2023-10-01,2025-09-30,"189687,36"
101106108,2023-04-01,2025-03-31,"195914,88"
101105789,2023-05-01,2026-04-30,"265099,2"
101106810,2024-06-01,2026-05-31,"173847,36"
101111410,2024-09-01,2026-08-31,"173847,36"
101102016,2023-05-01,2025-04-30,"189687,36"
101104566,2023-08-01,2025-07-31,"189687,36"
101107791,2024-05-01,2026-04-30,"226751,04"
101107449,2024-01-01,2025-12-31,"222727,68"
101103964,2023-08-01,2025-07-31,"181152,96"
101108661,2024-09-01,2026-08-31,"156778,56"
101107636,2023-07-01,2025-06-30,"165312,96"
101103764,2023-10-01,2025-09-30,"199440,96"
101106521,2023-09-01,2026-08-31,"266318,4"
101108823,2024-08-01,2026-07-31,"165312,96"
101109014,2024-02-01,2026-01-31,148488
101108573,2023-05-01,2025-04-30,"181152,96"
101106434,2024-09-01,2026-08-31,"181152,96"
101110628,2023-10-16,2025-10-15,"181152,96"
101105880,2023-09-15,2025-09-14,"188590,08"
101106066,2024-09-01,2026-08-31,191760
101106683,2023-09-01,2025-08-31,"165312,96"
101108725,2023-09-01,2025-08-31,"206887,68"
101105312,2023-11-01,2025-10-31,"172750,08"
101106664,2024-09-01,2026-08-31,"188590,08"
101103532,2024-03-04,2027-09-03,"317048,16"
101109679,2023-10-16,2025-10-15,"172750,08"
101103830,2024-09-01,2026-08-31,"199440,96"
101110135,2023-12-01,2025-11-30,"222727,68"
101103508,2023-04-01,2025-03-31,"230774,4"
101109228,2023-07-01,2025-06-30,"206887,68"
101109403,2024-09-01,2026-08-31,"173847,36"
101103585,2023-07-01,2025-07-31,"211754,88"
101102417,2024-08-01,2026-07-31,"230774,4"
101108284,2023-09-01,2025-08-31,"139953,6"
101108343,2023-12-01,2025-11-30,"173847,36"
101107715,2023-10-01,2025-09-30,"172750,08"
101109388,2024-09-01,2026-08-31,"166278,72"
101106807,2023-10-01,2025-09-30,"183600,96"
101109742,2023-09-01,2026-08-31,"311292,48"
101105812,2024-04-01,2027-03-31,"217245,6"
101105362,2024-09-01,2026-08-31,"189687,36"
101107332,2024-09-01,2026-08-31,"156778,56"
101103989,2023-04-03,2025-04-02,"199694,4"
101107360,2023-09-01,2025-08-31,"173847,36"
101110461,2024-01-22,2026-01-21,"181152,96"
101108326,2024-09-01,2026-08-31,"195914,88"
101111223,2024-09-01,2026-08-31,"181152,96"
101106988,2024-03-01,2026-02-28,"173847,36"
101108087,2024-06-01,2026-11-30,"235737,6"
101111527,2023-10-01,2025-09-30,"199694,4"
101107896,2023-09-01,2025-08-31,175920
101109595,2024-09-01,2026-08-31,"181152,96"
101104910,2023-05-01,2025-04-30,"203464,32"
101106551,2024-09-01,2026-08-31,"169326,72"
101104889,2023-10-01,2025-09-30,"165312,96"
101103589,2023-08-01,2025-07-31,"199440,96"
101111302,2024-01-01,2025-12-31,"189687,36"
101107491,2024-09-01,2026-08-31,"226751,04"
101107121,2023-10-02,2025-10-01,"188590,08"
101105692,2024-07-01,2026-06-30,"215534,4"
101106046,2023-12-01,2025-11-30,"172750,08"
101110882,2023-04-01,2025-03-31,"155559,36"
101108272,2024-07-01,2026-06-30,"226751,04"
101108533,2023-11-01,2025-10-31,"211754,88"
101107625,2024-02-01,2026-01-31,"155793,6"
101107530,2023-09-01,2025-08-31,"189687,36"
101106272,2024-02-01,2026-01-31,191760
101107862,2023-09-11,2025-09-10,191760
101111258,2024-05-02,2026-05-01,"195914,88"
101106514,2023-05-01,2025-04-30,"183600,96"
101105772,2024-09-01,2026-08-31,"171399,36"
101106874,2023-10-01,2025-09-30,"222727,68"
101109287,2024-01-01,2025-12-31,"165312,96"
101110783,2023-06-15,2025-06-14,"166278,72"
101109513,2023-10-01,2025-09-30,175920
101105212,2023-10-01,2025-09-30,"172750,08"
101110162,2024-09-01,2027-02-28,"206641,2"
101107992,2023-10-01,2025-09-30,"156778,56"
101106258,2024-07-01,2026-06-30,"165312,96"
101109959,2024-07-01,2027-06-30,"284484,48"
101103395,2023-11-01,2025-10-31,"195914,88"
101106513,2024-09-01,2026-08-31,"155559,36"
101109221,2023-10-01,2027-03-31,"351338,16"
101110920,2024-01-01,2025-12-31,"172750,08"
101109517,2024-08-15,2026-08-14,"173847,36"
101110380,2024-09-01,2026-08-31,"215534,4"
101111414,2023-09-15,2025-09-14,"222727,68"
101107026,2023-09-01,2025-08-31,"210911,04"
101109773,2023-04-01,2025-03-31,"183600,96"
101109747,2023-10-01,2025-09-30,"210789,12"
101110108,2023-12-01,2025-11-30,"226751,04"
101108491,2024-07-01,2027-06-30,"288859,2"
101111216,2024-03-01,2027-02-28,"265099,2"
101107071,2024-09-01,2026-08-31,"183600,96"
101109402,2023-06-15,2025-06-14,"181152,96"
101107285,2024-03-20,2026-09-19,"221564,4"
101091490,2023-01-01,2025-12-31,"5995026,1"
101110393,2023-11-07,2025-11-06,"211754,88"
101105561,2024-01-01,2025-12-31,"188590,08"
101103062,2024-09-01,2026-08-31,"199440,96"
101104484,2023-12-01,2025-11-30,"189687,36"
101105828,2023-07-01,2025-06-30,"188590,08"
101105284,2024-04-01,2026-03-31,"181152,96"
101110312,2023-09-01,2025-08-31,"150438,72"
101107805,2023-09-10,2025-09-09,"211754,88"
101106330,2023-09-01,2025-08-31,"172750,08"
101105911,2023-09-11,2025-09-10,175920
101110349,2024-08-01,2026-07-31,191760
101105413,2024-01-01,2025-12-31,"181152,96"
101102594,2024-06-01,2026-05-31,"215534,4"
101104596,2024-09-01,2026-08-31,"165312,96"
101109065,2023-09-01,2025-08-31,"183600,96"
101105718,2023-09-01,2025-08-31,"222727,68"
101189763,2025-01-01,2028-06-30,"9830812,5"
101126733,2023-11-01,2028-10-31,5342400
101182739,2025-02-01,2030-01-31,"4999137,5"
101075412,2022-08-01,2025-07-31,788254
101123330,2023-10-01,2027-09-30,"5957808,84"
101069357,2022-09-01,2025-08-31,2493171
101094435,2023-01-01,2027-02-28,"5000082,5"
101192352,2025-01-01,2028-12-31,"5943423,08"
101138260,2024-01-01,2026-12-31,"6503323,63"
101069831,2022-07-01,2025-06-30,"7999711,75"
101058580,2022-07-01,2026-06-30,6091958
101172888,2024-10-01,2030-03-31,"18999514,01"
101135299,2023-11-01,2027-10-31,"7190188,74"
101135988,2024-01-01,2027-06-30,8999820
101189668,2024-11-01,2027-04-30,"1994562,5"
101146091,2024-12-01,2027-11-30,"5991893,75"
101138516,2024-07-01,2028-06-30,5654935
101135707,2024-01-01,2027-12-31,"10000000,26"
101058578,2022-06-01,2026-05-31,9219914
101135070,2024-01-01,2027-12-31,"4957716,01"
101057733,2022-05-01,2026-04-30,"10051919,5"
101094275,2023-02-01,2026-01-31,2435145
101080025,2022-10-01,2025-09-30,2486150
101162248,2024-04-01,2026-03-31,"299624,54"
101135632,2024-01-01,2026-06-30,1999500
101056801,2022-06-01,2025-11-30,"4384488,25"
101091801,2023-01-01,2026-12-31,"7645581,5"
101070086,2022-05-01,2025-10-31,"4995541,5"
101135948,2024-01-01,2026-12-31,3999335
101146883,2024-04-01,2027-09-30,4906167
101070450,2022-09-01,2025-08-31,3998413
101084348,2022-11-01,2026-10-31,"3621694,1"
101157707,2024-10-01,2028-09-30,"10353273,25"
101188032,2025-02-01,2028-01-31,1999680
101120270,2023-09-01,2026-08-31,"4996936,25"
101096077,2022-11-01,2024-10-31,"499893,18"
101112118,2023-07-01,2027-06-30,"2980361,25"
101123325,2024-01-01,2027-12-31,"7489390,97"
101189678,2025-01-01,2028-12-31,"9999478,75"
101093942,2023-01-01,2027-12-31,"29609362,5"
101119556,2024-02-01,2028-01-31,"2046614,4"
101104204,2023-06-01,2027-05-31,"4999993,75"
101096516,2023-01-01,2026-12-31,4797535
101101415,2023-01-01,2025-12-31,"2499428,75"
101056740,2022-07-01,2025-12-31,"11365811,5"
101104587,2023-04-01,2026-03-31,"6096147,5"
101082573,2022-11-01,2025-10-31,2999350
101137592,2024-01-01,2027-12-31,"3999073,75"
101080874,2023-05-01,2027-04-30,"4956701,25"
101092257,2023-01-01,2026-12-31,"16740388,5"
101136131,2023-12-01,2027-05-31,"8999345,25"
101084443,2022-10-01,2026-03-31,"4850123,75"
101091944,2023-01-01,2025-12-31,"4527891,25"
101091715,2023-01-01,2026-12-31,11078742
101138473,2024-01-01,2028-01-31,"19931655,51"
101082268,2023-12-01,2027-11-30,"6332130,09"
101058236,2022-06-01,2025-05-31,"9066775,89"
101081823,2022-11-01,2025-10-31,1993375
101159927,2024-02-01,2026-07-31,1198040
101086413,2023-01-01,2026-12-31,1117800
101076868,2022-11-01,2025-10-31,"7999817,5"
101155925,2024-10-01,2027-09-30,7017866
101091812,2022-12-01,2025-11-30,"6380768,14"
101138374,2024-01-01,2027-12-31,"6104918,1"
101138697,2024-01-01,2027-12-31,"9493621,88"
101096399,2023-01-01,2026-12-31,"8957646,25"
101091456,2023-01-01,2026-12-31,"17707718,25"
101111893,2023-09-01,2026-08-31,2607481
101092989,2023-01-01,2025-12-31,"11115540,25"
101153574,2025-01-20,2027-01-19,"165312,96"
101135742,2024-01-01,2026-12-31,"2556603,75"
101132182,2023-12-01,2025-11-30,"1495937,15"
101095882,2023-01-01,2026-12-31,"22776213,57"
101129961,2024-06-01,2027-11-30,"5999897,22"
101111888,2023-09-01,2026-08-31,"2999156,25"
101092312,2023-01-01,2026-06-30,"7738776,25"
101137808,2024-01-01,2027-02-28,"8998617,08"
101103698,2023-05-01,2026-04-30,"4999326,13"
101058643,2022-06-01,2025-05-31,5707393
101070214,2022-07-01,2025-12-31,8706263
101101961,2023-01-01,2025-12-31,34210348
101192326,2025-01-01,2028-12-31,"5199098,63"
101091885,2023-01-01,2026-06-30,11999256
101112447,2023-09-01,2027-08-31,"4468890,75"
101096368,2023-01-01,2026-12-31,6169498
101120688,2023-11-01,2026-10-31,"4736427,5"
101179069,2025-01-01,2029-12-31,477600
101177704,2024-09-01,2028-08-31,"7304086,94"
101192699,2025-02-01,2028-01-31,"7497595,49"
101094978,2023-02-01,2026-07-31,3998994
101139527,2024-01-01,2026-12-31,"6121812,5"
101075731,2022-09-01,2026-08-31,"8223108,66"
101075605,2022-10-01,2025-09-30,"4930196,25"
101091887,2023-01-01,2026-12-31,7971409
101182221,2024-11-01,2028-10-31,4998582
101091777,2023-10-01,2027-09-30,"11721891,13"
101189611,2025-01-01,2028-08-31,4794255
101096126,2023-01-01,2026-12-31,"12582309,31"
101122208,2023-09-01,2026-08-31,5367184
101069748,2022-06-01,2025-05-31,5998899
101112972,2024-01-01,2028-12-31,"16937969,63"
101092702,2023-01-01,2025-12-31,7987425
101138466,2024-01-01,2027-12-31,"7511266,25"
101135386,2024-01-01,2026-12-31,"4513727,5"
101056682,2022-09-01,2026-08-31,4702365
101083958,2023-06-01,2027-05-31,"6985671,25"
101096891,2023-01-01,2028-06-30,1373889
101096858,2023-01-01,2026-12-31,11462602
101069287,2022-05-01,2025-04-30,"7995320,38"
101095849,2023-10-01,2027-09-30,6015690
101079859,2022-10-01,2025-03-31,"1019908,75"
101137606,2024-01-01,2027-12-31,"5912058,86"
101136112,2023-10-01,2028-03-31,"8008853,37"
101112072,2023-06-01,2027-05-31,"4592391,64"
101091842,2023-01-01,2025-12-31,"4998570,75"
101105700,2023-12-01,2025-11-30,164328
101070320,2022-09-01,2026-02-28,1981831
101135302,2024-07-01,2026-12-31,"2498558,15"
101058422,2023-01-01,2026-12-31,"4737523,75"
101177594,2024-10-01,2027-09-30,"5299457,5"
101138405,2024-01-01,2027-12-31,"4705156,25"
101059547,2022-07-01,2027-06-30,"4805246,75"
101058449,2022-09-01,2026-08-31,4651014
101163107,2025-05-01,2030-04-30,1996415
101108472,2023-12-01,2025-11-30,"195914,88"
101142171,2024-10-01,2029-09-30,2396711
101092723,2022-12-01,2026-11-30,4683935
101079696,2022-09-01,2026-08-31,3450000
101147312,2025-01-01,2027-12-31,"4975669,75"
101160314,2024-10-01,2027-09-30,"1197976,25"
101104032,2023-06-01,2026-05-31,4996340
101113423,2023-06-01,2024-11-30,150000
101140496,2025-01-01,2029-12-31,2498191
101132349,2024-01-01,2030-12-31,60000000
101131982,2024-07-01,2027-12-31,"3557637,54"
101119700,2024-01-01,2027-12-31,"2496211,2"
101082633,2023-10-01,2026-09-30,1499831
101058100,2022-09-01,2026-02-28,7022265
101096780,2023-01-01,2026-12-31,"9275275,13"
101088398,2023-12-01,2028-11-30,1992395
101135216,2024-01-01,2027-12-31,"2174735,28"
101062459,2022-09-01,2024-12-31,"155580,24"
101063199,2022-09-01,2024-08-31,"195914,88"
101071583,2023-05-01,2029-04-30,11319929
101153072,2025-09-01,2027-08-31,"211754,88"
101141553,2025-01-01,2029-12-31,2416984
101109607,2024-09-01,2026-08-31,"195914,88"
101163386,2025-07-01,2030-06-30,1500000
101108953,2024-01-15,2026-01-14,"203464,32"
101166280,2024-09-01,2028-08-31,"2834688,25"
101079679,2023-01-01,2025-12-31,"1498537,5"
101093110,2023-01-01,2025-12-31,4997875
101169312,2024-11-01,2028-10-31,2396628
101136122,2024-09-01,2028-08-31,"19122237,28"
101115849,2024-09-01,2029-08-31,2499613
101137673,2024-01-01,2027-12-31,"4864470,59"
101096985,2022-12-01,2025-11-30,"5596017,89"
101182949,2024-10-01,2028-09-30,1656000
101158105,2024-10-01,2026-03-31,150000
101097856,2023-09-01,2028-08-31,2108656
101152827,2024-04-01,2026-03-31,"211754,88"
101093038,2023-01-01,2026-12-31,"3844043,77"
101156116,2024-09-01,2028-08-31,14998925
101066400,2022-11-15,2024-11-14,"211754,88"
101065838,2023-09-01,2025-08-31,"195914,88"
101076203,2023-12-01,2028-11-30,1895956
101087042,2023-09-01,2028-08-31,2272881
101082079,2022-10-01,2024-03-31,150000
101095457,2023-02-01,2027-01-31,2999051
101151260,2025-01-01,2026-12-31,"195914,88"
101163748,2025-09-01,2030-08-31,1499964
101154104,2025-01-01,2025-12-31,"105877,44"
101131207,2024-03-01,2027-02-28,"4938972,5"
101053020,2022-09-01,2027-08-31,2487721
101086202,2023-03-01,2027-02-28,1260400
101163251,2025-04-01,2030-03-31,1771915
101142663,2025-01-01,2029-12-31,2499466
101116169,2024-01-01,2028-12-31,1448540
101162926,2025-03-01,2030-02-28,1499990
101070066,2022-10-01,2026-09-30,4585661
101154681,2024-06-01,2026-05-31,"195914,88"
101080580,2023-06-01,2027-05-31,"8048715,25"
101150846,2024-09-01,2026-08-31,"195914,88"
101109481,2023-11-01,2025-10-31,"195914,88"
101102013,2023-01-01,2025-12-31,44103443
101134575,2024-02-01,2028-01-31,"8437021,25"
101052433,2023-01-01,2027-12-31,2274814
101094824,2023-02-01,2026-01-31,"4037258,75"
101095207,2023-01-01,2026-12-31,10425250
101135440,2023-12-01,2026-11-30,2270289
101058525,2022-09-01,2025-08-31,1500000
101124688,2024-06-01,2029-05-31,1999984
101088661,2023-11-01,2028-10-31,2203975
101081555,2022-11-01,2026-10-31,"9573842,36"
101094587,2023-01-01,2027-12-31,9993469
101132093,2024-03-01,2027-02-28,"1499488,75"
101132013,2024-03-01,2028-02-29,"4672327,54"
101118811,2024-07-01,2030-06-30,9996000
101164596,2024-10-01,2028-09-30,3999900
101165197,2025-01-01,2029-12-31,1396723
101062467,2022-11-01,2024-04-30,150000
101070660,2022-09-01,2025-08-31,1993340
101187940,2025-01-01,2027-12-31,"6999997,5"
101132405,2024-05-01,2029-04-30,"5531961,25"
101076639,2023-09-01,2028-08-31,1754304
101087747,2023-09-01,2028-08-31,1999474
101078021,2024-01-01,2028-12-31,1499940
101118129,2023-09-01,2027-08-31,"4993752,5"
101075725,2022-10-01,2026-03-31,5131150
101069091,2022-06-01,2024-05-31,"195914,88"
101110750,2023-09-01,2025-08-31,"195914,88"
101156595,2024-09-01,2031-08-31,"56317412,61"
101069474,2022-09-01,2026-08-31,2998434
101162069,2025-01-01,2029-12-31,1500000
101123037,2024-05-01,2025-10-31,150000
101086257,2023-01-01,2026-12-31,1407600
101141855,2024-09-01,2029-08-31,2487450
101060768,2022-10-01,2026-09-30,3745342
101054994,2022-12-01,2027-11-30,2498805
101111472,2023-09-01,2025-08-31,"211754,88"
101061163,2022-09-01,2025-08-31,"3347118,75"
101119486,2024-01-01,2027-12-31,2700252
101136464,2024-07-01,2028-06-30,5248985
101087663,2023-10-01,2028-09-30,2587500
101122347,2023-10-01,2027-09-30,"5273513,75"
101115930,2024-01-01,2028-12-31,1496630
101072632,2023-01-01,2026-12-31,"2618488,8"
101162227,2024-03-08,2025-12-07,674236
101106672,2023-10-01,2025-09-30,"195914,88"
101183137,2025-01-01,2028-12-31,1334000
101062468,2023-05-01,2026-04-30,"298734,72"
101076845,2024-01-01,2028-12-31,1499639
101067273,2023-09-01,2025-08-31,"195914,88"
101115618,2024-04-01,2029-03-31,1285938
101059877,2022-09-01,2026-08-31,9024352
101148336,2025-09-01,2027-08-31,"195914,88"
101081383,2023-01-01,2026-12-31,"7789004,48"
101072892,2022-10-01,2026-09-30,"2629137,6"
101109507,2024-09-01,2026-08-31,"211754,88"
101113333,2023-11-01,2025-04-30,150000
101147066,2024-04-01,2025-09-30,150000
101170528,2025-04-01,2030-03-31,1999999
101070455,2022-12-01,2025-11-30,4999695
101101066,2023-02-01,2024-07-31,150000
101164965,2024-11-01,2029-10-31,1499849
101149113,2024-12-01,2026-11-30,"226751,04"
101096017,2023-09-01,2028-08-31,2499366
101112783,2023-05-01,2024-10-31,150000
101141361,2024-10-01,2029-09-30,2500000
101062808,2022-12-01,2024-11-30,"195914,88"
101153422,2025-01-01,2026-12-31,"211754,88"
101125586,2024-10-01,2029-09-30,1999975
101153428,2025-01-01,2026-12-31,"211754,88"
101131663,2024-01-01,2026-12-31,"4997568,13"
101169056,2024-10-01,2028-09-30,"4038321,6"
101131141,2024-02-01,2027-01-31,5000000
101135047,2024-01-01,2027-12-31,3999931
101070290,2022-10-01,2026-09-30,3421000
101072625,2022-10-01,2026-09-30,"4103866,8"
101106943,2024-09-01,2026-08-31,"195914,88"
101115983,2023-12-01,2028-11-30,"1499998,75"
101097926,2024-06-01,2029-05-31,3499681
101154260,2024-05-01,2026-04-30,"195914,88"
101116944,2024-02-01,2029-03-31,1499494
101131751,2024-03-01,2027-02-28,"1457381,88"
101053021,2023-01-01,2027-12-31,1709395
101070238,2023-01-01,2026-12-31,8319510
101156511,2024-06-01,2028-05-31,"5997878,75"
101094300,2023-03-01,2027-02-28,2195000
101116715,2023-09-01,2027-08-31,"2389528,8"
101134954,2024-01-01,2027-12-31,5303940
101161065,2025-01-01,2029-12-31,1743391
101164832,2025-01-01,2029-12-31,1498449
101137893,2024-01-01,2027-12-31,"2990238,75"
101059865,2022-10-01,2024-09-30,"195914,88"
101168951,2025-03-01,2029-02-28,3289140
101075930,2023-03-01,2028-02-29,1427563
101150225,2024-07-01,2026-06-30,"211754,88"
101152722,2024-09-01,2026-08-31,"211754,88"
101084131,2022-11-01,2025-10-31,"3238666,24"
101115790,2024-09-01,2029-08-31,1500000
101107135,2023-09-01,2025-08-31,"195914,88"
101062518,2022-07-01,2024-09-30,"195914,88"
101065263,2022-12-01,2024-11-30,"195914,88"
101073223,2023-03-01,2027-02-28,"3168331,2"
101072699,2023-01-01,2026-12-31,"2664388,8"
101075626,2022-09-01,2025-08-31,"4987479,5"
101122563,2023-10-01,2025-03-31,150000
101117300,2024-01-01,2028-12-31,1499886
101055423,2022-09-01,2027-08-31,2468909
101072123,2024-01-01,2029-12-31,10259926
101059435,2022-11-01,2025-05-31,"211754,88"
101111203,2024-05-01,2026-04-30,"211754,88"
101119729,2023-12-01,2027-11-30,"2608819,2"
101107353,2024-09-01,2026-08-31,"226751,04"
101151470,2025-05-01,2027-04-30,"195914,88"
101119058,2024-09-01,2030-08-31,12744754
101131549,2024-01-01,2027-12-31,437000
101091543,2023-01-01,2026-12-31,"11178103,51"
101076865,2023-01-01,2027-12-31,1500000
101142530,2024-09-01,2029-08-31,"1152586,25"
101086252,2023-01-01,2026-12-31,1196000
101117126,2024-03-01,2029-02-28,1274500
101058386,2022-09-01,2025-08-31,11731665
101094603,2023-01-01,2025-12-31,"2739011,25"
101079774,2022-09-01,2025-12-31,"2999590,5"
101066346,2022-12-01,2024-11-30,"195914,88"
101118430,2024-01-01,2027-12-31,"2146615,2"
101153060,2025-01-13,2028-01-12,"301660,8"
101056891,2023-01-01,2025-12-31,2999428
101108756,2023-05-01,2025-04-30,"211754,88"
101185627,2025-01-01,2026-06-30,150000
101141745,2024-10-01,2029-09-30,2500000
101135523,2024-04-01,2027-09-30,4982272
101073045,2022-10-01,2026-09-30,"1846486,68"
101142682,2025-01-01,2029-12-31,"2493372,5"
101054117,2022-10-01,2027-09-30,2499514
101135044,2024-01-01,2026-12-31,"1425471,25"
101137229,2024-01-01,2027-12-31,7999295
101154600,2024-06-01,2026-05-31,"195914,88"
101068442,2022-11-01,2025-10-31,"291785,28"
101135868,2024-06-01,2027-05-31,"2582102,5"
101119562,2024-02-01,2028-01-31,"2716898,4"
101058784,2022-09-01,2025-08-31,"3880638,75"
101055175,2023-03-01,2028-02-29,2499851
101135279,2024-01-01,2026-12-31,2000000
101076814,2023-10-01,2028-09-30,1685085
101097569,2023-10-01,2028-09-30,2426034
101168776,2025-01-01,2028-12-31,"3806618,4"
101160061,2024-10-01,2027-09-30,"1499101,38"
101135301,2024-01-01,2026-06-30,"2842833,63"
101095380,2024-01-01,2028-12-31,3378750
101165786,2025-03-01,2030-02-28,1499973
101135783,2024-01-01,2027-06-30,"3777574,5"
101124764,2024-09-01,2029-08-31,2432705
101113690,2023-04-01,2026-09-30,"16594068,75"
101098103,2023-11-01,2028-10-31,2498196
101072578,2023-02-01,2027-01-31,"3505345,2"
101153826,2024-12-10,2026-12-09,"211754,88"
101183153,2025-02-01,2028-01-31,"2999942,5"
101097330,2023-10-01,2028-09-30,2500000
101069259,2022-05-01,2023-10-31,150000
101072798,2022-09-01,2026-08-31,"2092946,2"
101066588,2022-10-01,2024-09-30,"195914,88"
101169557,2024-11-01,2028-10-31,"3852872,8"
101077837,2023-06-01,2028-05-31,1499830
101151872,2025-09-01,2027-08-31,"195914,88"
101092080,2023-01-01,2026-12-31,"6297578,75"
101106904,2024-02-01,2026-01-31,"181152,96"
101072845,2022-09-01,2026-08-31,3162456
101065060,2023-02-01,2025-01-31,"176276,16"
101087175,2023-10-01,2028-09-30,2357165
101108730,2023-04-01,2025-03-31,"165312,96"
101129751,2024-01-01,2027-12-31,"24998586,25"
101141682,2024-11-01,2029-10-31,2499990
101052913,2023-04-01,2028-03-31,2370431
101054004,2022-10-01,2027-09-30,2500000
101082596,2023-01-01,2025-12-31,4328845
101089318,2024-04-01,2029-03-31,1998045
101157364,2024-06-01,2029-05-31,"23970598,22"
101107689,2024-03-01,2026-02-28,"195914,88"
101150259,2024-05-01,2026-04-30,"195914,88"
101137680,2024-01-01,2027-12-31,"7213742,68"
101152411,2025-02-01,2027-01-31,"211754,88"
101189537,2025-01-01,2028-12-31,"14999766,1"
101178435,2024-10-01,2028-09-30,"4998931,25"
101086733,2023-06-01,2028-05-31,1997250
101141259,2025-02-01,2030-01-31,2883478
101135876,2024-01-01,2026-12-31,"5994221,59"
101116660,2024-04-01,2029-03-31,1976593
101061241,2022-09-01,2026-08-31,"7815062,5"
101163069,2025-02-01,2030-01-31,1479643
101110423,2023-10-01,2025-09-30,"195914,88"
101135931,2024-01-01,2027-06-30,3000000
101078782,2023-05-01,2028-04-30,1158000
101089007,2023-10-01,2028-09-30,1999409
101069686,2022-09-01,2026-08-31,6998543
101115883,2024-07-01,2029-06-30,2018846
101116110,2024-09-01,2029-08-31,1398750
101097167,2024-01-01,2028-12-31,2499911
101131426,2024-01-01,2026-12-31,"2499082,5"
101154963,2024-07-01,2026-12-31,"244893,6"
101139161,2024-01-01,2026-12-31,"3999552,76"
101153990,2024-12-01,2026-11-30,"211754,88"
101072415,2023-03-01,2027-02-28,"2644804,8"
101059190,2023-09-01,2025-08-31,"195914,88"
101101422,2023-01-01,2025-12-31,"2499999,5"
101119980,2024-01-01,2027-12-31,2474352
101080144,2022-10-01,2025-09-30,"5130010,38"
101063324,2022-11-01,2024-10-31,"195914,88"
101125379,2025-02-01,2030-01-31,1992959
101068237,2023-09-01,2025-08-31,"195914,88"
101066172,2022-10-01,2024-09-30,"195914,88"
101104404,2024-03-01,2027-02-28,"265099,2"
101182840,2025-02-01,2029-01-31,1117800
101061037,2022-06-01,2027-05-31,"29414410,82"
101154312,2024-06-01,2026-05-31,"195914,88"
101080309,2023-04-01,2027-03-31,6183822
101106503,2023-05-01,2025-04-30,"211754,88"
101136736,2025-01-01,2030-12-31,12000000
101081604,2023-01-01,2026-12-31,"4457809,5"
101077129,2023-10-01,2028-09-30,1357500
101189422,2024-09-01,2026-02-28,150000
101117070,2024-01-01,2028-12-31,1499643
101061154,2022-05-01,2024-04-30,697930
101063363,2023-05-15,2025-05-14,"181152,96"
101062366,2022-11-01,2024-10-31,"211754,88"
101059853,2022-10-01,2026-09-30,2991694
101129744,2024-03-01,2027-02-28,"6789468,75"
101058007,2022-09-01,2025-08-31,"2518057,5"
101120296,2024-01-01,2027-12-31,"4049582,4"
101113096,2023-03-01,2024-08-31,150000
101061712,2022-10-01,2026-09-30,1979125
101098063,2023-07-01,2028-06-30,2994634
101165375,2024-10-01,2029-09-30,"19999999,92"
101077402,2023-01-01,2027-12-31,1495000
101168017,2025-01-01,2028-12-31,"3998202,5"
101058785,2022-09-01,2025-08-31,4738125
101172794,2024-09-01,2028-02-29,"3989562,75"
101131612,2023-11-01,2027-10-31,179400
101080152,2022-12-01,2025-11-30,3000000
101078960,2023-01-01,2025-12-31,1499545
101179396,2025-01-01,2029-12-31,2016000
101096156,2023-02-01,2027-01-31,4255536
101066996,2022-10-17,2024-10-16,"211754,88"
101136835,2023-12-01,2027-11-30,9650975
101069469,2022-09-01,2024-04-30,150000
101094731,2023-05-01,2027-04-30,"2999981,5"
101068547,2022-10-01,2024-09-30,"211754,88"
101135568,2024-01-01,2027-06-30,2500000
101087092,2023-10-01,2028-09-30,2000000
101109395,2023-09-01,2025-08-31,"195914,88"
101149879,2025-01-01,2026-12-31,"211754,88"
101054558,2022-10-01,2027-09-30,3186183
101162413,2024-04-01,2026-03-31,"305836,25"
101153390,2024-10-01,2026-09-30,"195914,88"
101120061,2023-09-01,2027-08-31,"2630361,6"
101097738,2024-04-01,2029-03-31,3182574
101112065,2023-07-01,2026-06-30,"10270312,54"
101153649,2024-09-02,2026-09-01,"195914,88"
101072761,2022-10-01,2026-09-30,"2820448,8"
101101409,2022-12-01,2025-12-31,"19986841,75"
101113273,2023-09-01,2025-02-28,150000
101118239,2023-07-01,2027-06-30,"4997353,5"
101079151,2022-11-01,2025-10-31,"1207443,75"
101163698,2025-01-01,2029-12-31,1497575
101130985,2023-11-01,2027-10-31,276000
101137912,2024-01-01,2027-02-28,"2764926,75"
101169419,2025-01-01,2028-12-31,"2865196,8"
101056822,2022-09-01,2026-02-28,5691451
101057253,2022-09-01,2025-08-31,1670875
101082125,2023-01-01,2025-12-31,"7499952,5"
101096307,2023-01-01,2025-12-31,5969258
101057388,2022-09-01,2025-08-31,3531124
101142154,2024-10-01,2029-09-30,2496170
101086308,2023-01-01,2026-12-31,1656000
101097804,2024-01-01,2028-12-31,2499986
101059400,2023-04-01,2025-03-31,"195914,88"
101131592,2024-09-01,2027-08-31,3972500
101169474,2024-09-01,2028-08-31,"3877120,8"
101093166,2023-01-01,2026-12-31,"3689509,66"
101188192,2025-01-01,2027-12-31,"2500308,75"
101069360,2022-09-01,2024-02-29,150000
101130652,2024-03-01,2028-02-29,"14496952,5"
101059863,2022-09-01,2025-08-31,"2989091,25"
101199513,2025-04-01,2026-09-30,150000
101081373,2023-01-01,2027-12-31,1344000
101087709,2024-03-01,2029-02-28,2499926
101109260,2023-10-01,2025-09-30,"195914,88"
101108453,2023-10-01,2025-09-30,"195914,88"
101147719,2025-09-01,2027-08-31,"211754,88"
101137642,2024-01-01,2026-12-31,"1974914,46"
101123050,2023-12-01,2025-05-31,150000
101135904,2024-01-01,2027-12-31,4074745
101071786,2023-06-01,2029-05-31,10858174
101097272,2023-12-01,2028-11-30,2134529
101105382,2024-01-01,2025-12-31,"124957,44"
101058583,2022-06-01,2026-05-31,10577055
101065828,2023-02-01,2025-01-31,"211754,88"
101124066,2024-06-01,2029-05-31,2130686
101110339,2023-10-01,2025-09-30,"211754,88"
101172940,2024-10-01,2028-09-30,"4332803,75"
101094299,2023-02-01,2027-01-31,"9633918,75"
101130187,2024-02-01,2027-01-31,"7274147,5"
101135729,2024-01-01,2027-12-31,"2750140,14"
101095237,2023-01-01,2025-12-31,"2977273,5"
101142339,2024-11-01,2029-10-31,2489125
101188416,2025-01-01,2027-12-31,6688960
101188004,2025-03-01,2029-02-28,9999253
101064814,2022-12-01,2024-11-30,"195914,88"
101117868,2024-03-01,2029-02-28,1562501
101111093,2023-07-01,2025-06-30,"187624,32"
101131516,2024-03-01,2027-02-28,"4991962,5"
101135316,2024-01-01,2027-12-31,"3913553,75"
101058565,2022-06-01,2026-05-31,4915870
101076072,2023-07-01,2028-06-30,1495733
101088331,2023-06-01,2028-05-31,1880000
101101346,2023-01-01,2025-12-31,"3331247,5"
101070506,2022-09-01,2026-08-31,"4893811,5"
101055250,2023-01-01,2027-12-31,3325441
101065994,2022-06-01,2024-10-31,"188590,08"
101094716,2023-01-01,2027-06-30,"7705725,25"
101151123,2024-12-01,2026-11-30,"195914,88"
101125069,2024-09-01,2029-08-31,2000000
101088089,2023-10-01,2028-09-30,1991768
101124289,2025-02-01,2030-01-31,1995506
101160091,2024-09-01,2027-08-31,1499775
101167188,2025-03-01,2031-02-28,8050793
101098375,2023-07-01,2028-06-30,3418549
101104947,2023-10-01,2025-09-30,"195914,88"
101168878,2025-01-01,2028-12-31,1590408
101115663,2024-01-01,2029-12-31,7818782
101169352,2025-01-01,2028-12-31,"2927620,8"
101117471,2024-06-01,2029-05-31,"1499667,5"
101079299,2022-11-01,2025-10-31,1480300
101116525,2023-11-01,2028-10-31,1274766
101062581,2022-06-01,2024-11-30,"235853,42"
101125917,2024-03-01,2029-02-28,2651590
101070193,2022-05-01,2025-04-30,"6636973,75"
101138132,2023-10-01,2025-03-31,150000
101096256,2022-12-01,2025-11-30,"18700384,32"
101086317,2023-01-01,2026-12-31,"2995164,88"
101057741,2022-06-01,2025-05-31,"6672182,5"
101064524,2022-09-01,2024-08-31,"211754,88"
101067194,2023-08-01,2025-07-31,"211754,88"
101142746,2025-04-01,2030-03-31,3490464
101063966,2022-10-01,2024-09-30,"140071,44"
101148683,2024-11-01,2026-10-31,"195914,88"
101111114,2023-09-01,2025-08-31,"195914,88"
101080445,2023-05-01,2027-04-30,6383217
101135289,2024-01-01,2027-12-31,"4765580,92"
101064573,2022-07-01,2024-06-30,"161493,36"
101122203,2023-10-01,2026-09-30,"4962618,54"
101183160,2024-08-01,2028-07-31,202400
101118915,2024-03-01,2028-02-29,"2628158,4"
101131245,2023-11-01,2027-10-31,1637600
101108939,2024-09-01,2026-08-31,"195914,88"
101141930,2024-11-01,2029-10-31,2499764
101131111,2024-01-01,2027-12-31,1467400
101148941,2025-09-01,2027-08-31,"195914,88"
101120280,2024-01-01,2027-12-31,"2181988,8"
101162321,2025-01-01,2029-12-31,1499601
101091621,2023-01-01,2026-12-31,"5995526,25"
101072977,2022-11-01,2026-10-31,2468844
101056844,2022-06-01,2026-11-30,7967115
101094628,2023-01-01,2026-12-31,3000000
101086276,2023-03-01,2027-02-28,1398400
101071707,2023-06-01,2029-05-31,"8707028,75"
101135374,2024-01-01,2027-12-31,"6947437,5"
101105029,2024-09-01,2026-08-31,"195914,88"
101120168,2023-09-01,2027-08-31,"2690092,8"
101125881,2025-01-01,2029-12-31,1998298
101126053,2024-09-01,2029-08-31,1961573
101097984,2023-10-01,2028-09-30,"2499489,84"
101065873,2022-10-03,2024-10-02,"211754,88"
101097842,2023-11-01,2028-10-31,2469604
101052601,2022-10-01,2027-09-30,2726588
101107155,2024-07-01,2026-06-30,"211754,88"
101086247,2023-01-01,2026-12-31,1159200
101126554,2023-12-01,2028-11-30,4838400
101147064,2024-12-01,2026-11-30,175920
101096610,2023-11-01,2028-10-31,"2499941,25"
101071777,2023-06-01,2029-05-31,10000000
101115755,2024-09-01,2029-08-31,2089972
101124193,2024-06-01,2029-05-31,1997676
101069703,2022-07-01,2026-06-30,"7999741,25"
101155599,2024-11-01,2026-10-31,"195914,88"
101069173,2022-09-01,2024-02-29,150000
101150282,2024-06-01,2026-05-31,"211754,88"
101159929,2024-10-01,2027-09-30,1478375
101072537,2022-10-01,2026-09-30,"2563591,4"
101096436,2023-12-01,2026-11-30,1905741
101058751,2022-06-01,2026-05-31,5845857
101087656,2024-01-01,2028-12-31,1999838
101103315,2024-01-01,2025-12-31,"195914,88"
101058595,2022-07-01,2025-06-30,1350000
101092243,2023-01-01,2026-12-31,5083466
101188179,2025-04-01,2028-03-31,"6999766,25"
101113043,2024-01-01,2027-06-30,"2999806,25"
101058756,2022-06-01,2026-05-31,8358044
101076911,2023-01-01,2025-12-31,5965630
101086521,2023-01-01,2026-12-31,4939558
101109972,2023-07-01,2025-01-31,"146936,16"
101131826,2023-10-01,2026-09-30,5000000
101158446,2024-10-01,2027-09-30,1259000
101082532,2023-01-01,2025-06-30,1499853
101072505,2023-01-01,2026-12-31,"2649823,2"
101070287,2022-10-01,2025-09-30,"3180372,25"
101107488,2024-02-01,2027-01-31,"272536,32"
101097182,2023-10-01,2028-09-30,2458750
101079264,2022-11-01,2025-10-31,"1487208,75"
101131957,2024-01-01,2026-12-31,"4999999,55"
101108433,2023-07-01,2025-06-30,"195914,88"
101070165,2022-10-01,2026-09-30,"4999187,5"
101162788,2025-01-01,2029-12-31,1499779
101062023,2022-11-14,2025-11-13,"291785,28"
101065137,2022-09-01,2024-08-31,"189687,36"
101136302,2023-11-01,2025-10-31,1218550
101117090,2024-02-01,2029-01-31,1836141
101087901,2024-01-01,2028-12-31,2491486
101119258,2024-01-01,2027-12-31,"2737461,6"
101136269,2024-03-01,2027-02-28,5000000
101137639,2024-01-01,2027-12-31,"6811904,04"
101063367,2023-05-01,2025-04-30,"211754,88"
101105979,2024-02-01,2026-01-31,"195914,88"
101104279,2023-10-01,2025-09-30,"211754,88"
101073025,2023-03-01,2027-02-28,"2734401,6"
101055148,2023-02-01,2028-01-31,3062393
101158298,2024-05-01,2025-10-31,150000
101172493,2024-10-01,2026-12-31,"1969890,02"
101063660,2022-09-01,2024-08-31,"195914,88"
101108933,2023-06-01,2025-05-31,"195914,88"
101057511,2022-09-01,2026-08-31,14174110
101126009,2024-05-01,2029-04-30,2960956
101081838,2022-09-01,2024-02-29,150000
101068121,2023-09-01,2025-08-31,"165312,96"
101086085,2023-01-01,2026-12-31,1384600
101168687,2024-10-01,2028-09-30,"3563020,8"
101059639,2022-07-01,2026-06-30,"7075439,25"
101112295,2023-05-01,2026-04-30,"11990217,65"
101119988,2023-10-01,2027-09-30,"2635502,4"
101076898,2023-03-01,2028-02-29,1497536
101086358,2024-02-01,2029-01-31,2574750
101080823,2023-07-01,2028-06-30,"6998037,5"
101070208,2023-01-01,2026-06-30,4181092
101066495,2023-09-01,2025-08-31,"195914,88"
101076093,2023-09-01,2028-08-31,1499513
101150852,2024-08-01,2026-07-31,"195914,88"
101155516,2024-05-01,2026-04-30,"211754,88"
101066781,2022-09-01,2024-08-31,"211754,88"
101146245,2025-04-01,2028-09-30,"353380,32"
101104374,2023-09-01,2025-09-30,"211754,88"
101161107,2025-03-01,2030-02-28,1499558
101065547,2023-09-01,2025-08-31,"195914,88"
101063894,2023-06-01,2026-05-31,"308746,56"
101052653,2023-01-01,2027-12-31,2558250
101169117,2025-01-01,2028-12-31,"3970022,4"
101111964,2023-06-01,2026-05-31,"2941312,75"
101149987,2024-10-01,2026-09-30,"195914,88"
101062414,2023-09-01,2025-08-31,"181152,96"
101151215,2024-10-01,2026-09-30,"211754,88"
101063393,2023-06-01,2025-05-31,"195914,88"
101137844,2024-04-01,2028-03-31,"4244080,5"
101151941,2024-09-01,2026-08-31,"211754,88"
101131669,2024-06-01,2027-05-31,3999891
101119927,2024-01-01,2027-12-31,"2591071,2"
101131928,2024-09-01,2028-08-31,"14499999,25"
101169136,2024-12-01,2028-11-30,"4048480,8"
101071470,2023-04-01,2029-03-31,10834795
101060429,2022-07-01,2026-06-30,"9709202,75"
101077364,2023-02-01,2028-01-31,1500000
101066020,2023-01-01,2025-12-31,"332506,56"
101117080,2023-11-01,2028-10-31,1499179
101131771,2024-10-01,2028-09-30,5000000
101150763,2024-05-01,2026-04-30,"195914,88"
101109317,2024-07-08,2026-07-07,"140797,44"
101079482,2023-01-01,2025-12-31,"1499887,5"
101152860,2025-03-01,2027-02-28,"195914,88"
101106797,2024-09-01,2027-08-31,"300441,6"
101064940,2022-11-01,2025-10-31,"308746,56"
101153975,2025-01-01,2026-12-31,"195914,88"
101107619,2024-09-01,2026-08-31,"211754,88"
101080166,2022-12-01,2026-05-31,"7485727,25"
101069726,2022-07-01,2026-06-30,"8252034,75"
101058636,2022-06-01,2026-05-31,8078862
101072488,2023-03-01,2027-02-28,2062404
101138653,2024-01-01,2025-06-30,150000
101182795,2025-02-01,2028-01-31,4000000
101112754,2023-06-01,2026-05-31,"6999965,75"
101135435,2024-01-01,2027-12-31,"4856697,5"
101188332,2025-01-01,2027-12-31,"8253357,5"
101054470,2022-10-01,2027-09-30,"2251292,5"
101169330,2024-10-01,2028-09-30,2348280
101142836,2025-01-01,2029-12-31,2396099
101110215,2023-09-01,2025-08-31,"199694,4"
101058078,2022-05-01,2025-10-31,"7110470,25"
101178706,2025-02-01,2028-01-31,"3097491,65"
101108336,2023-10-01,2025-09-30,"211754,88"
101091968,2022-12-01,2026-11-30,"4063607,99"
101101407,2023-01-01,2026-12-31,"4942898,5"
101086228,2023-01-01,2026-12-31,579600
101061068,2022-10-01,2026-09-30,"6633494,72"
101056715,2023-01-01,2025-06-30,"3675176,25"
101131550,2024-01-01,2026-06-30,"2499542,5"
101119786,2023-10-01,2027-09-30,"3950152,8"
101073465,2023-03-01,2027-02-28,"2741623,2"
101137774,2024-01-01,2026-12-31,"4927664,93"
101119738,2024-03-01,2028-02-29,2023236
101129618,2023-12-01,2027-11-30,496800
101155345,2024-12-01,2026-11-30,"211754,88"
101183090,2025-02-01,2028-01-31,469200
101103544,2024-01-16,2026-01-15,"181152,96"
101137289,2024-01-01,2027-12-31,10000000
101079773,2022-11-01,2026-10-31,2490000
101117322,2023-10-01,2028-09-30,1477856
101165361,2025-01-01,2029-12-31,1954154
101110708,2024-01-01,2025-12-31,"211754,88"
101063193,2022-09-01,2024-08-31,"211754,88"
101091669,2022-12-01,2027-05-31,4708219
101059260,2022-10-01,2027-03-31,5998173
101065751,2022-07-01,2024-06-30,"195914,88"
101142651,2024-10-01,2029-09-30,2496700
101139842,2024-06-01,2027-05-31,"11963652,14"
101169421,2025-01-01,2028-12-31,"2532686,4"
101162777,2025-01-01,2029-12-31,"2278467,75"
101058518,2022-10-01,2026-09-30,"13923475,77"
101146193,2025-09-01,2027-08-31,"195914,88"
101146226,2025-02-01,2027-01-31,"195914,88"
101107105,2023-09-01,2025-08-31,"211754,88"
101162990,2025-01-01,2029-12-31,1479500
101078837,2023-01-01,2027-12-31,1493515
101103026,2023-10-01,2025-01-31,"130609,92"
101080022,2022-10-01,2026-09-30,3000000
101119715,2024-01-01,2027-12-31,2171340
101108767,2023-06-01,2025-05-31,"173847,36"
101135546,2024-01-01,2027-12-31,"6774823,75"
101159770,2024-10-01,2027-09-30,"1493417,5"
101149232,2024-08-01,2026-07-31,"195914,88"
101155099,2024-09-01,2026-08-31,"195914,88"
101079148,2022-10-01,2024-12-31,1353600
101103621,2024-01-01,2025-12-31,"195914,88"
101141284,2024-11-01,2029-10-31,2499079
101084628,2023-05-01,2026-10-31,5991692
101062082,2023-03-01,2025-02-28,"189687,36"
101065794,2023-09-01,2025-08-31,"165312,96"
101180587,2025-09-01,2027-08-31,"156778,56"
101146593,2025-06-01,2027-05-31,"211754,88"
101078174,2024-02-01,2029-01-31,1411041
101054420,2023-09-01,2028-08-31,2182250
101094765,2023-02-01,2026-01-31,"2498882,5"
101111984,2023-11-01,2029-01-31,"7999998,64"
101188028,2025-01-01,2028-12-31,9999300
101123039,2023-11-01,2025-04-30,150000
101169415,2025-03-01,2030-02-28,"3560882,4"
101118911,2024-10-01,2030-09-30,12975660
101125012,2025-01-01,2029-12-31,1236738
101158062,2024-03-01,2025-08-31,150000
101109706,2023-10-01,2025-09-30,"211754,88"
101160786,2025-01-01,2029-12-31,2382203
101164820,2025-01-01,2029-12-31,1465438
101080156,2023-10-01,2026-09-30,"2682897,5"
101137080,2025-01-01,2030-12-31,15000000
101091534,2023-01-01,2026-12-31,5168000
101141606,2024-09-01,2029-08-31,"2494223,75"
101066174,2022-08-01,2024-07-31,"195914,88"
101137582,2024-09-01,2028-08-31,"3949193,75"
101147311,2024-09-01,2028-02-29,"6792147,26"
101110545,2024-09-01,2026-08-31,"210911,04"
101106663,2023-09-01,2026-08-31,"308746,56"
101152426,2025-04-01,2027-03-31,"211754,88"
101080462,2023-06-01,2027-05-31,"4675947,75"
101189970,2025-01-01,2027-12-31,"2735879,34"
101089040,2023-10-01,2028-09-30,1999555
101062455,2023-09-01,2025-08-31,"211754,88"
101154645,2025-02-01,2027-01-31,"211754,88"
101071937,2023-04-01,2029-03-31,9982879
101123233,2024-09-01,2026-02-28,150000
101169269,2025-02-01,2029-01-31,3258540
101149195,2024-06-01,2026-05-31,"211754,88"
101142565,2025-09-01,2030-08-31,2499534
101064765,2022-10-01,2024-09-30,"211754,88"
101108121,2024-09-01,2026-08-31,"195914,88"
101069301,2022-10-01,2024-03-31,150000
101087562,2023-10-01,2028-09-30,1779805
101161519,2025-03-01,2030-02-28,1496500
101110412,2023-06-01,2025-05-31,"195914,88"
101094353,2023-02-01,2027-01-31,"5804682,5"
101088091,2023-10-01,2028-09-30,1996625
101101073,2023-04-01,2024-09-30,150000
101069490,2022-10-01,2025-09-30,4788752
101123478,2023-07-01,2024-12-31,150000
101191768,2024-11-01,2028-10-31,"2497861,25"
101062645,2022-09-01,2024-08-31,"210984,88"
101086807,2024-04-01,2029-03-31,1996550
101106868,2023-07-01,2026-06-30,"308746,56"
101069505,2022-09-01,2026-08-31,"6980937,5"
101058692,2022-06-01,2026-11-30,6226743
101159925,2024-06-01,2027-05-31,"1406876,25"
101095959,2024-09-01,2029-08-31,2496206
101063049,2023-02-01,2025-01-31,"211754,88"
101168870,2025-03-01,2029-02-28,4041810
101057216,2022-06-01,2027-05-31,6635053
101071793,2023-05-01,2029-04-30,9813625
101081395,2023-01-01,2026-12-31,"4994262,25"
101119596,2024-01-01,2027-12-31,"2431389,6"
101059890,2023-09-01,2025-08-31,"195914,88"
101077954,2023-03-01,2028-02-29,1449935
101135036,2024-01-01,2026-12-31,"1128831,25"
101064705,2022-09-01,2024-08-31,"136073,04"
101164053,2025-01-01,2027-12-31,2324645
101142600,2024-10-01,2029-09-30,3202849
101070482,2022-10-01,2025-09-30,"4781502,5"
101108229,2023-05-01,2026-04-30,"265694,4"
101105640,2023-09-01,2025-08-31,"211754,88"
101070381,2022-10-01,2026-09-30,4990046
101103348,2024-09-01,2026-08-31,"195914,88"
101146991,2025-09-01,2027-08-31,"195914,88"
101058728,2022-09-01,2025-08-31,1999990
101108750,2024-09-01,2026-08-31,"195914,88"
101154436,2025-01-09,2027-01-08,"211754,88"
101152919,2025-02-03,2027-02-02,"211754,88"
101129095,2024-01-01,2027-12-31,1044200
101105291,2024-01-01,2025-12-31,"211754,88"
101124345,2024-08-01,2029-07-31,1974676
101160452,2024-09-01,2029-08-31,1499196
101105565,2023-05-01,2025-04-30,"211754,88"
101152898,2024-10-01,2026-09-30,"195914,88"
101072454,2023-02-01,2027-01-31,"2618733,6"
101125232,2024-09-01,2029-08-31,1999434
101149114,2024-09-01,2026-08-31,"211754,88"
101081821,2022-10-01,2024-03-31,150000
101070596,2022-07-01,2026-06-30,11499999
101129888,2024-06-01,2028-05-31,"7999972,5"
101189545,2024-12-01,2027-11-30,4972820
101188018,2025-01-01,2027-12-31,"8183498,75"
101101026,2022-11-01,2024-04-30,150000
101189542,2024-12-01,2028-11-30,"3071640,77"
101131435,2024-03-01,2028-02-29,"4660023,75"
101119780,2024-02-01,2028-01-31,2642112
101131822,2024-01-01,2027-12-31,14457463
101056865,2022-09-01,2026-08-31,5043800
101152149,2024-10-01,2026-09-30,"211754,88"
101181930,2025-03-01,2029-02-28,"7068391,25"
101148446,2024-06-01,2026-05-31,"195914,88"
101142048,2025-01-01,2029-12-31,2499958
101108063,2024-07-01,2026-06-30,"181152,96"
101106002,2024-05-01,2026-04-30,"211754,88"
101116491,2024-09-01,2029-08-31,1498315
101065389,2022-10-01,2024-09-30,"211754,88"
101112836,2023-10-01,2027-09-30,"17438626,29"
101164392,2025-01-01,2029-12-31,1478971
101107788,2024-09-01,2026-08-31,"211754,88"
101076866,2023-10-01,2028-09-30,1500000
101074010,2022-10-01,2025-09-30,"2978095,5"
101117745,2024-07-01,2029-06-30,1499928
101169471,2025-01-01,2028-12-31,"3285662,4"
101116914,2023-12-01,2028-11-30,1322000
101178477,2025-03-01,2029-02-28,"2999692,5"
101097300,2022-12-01,2025-12-31,"10171160,41"
101054448,2023-01-01,2027-12-31,2500000
101097755,2023-10-01,2028-09-30,2498750
101069377,2022-07-01,2023-12-31,150000
101138532,2024-01-01,2026-12-31,"4234846,88"
101152976,2025-07-01,2027-06-30,"195914,88"
101052911,2023-01-01,2027-12-31,2726936
101097537,2023-10-01,2028-09-30,2499540
101120139,2024-02-01,2028-01-31,"2663776,8"
101125437,2024-12-01,2029-11-30,1950000
101148330,2024-11-01,2026-10-31,"195914,88"
101065171,2023-09-01,2025-08-31,"195914,88"
101058414,2022-09-01,2026-08-31,13679983
101119261,2024-02-01,2028-01-31,"2657779,2"
101082254,2022-10-01,2024-03-31,150000
101110987,2023-11-01,2025-10-31,"195914,88"
101138305,2024-01-01,2027-12-31,"4878345,25"
101070536,2022-11-01,2026-10-31,"3298408,24"
101140677,2025-01-01,2029-12-31,3499421
101145709,2024-10-01,2027-09-30,"2999868,67"
101062690,2022-11-01,2026-06-30,"300441,6"
101057429,2022-06-01,2027-05-31,9045288
101136769,2024-01-01,2027-12-31,6419025
101098206,2024-01-01,2028-12-31,2155047
101123144,2023-08-01,2025-01-31,150000
101068962,2023-07-01,2025-06-30,"173847,36"
101125593,2024-09-01,2029-08-31,1997828
101078516,2024-01-01,2028-12-31,1499526
101077017,2023-08-01,2028-07-31,1500000
101072759,2023-02-01,2027-01-31,2629260
101057619,2022-09-01,2029-08-31,22982612
101103053,2023-04-01,2028-03-31,"7967127,5"
101080302,2023-05-01,2027-04-30,"5292785,75"
101095483,2023-01-01,2025-12-31,"4642249,75"
101137484,2024-01-01,2028-12-31,6912872
101160053,2024-10-01,2027-09-30,"1499867,81"
101057243,2022-09-01,2027-08-31,4473958
101194778,2025-02-01,2029-07-31,"11736302,5"
101191791,2025-01-01,2028-12-31,"7705321,75"
101072485,2023-01-01,2026-12-31,"2747131,2"
101159246,2024-06-01,2027-05-31,"1189403,75"
101178095,2025-01-01,2028-12-31,"3999627,59"
101147456,2024-04-01,2027-03-31,"3811110,32"
101108814,2023-07-01,2025-06-30,"230774,4"
101072580,2022-09-01,2026-08-31,"2846275,2"
101123257,2023-07-01,2024-12-31,150000
101095998,2023-01-01,2026-12-31,"6580837,5"
101054945,2022-10-01,2027-09-30,2556251
101163534,2024-11-01,2029-10-31,1497100
101081358,2023-06-01,2026-11-30,"4992062,5"
101152937,2024-10-01,2026-09-30,"230774,4"
101192442,2025-01-01,2028-12-31,"3992949,44"
101135483,2023-11-01,2026-10-31,"5504122,5"
101103873,2023-09-01,2027-08-31,"4997062,5"
101054572,2023-01-01,2027-12-31,"2491730,5"
101126182,2024-06-01,2029-05-31,1999933
101059823,2022-10-01,2026-09-30,"4609981,25"
101106463,2024-01-01,2025-12-31,"230774,4"
101076447,2022-09-01,2025-08-31,1488250
101135237,2024-01-01,2028-06-30,"8815251,25"
101063801,2022-10-01,2024-09-30,"214934,4"
101084158,2022-11-01,2025-10-31,"3036451,25"
101114738,2023-07-01,2026-06-30,"1624640,34"
101138211,2024-01-01,2027-12-31,"12084731,25"
101137990,2024-01-01,2027-12-31,"4924128,5"
101173002,2024-09-01,2028-08-31,"9996021,41"
101119968,2023-10-01,2027-09-30,"2788624,8"
101064064,2023-03-01,2025-02-28,"214934,4"
101091765,2023-01-01,2026-12-31,"3971426,5"
101138341,2024-09-01,2028-08-31,7999805
101084297,2022-11-01,2026-04-30,"9852707,75"
101113532,2023-04-01,2024-09-30,150000
101104022,2023-09-01,2026-08-31,"3102223,75"
101112851,2023-04-01,2024-09-30,150000
101178148,2024-12-01,2028-11-30,"13924216,39"
101192341,2025-01-01,2027-12-31,"2998152,37"
101125993,2024-08-01,2029-07-31,1999114
101055224,2023-01-01,2027-12-31,2792416
101082049,2023-12-01,2027-11-30,3909870
101132028,2024-03-01,2027-02-28,3999985
101073357,2022-12-01,2026-11-30,"2655820,8"
101135785,2023-12-04,2027-12-03,"5998129,23"
101112345,2023-09-01,2028-02-29,"4995504,75"
101164292,2024-10-01,2029-09-30,1500000
101058548,2022-06-01,2025-11-30,7999728
101067399,2022-06-01,2023-11-30,150000
101189436,2024-12-01,2026-05-31,150000
101073003,2023-01-01,2026-12-31,"2660961,6"
101064284,2022-08-08,2024-08-07,"230774,4"
101149788,2025-01-01,2026-12-31,"153486,72"
101189403,2024-09-01,2026-02-28,150000
101101479,2023-01-01,2028-12-31,9993652
101117888,2024-01-01,2028-12-31,1475751
101119297,2024-02-01,2028-01-31,"1677556,8"
101057843,2022-09-01,2026-08-31,"9255878,75"
101147509,2024-05-01,2027-04-30,"1881205,7"
101147618,2024-09-01,2028-08-31,"4263623,75"
101125654,2024-06-01,2029-05-31,1999024
101106115,2023-08-01,2025-07-31,"214934,4"
101168796,2024-10-01,2028-09-30,"2645661,6"
101135537,2023-12-01,2027-11-30,"6794831,75"
101153662,2025-07-01,2028-09-30,"303776,64"
101113002,2023-06-01,2027-07-31,"2894851,33"
101147113,2024-05-01,2028-04-30,"4997269,88"
101095055,2023-05-01,2026-04-30,9744100
101101461,2023-01-01,2027-12-31,"4677848,75"
101182946,2024-10-01,2028-09-30,1163800
101084300,2022-11-01,2027-04-30,"15995130,36"
101072377,2022-09-01,2026-08-31,"2642601,6"
101156861,2024-10-01,2027-09-30,"2224748,82"
101081783,2023-02-01,2027-01-31,"2868871,5"
101079912,2022-10-01,2024-11-30,4754000
101131229,2023-10-01,2027-09-30,483000
101181470,2024-11-01,2027-10-31,"4499427,5"
101073547,2022-09-01,2026-08-31,"1933016,4"
101066474,2023-09-01,2025-08-31,"230774,4"
101084205,2023-01-01,2026-12-31,"5995208,75"
101135307,2024-01-01,2027-12-31,4197180
101058956,2022-09-01,2026-08-31,"8755388,75"
101060874,2022-06-01,2029-05-31,26019783
101073978,2022-10-01,2026-09-30,"5054599,99"
101057404,2022-09-01,2025-08-31,8448129
101151542,2024-09-01,2026-08-31,"214934,4"
101138451,2024-01-01,2026-12-31,"4993125,47"
101096437,2023-01-01,2026-03-31,"12362239,68"
101093865,2022-12-01,2025-11-30,"8499998,75"
101119358,2024-01-01,2027-12-31,2773692
101101343,2023-06-01,2026-05-31,"2504964,75"
101155102,2024-04-01,2026-03-31,"199694,4"
101072409,2022-10-01,2026-09-30,"2807107,2"
101062241,2022-06-01,2024-05-31,"230774,4"
101076437,2023-01-01,2027-12-31,1499578
101059407,2022-10-01,2025-09-30,3587827
101096672,2023-01-01,2026-06-30,"7984492,5"
101105465,2024-05-01,2026-04-30,"214934,4"
101139060,2024-01-01,2026-12-31,"6304468,75"
101146689,2024-06-01,2027-05-31,"6155052,95"
101135343,2024-01-01,2027-06-30,"4999582,79"
101168853,2025-02-01,2029-01-31,"3469629,6"
101095408,2023-01-01,2026-12-31,"3997718,25"
101159489,2024-10-01,2027-09-30,"1498911,57"
101056765,2022-06-01,2025-11-30,8989682
101072920,2022-09-01,2026-08-31,"2812982,4"
101147397,2024-05-01,2027-04-30,"3510767,5"
101060888,2022-07-01,2024-06-30,"230774,4"
101069672,2022-09-01,2026-02-28,"8901668,75"
101119550,2023-09-01,2027-08-31,"4221676,8"
101134976,2024-06-01,2028-05-31,"4033168,5"
101059892,2023-01-01,2026-12-31,3880352
101073040,2023-02-01,2027-01-31,"2854965,6"
101067606,2022-08-01,2024-07-31,"214934,4"
101154277,2025-02-01,2027-01-31,"214934,4"
101169370,2025-01-01,2028-12-31,"3450657,6"
101103587,2023-10-01,2025-09-30,"214934,4"
101107269,2023-06-01,2025-05-31,"172750,08"
101088163,2023-06-01,2028-05-31,1995554
101135438,2024-01-01,2026-12-31,3999950
101072637,2022-10-01,2026-09-30,"2157141,6"
101101521,2023-01-01,2025-12-31,"3998028,75"
101136480,2024-02-01,2028-01-31,"5111918,9"
101169470,2025-01-01,2028-12-31,"4380796,8"
101180399,2024-10-01,2028-03-31,"4996972,25"
101137411,2024-01-01,2028-12-31,6987974
101119903,2024-03-01,2028-02-29,"2783606,4"
101137636,2024-01-01,2027-12-31,"5991258,5"
101120366,2023-12-01,2027-11-30,"2707800,6"
101093910,2023-01-01,2026-12-31,"10369172,25"
101149582,2024-06-01,2026-05-31,"230774,4"
101069605,2022-07-01,2025-06-30,"2987729,75"
101189703,2025-01-01,2027-12-31,"4999183,75"
101136674,2024-02-01,2028-01-31,"4972602,5"
101138859,2024-01-01,2026-12-31,"5815700,07"
101101072,2023-01-01,2024-06-30,150000
101138289,2024-01-01,2026-12-31,"3981301,99"
101095017,2023-01-01,2025-06-30,1499887
101093006,2023-01-01,2025-12-31,"6252358,75"
101192681,2025-01-01,2028-06-30,"9974738,55"
101160665,2024-06-01,2028-05-31,10997750
101137866,2024-02-01,2027-01-31,2999523
101094131,2023-02-01,2026-01-31,"8265079,64"
101073554,2022-10-01,2027-06-30,"3768541,2"
101136748,2024-02-01,2028-01-31,"5665996,25"
101094649,2023-01-01,2026-12-31,"3285944,5"
101069839,2022-09-01,2026-02-28,7972950
101133587,2024-01-01,2027-12-31,6000000
101083716,2023-01-01,2026-12-31,5424916
101112026,2023-06-01,2026-05-31,2000000
101069212,2022-05-01,2023-10-31,150000
101136677,2024-01-01,2028-12-31,"5996694,01"
101056933,2022-09-01,2027-02-28,"8695369,5"
101120389,2023-12-01,2027-11-30,"2637583,2"
101103966,2023-05-01,2027-04-30,4999765
101168667,2024-09-01,2028-08-31,"4281897,6"
101070195,2022-09-01,2025-08-31,3830019
101113483,2023-09-01,2025-02-28,150000
101131056,2024-03-01,2027-02-28,"4218809,75"
101153602,2025-05-01,2027-04-30,"230774,4"
101178775,2024-11-01,2027-10-31,"4993302,5"
101119499,2024-02-01,2028-01-31,"2677118,4"
101192452,2025-01-01,2027-12-31,4999305
101103827,2024-04-02,2026-04-01,"199440,96"
101083460,2023-01-01,2025-12-31,3346455
101058426,2022-06-01,2026-05-31,12404455
101169068,2024-11-01,2028-10-31,"3237962,46"
101137851,2024-02-01,2028-01-31,10174699
101188133,2025-01-01,2027-12-31,3998631
101083700,2022-11-01,2026-04-30,3334885
101106833,2023-10-01,2025-09-30,"230774,4"
101168769,2025-03-01,2029-02-28,"3637267,2"
101075582,2022-10-01,2025-09-30,"2499933,75"
101060546,2022-07-01,2025-06-30,3518900
101097215,2024-01-01,2028-12-31,2998010
101059898,2023-09-01,2029-08-31,15000000
101064186,2022-11-01,2024-10-31,"214934,4"
101057344,2022-06-01,2025-05-31,8011443
101058054,2022-10-01,2026-03-31,6813734
101103801,2023-06-01,2026-11-30,"10173870,51"
101136377,2024-01-01,2028-12-31,3928100
101060066,2023-09-01,2029-08-31,14942500
101086437,2023-01-01,2026-12-31,772800
101169225,2025-01-01,2028-12-31,"3233937,6"
101069404,2022-05-01,2023-10-31,150000
101136128,2024-01-01,2027-12-31,"17875306,25"
101151106,2025-06-02,2027-06-01,"230774,4"
101120732,2023-10-01,2027-09-30,"8990161,5"
101146377,2024-07-01,2028-06-30,"4992551,38"
101155437,2025-01-01,2026-12-31,"230774,4"
101113011,2023-09-01,2026-08-31,"2997766,88"
101082021,2022-12-01,2026-11-30,"7255036,75"
101195116,2024-10-01,2026-09-30,1250000
101107795,2023-10-01,2025-09-30,"214934,4"
101189405,2024-09-01,2026-02-28,150000
101058032,2022-06-01,2027-05-31,18084895
101160289,2024-10-01,2027-09-30,"1499992,5"
101169504,2024-10-01,2028-09-30,"3651638,4"
101096409,2023-01-01,2026-12-31,4079701
101060712,2022-06-01,2026-05-31,"4629816,25"
101135288,2024-01-01,2026-12-31,"10340741,5"
101147850,2024-05-01,2027-04-30,"4992381,25"
101159993,2024-07-01,2027-06-30,1482125
101147098,2024-07-01,2026-06-30,"230774,4"
101071485,2023-02-01,2027-01-31,"2160201,6"
101081775,2022-12-01,2026-03-31,"16995469,75"
101101274,2023-01-01,2025-12-31,"2543398,75"
101072717,2023-01-01,2026-12-31,"2412295,2"
101063836,2022-05-15,2024-05-14,"214934,4"
101081377,2024-01-01,2026-12-31,3444624
101066991,2022-06-15,2024-06-14,"230774,4"
101086302,2023-01-01,2026-12-31,1030400
101059643,2022-07-01,2024-06-30,"230774,4"
101138330,2024-07-01,2027-12-31,"11475711,83"
101131793,2024-03-01,2028-08-31,"14499997,59"
101111188,2024-02-01,2026-01-31,"230774,4"
101060072,2023-03-01,2027-02-28,10632000
101083922,2022-11-01,2027-10-31,"13094052,25"
101066863,2022-11-01,2025-07-31,"230774,4"
101046203,2021-10-01,2024-09-30,12000000
101152999,2024-08-01,2026-07-31,"215534,4"
101109045,2023-12-01,2025-05-31,"130385,52"
101065339,2023-05-01,2025-04-30,"214934,4"
101056862,2022-06-01,2026-05-31,4377332
101093888,2023-01-01,2026-06-30,"9590770,66"
101058670,2022-04-01,2026-03-31,6974419
101120353,2023-09-01,2027-08-31,"2799028,8"
101059813,2022-10-01,2026-09-30,"6056434,25"
101118369,2024-02-01,2028-01-31,"2929384,8"
101136087,2024-01-01,2027-12-31,5994964
101137682,2024-04-01,2028-03-31,"6638882,5"
101093042,2022-12-01,2025-11-30,"4549248,75"
101054584,2022-09-01,2027-08-31,3499625
101073486,2022-09-01,2026-08-31,2729016
101157936,2024-09-01,2029-08-31,"9492212,5"
101095643,2023-01-01,2026-12-31,2567165
101093188,2024-01-01,2028-12-31,2491210
101136182,2023-11-01,2026-10-31,"599987,25"
101137725,2024-01-01,2027-06-30,5106384
101098064,2024-01-01,2028-12-31,2494159
101069690,2022-09-01,2025-08-31,"3125714,75"
101093015,2022-12-01,2026-11-30,"3694302,5"
101106112,2023-11-01,2025-10-31,"230774,4"
101152844,2024-08-01,2026-07-31,"230774,4"
101126012,2024-01-01,2028-12-31,1998736
101192888,2025-01-01,2028-06-30,"2499996,25"
101182220,2025-01-01,2028-12-31,6790375
101120422,2023-10-01,2027-09-30,"2661328,8"
101192169,2025-01-01,2028-12-31,"4983490,08"
101111194,2023-09-01,2025-08-31,"230774,4"
101095113,2023-04-01,2026-03-31,2467708
101137600,2023-12-01,2026-11-30,2655084
101081273,2023-01-01,2026-12-31,"8527588,75"
101131278,2024-01-01,2027-12-31,1283400
101081430,2023-01-01,2026-12-31,"3526154,5"
101058684,2022-06-01,2026-05-31,10616225
101057765,2022-09-01,2025-08-31,5138388
101056907,2022-09-01,2026-08-31,5788411
101057779,2022-09-01,2026-08-31,6925582
101068908,2022-07-01,2024-06-30,"173847,36"
101138003,2024-09-01,2027-08-31,"3294823,75"
101167856,2025-02-01,2029-01-31,"4167943,2"
101166515,2024-09-01,2028-08-31,"2608282,5"
101094752,2023-03-01,2026-02-28,"3376955,09"
101130177,2024-02-01,2028-01-31,1564000
101169280,2024-12-01,2028-11-30,"3915921,6"
101184962,2025-02-01,2029-01-31,"7498531,25"
101138930,2024-09-01,2028-08-31,"6698006,63"
101096055,2023-02-01,2026-01-31,"3111446,25"
101135203,2024-01-01,2027-12-31,"1076873,75"
101092766,2023-01-01,2026-06-30,"11829201,25"
101092018,2023-01-01,2026-06-30,2132745
101162444,2025-01-01,2029-12-31,1499589
101055195,2023-01-01,2027-12-31,"2499998,5"
101094036,2023-04-01,2026-03-31,"1972097,25"
101139133,2024-01-01,2026-12-31,"3592544,78"
101081193,2023-01-01,2027-12-31,"7691803,96"
101073237,2023-03-01,2027-02-28,"2766103,2"
101095435,2023-01-01,2026-12-31,6659650
101096021,2023-01-01,2025-12-31,"4757739,5"
101188956,2025-01-01,2026-06-30,150000
101120823,2023-11-01,2027-04-30,"6285273,75"
101059603,2022-06-01,2025-05-31,2859123
101150036,2024-12-01,2026-11-30,"181152,96"
101073485,2023-02-01,2027-01-31,"2764144,8"
101168795,2025-01-01,2028-12-31,2399688
101168906,2025-02-01,2029-01-31,2453616
101109136,2023-09-01,2025-08-31,"172618,56"
101082194,2023-01-01,2025-12-31,5293676
101072698,2023-03-01,2027-02-28,"2429308,8"
101062258,2023-02-01,2025-07-31,"226441,2"
101082169,2023-11-01,2027-04-30,"5719827,97"
101138767,2024-01-01,2026-12-31,"6372570,51"
101092153,2023-01-01,2026-12-31,23267442
101104163,2023-05-01,2026-04-30,"7294412,14"
101118265,2023-06-01,2027-05-31,"9999706,39"
101058293,2022-06-01,2025-11-30,"7535960,38"
101092069,2023-01-01,2025-12-31,7462614
101136217,2024-01-01,2027-12-31,"29285939,38"
101117616,2023-09-01,2027-08-31,"9663172,39"
101113015,2023-06-01,2027-05-31,"8200873,75"
101069994,2022-09-01,2026-02-28,4999866
101057473,2022-05-01,2026-04-30,"11852695,51"
101156960,2024-05-01,2028-04-30,"9605076,75"
101136095,2024-01-01,2027-12-31,"9894688,4"
101058657,2022-06-01,2025-11-30,17997020
101130603,2024-06-01,2027-11-30,"6467343,86"
101160713,2024-05-01,2028-04-30,"5999470,88"
101112452,2023-07-01,2027-06-30,"4682743,25"
101172968,2024-11-01,2028-04-30,"4998971,88"
101120731,2023-10-01,2027-09-30,"8332681,25"
101137867,2024-01-01,2026-12-31,"4991009,88"
101060536,2022-07-01,2027-06-30,11724640
101080645,2023-05-01,2028-04-30,10000000
101159928,2024-06-01,2027-05-31,1496750
101177427,2025-01-01,2027-12-31,"3857561,04"
101091050,2023-01-01,2025-12-31,"3276679,5"
101060211,2022-09-01,2026-08-31,4873331
101192272,2025-01-01,2028-12-31,"7999189,5"
101172767,2024-12-01,2028-05-31,"12012902,65"
101135486,2024-01-01,2026-12-31,5405098
101123412,2023-12-01,2027-05-31,"7270540,74"
101103921,2023-05-01,2026-10-31,"3465163,75"
101167647,2025-01-01,2028-12-31,2644560
101138747,2024-01-01,2027-12-31,"10645921,82"
101192454,2025-01-01,2027-12-31,"3973258,1"
101147442,2024-06-01,2027-11-30,"3774066,25"
101112039,2024-01-01,2028-12-31,"7582467,22"
101156363,2024-06-01,2027-05-31,2999195
101103696,2023-05-01,2026-04-30,"4995928,25"
101091115,2022-12-01,2027-11-30,"5000013,5"
101137311,2024-01-01,2028-12-31,"7565673,75"
101082304,2022-12-01,2026-11-30,"7649827,5"
101138031,2025-01-01,2028-12-31,"7477609,93"
101192151,2025-01-01,2027-12-31,"2997579,89"
101157586,2024-05-01,2027-10-31,"7396501,35"
101172764,2024-10-01,2027-09-30,"2966261,25"
101172928,2024-10-01,2027-09-30,"3020432,5"
101060789,2023-01-01,2025-12-31,"1999977,5"
101092164,2023-01-01,2025-12-31,"4998888,5"
101084200,2022-10-01,2027-03-31,"9871768,51"
101069756,2022-07-01,2026-06-30,"4854773,75"
101157382,2024-06-01,2028-05-31,"5931246,25"
101135323,2024-01-01,2027-12-31,"3994894,36"
101057901,2022-06-01,2025-11-30,"4980559,29"
101083780,2022-11-01,2026-10-31,4501739
101156175,2024-12-01,2029-05-31,"7994911,46"
101192425,2025-01-01,2027-12-31,4999049
101080889,2023-05-01,2027-04-30,"5998972,25"
101137701,2024-01-01,2027-06-30,2989495
101134989,2024-05-01,2027-10-31,"10165375,39"
101147112,2024-05-01,2027-04-30,"3997156,25"
101084383,2023-06-01,2027-05-31,"5995271,4"
101112877,2023-09-01,2027-08-31,"7024032,9"
101189562,2024-12-01,2027-11-30,"9990860,38"
101156998,2024-06-01,2028-05-31,"6504027,75"
101192481,2025-01-01,2027-12-31,"3998498,77"
101091531,2022-12-01,2026-05-31,"6972698,13"
101058359,2022-05-01,2026-04-30,"9786739,2"
101137771,2024-01-01,2026-12-31,"6094993,25"
101069685,2022-09-01,2026-08-31,"8943025,75"
101157652,2024-06-01,2028-05-31,"7013928,5"
101059849,2022-09-01,2026-08-31,5971408
101112521,2023-10-01,2027-09-30,"4431810,25"
101134958,2024-01-01,2026-12-31,3998452
101147004,2024-07-01,2027-06-30,"4998733,75"
101120640,2023-10-01,2026-09-30,"4999712,5"
101069941,2022-09-01,2026-02-28,"7497694,38"
101181572,2025-02-01,2028-01-31,"4970932,24"
101070430,2022-10-01,2025-09-30,3431000
101095697,2023-01-01,2026-12-31,6485500
101189650,2025-01-01,2027-12-31,"6787590,25"
101069937,2022-09-01,2025-08-31,"6255977,5"
101132663,2024-01-01,2026-12-31,"2999587,5"
101058479,2022-10-01,2026-01-31,4836125
101080581,2023-07-01,2027-06-30,5259875
101137465,2024-01-01,2026-12-31,5345250
101104278,2023-06-01,2026-05-31,"7743673,25"
101084188,2022-11-01,2025-10-31,"3843571,25"
101058521,2022-09-01,2026-08-31,"8093945,49"
101156488,2024-09-01,2027-08-31,3299870
101091869,2023-01-01,2026-12-31,"9124528,5"
101092347,2023-01-01,2025-12-31,"11383136,63"
101070416,2023-01-01,2025-12-31,5507269
101091577,2023-01-01,2025-12-31,"5859525,5"
101121269,2024-01-01,2026-12-31,"6081079,21"
101073909,2022-10-01,2025-09-30,9998535
101073821,2022-10-01,2025-09-30,9542736
101147819,2024-06-01,2027-05-31,"5994087,5"
101095530,2022-12-01,2026-11-30,6514560
101121309,2023-09-01,2026-08-31,"3942406,25"
101084265,2023-03-01,2026-02-28,"9744008,25"
101061548,2022-07-01,2025-06-30,3658175
101168317,2024-10-01,2027-09-30,"3212589,63"
101059473,2022-09-01,2026-08-31,"9999416,25"
101092968,2023-01-01,2025-12-31,5030875
101135708,2024-01-01,2027-12-31,"9319266,26"
101086461,2023-02-01,2029-01-31,"7145500,38"
101091903,2023-01-01,2025-12-31,8078631
101177842,2025-01-01,2027-12-31,"6483593,82"
101135927,2024-01-01,2026-12-31,8428875
101138415,2024-01-01,2027-12-31,"6999863,75"
101091859,2023-01-01,2026-06-30,"5999941,25"
101073980,2022-10-01,2025-09-30,3999815
101077433,2022-11-01,2026-04-30,3319325
101189819,2025-01-01,2027-12-31,"22499384,25"
101077049,2022-11-01,2025-10-31,4598550
101168416,2024-10-01,2027-09-30,4105150
101086497,2023-03-01,2026-02-28,3147975
101168393,2024-10-01,2026-09-30,1499800
101167951,2024-10-01,2027-09-30,"3721413,75"
101058673,2022-06-01,2025-11-30,8268146
101120962,2023-10-01,2026-09-30,4998250
101135930,2024-06-01,2027-05-31,"5679537,01"
101073876,2022-10-01,2025-09-30,"4999808,75"
101092696,2023-01-01,2025-12-31,"6060537,5"
101070118,2022-09-01,2025-08-31,10499650
101168023,2024-09-01,2027-08-31,"4378953,54"
101136542,2024-01-01,2026-12-31,"4593875,25"
101135827,2023-12-01,2027-05-31,"5558854,47"
101091792,2023-01-01,2025-12-31,"5995176,25"
101189664,2025-01-01,2027-12-31,"5218186,88"
101168182,2024-10-01,2027-09-30,"5999747,5"
101135577,2024-01-01,2026-12-31,8999550
101120990,2023-10-01,2027-01-31,"8039523,77"
101096456,2023-01-01,2025-12-31,"5999797,63"
101138506,2023-12-01,2027-05-31,5998540
101138242,2024-01-01,2027-12-31,"4996642,01"
101138627,2024-01-01,2026-12-31,6995712
101178405,2024-10-01,2027-09-30,"5295168,13"
101189557,2025-01-01,2028-06-30,7449095
101135800,2024-01-01,2026-12-31,"7966357,5"
101058585,2022-07-01,2025-06-30,5937356
101138738,2024-01-01,2026-12-31,5058300
101189665,2025-01-01,2028-12-31,"9999762,5"
101138782,2024-09-01,2027-08-31,4637300
101080718,2023-05-01,2027-04-30,"9998709,98"
101070181,2022-10-01,2025-09-30,"3769382,5"
101092639,2023-01-01,2025-12-31,"12889656,25"
101177658,2025-01-01,2027-12-31,"3271305,25"
101086638,2023-01-01,2026-12-31,4206020
101069892,2023-01-01,2026-06-30,6260158
101168144,2024-09-01,2027-08-31,"5990612,5"
101096464,2023-01-01,2026-12-31,"11037882,75"
101150609,2024-07-01,2026-06-30,"199694,4"
101079948,2022-10-01,2025-09-30,"4994902,25"
101104058,2023-05-01,2027-04-30,"5948747,5"
101121231,2023-09-01,2026-08-31,"4968177,5"
101178921,2024-11-01,2027-10-31,"3549229,79"
101148857,2025-09-01,2027-08-31,"226751,04"
101061320,2023-05-01,2025-04-30,"210911,04"
101132339,2024-02-01,2027-01-31,2637503
101073506,2023-01-01,2026-12-31,"2675527,2"
101094345,2023-04-01,2026-03-31,2999672
101135141,2024-01-01,2027-12-31,"5517061,25"
101153307,2024-06-01,2026-05-31,"226751,04"
101094714,2023-01-01,2025-12-31,2541520
101169233,2024-09-01,2028-08-31,"3220718,4"
101136834,2024-01-01,2028-12-31,4366775
101094626,2023-03-01,2026-02-28,2871030
101154638,2024-09-01,2026-08-31,"210911,04"
101105598,2024-08-15,2026-08-14,"210911,04"
101177566,2025-02-01,2028-01-31,2974705
101059994,2022-07-01,2025-06-30,1435900
101094551,2023-02-01,2026-01-31,2677276
101129716,2024-01-01,2027-12-31,372600
101120236,2024-03-01,2028-02-29,"2780668,8"
101107665,2023-09-01,2025-08-31,"226751,04"
101094924,2023-01-01,2026-12-31,"9999664,96"
101042329,2022-10-01,2027-09-30,1499038
101042724,2023-03-01,2028-02-29,1879625
101042643,2022-06-01,2027-05-31,1417818
101040462,2022-07-01,2027-06-30,1499791
101040474,2023-01-01,2027-12-31,"1499877,5"
101043214,2022-09-01,2027-08-31,1499965
101042529,2023-01-01,2027-12-31,1499993
101039446,2022-09-01,2027-08-31,1500000
101042878,2022-09-01,2027-08-31,1496873
101039438,2022-07-01,2027-06-30,1499514
101039429,2023-01-01,2027-12-31,1499775
101042674,2022-06-01,2027-05-31,1851160
101043029,2022-09-01,2027-08-31,1324314
101040907,2022-05-01,2027-04-30,1500000
101041201,2022-06-01,2027-05-31,1498110
101041029,2022-12-01,2027-11-30,1459763
101040751,2022-09-01,2027-08-31,1026250
101040572,2022-11-01,2027-10-31,2497138
101039994,2022-08-01,2027-07-31,"1583643,75"
101040193,2023-10-01,2028-09-30,2345000
101040876,2022-09-01,2027-08-31,1499991
101040117,2022-06-01,2027-05-31,1686875
101040153,2023-01-01,2027-12-31,2263750
101040355,2022-05-01,2027-04-30,1498813
101042370,2022-09-01,2027-08-31,"1469913,75"
101040376,2022-04-01,2027-03-31,1500000
101041759,2023-08-01,2028-07-31,1498401
101041122,2023-03-01,2028-02-29,2499125
101040122,2022-07-01,2027-06-30,1191561
101041159,2022-02-01,2027-01-31,1700000
101040660,2022-10-01,2027-09-30,1484125
101040128,2022-10-01,2027-09-30,1500000
101041517,2023-03-01,2028-02-29,1499704
101042290,2022-06-01,2027-05-31,1492821
101040822,2022-03-01,2027-02-28,1455750
101040625,2022-12-01,2027-11-30,1499176
101042266,2022-11-01,2027-10-31,1486313
101040177,2023-02-01,2028-01-31,1499845
101043159,2022-10-01,2027-09-30,1400000
101042908,2022-10-01,2027-09-30,1483639
101041788,2022-09-01,2027-08-31,1499745
101041966,2023-01-01,2027-12-31,2498856
101041998,2022-10-01,2027-09-30,1494788
101042399,2022-09-01,2028-08-31,1844350
101041808,2022-09-01,2027-08-31,1500000
101040152,2022-10-01,2027-09-30,1499625
101042309,2023-09-01,2028-08-31,1497500
101041768,2022-10-01,2028-01-31,1499981
101042232,2022-04-01,2027-03-31,2025000
101042703,2023-06-01,2028-05-31,1496833
101040179,2022-08-01,2027-07-31,"2275797,5"
101042103,2022-10-01,2027-09-30,1499428
101039692,2022-09-01,2027-08-31,1433750
101042992,2022-07-01,2027-06-30,1500000
101042699,2023-09-01,2028-08-31,1499999
101041118,2022-10-01,2027-09-30,1728125
101041255,2022-05-01,2027-04-30,1498125
101041487,2022-09-01,2027-08-31,1462766
101042570,2022-07-01,2027-06-30,1460604
101041620,2023-01-01,2027-12-31,1499758
101041799,2022-07-01,2027-06-30,1700000
101040823,2022-04-01,2027-09-30,1479205
101039844,2022-06-01,2027-05-31,1488649
101040311,2023-01-01,2027-12-31,1500000
101040138,2022-09-01,2027-08-31,1449750
101040021,2022-07-01,2027-06-30,1486875
101041995,2022-09-01,2027-08-31,1431630
101040383,2022-04-01,2027-03-31,2499579
101042427,2022-09-01,2027-08-31,1172500
101042343,2022-10-01,2027-09-30,1446500
101040439,2022-10-01,2027-09-30,"1499477,5"
101041399,2022-09-01,2027-08-31,1499653
101040270,2024-01-01,2028-12-31,1500000
101039764,2023-01-01,2028-10-31,1498364
101042701,2022-11-01,2027-10-31,1497500
101040037,2022-09-01,2027-08-31,"1447091,25"
101039748,2022-07-01,2027-06-30,1498619
101039272,2022-09-01,2027-08-31,1560742
101039098,2023-03-01,2028-02-29,1458688
101040681,2023-06-01,2028-05-31,2474375
101043189,2023-01-01,2027-12-31,1500000
101040994,2022-04-01,2027-03-31,1436088
101039524,2022-07-01,2027-06-30,1499455
101040754,2022-10-01,2027-09-30,1499500
101041040,2022-11-01,2027-10-31,1153125
101040800,2022-09-01,2027-08-31,1500000
101039572,2022-09-01,2027-08-31,1489506
101043198,2022-09-01,2027-08-31,1471056
101039349,2022-09-01,2027-08-31,1497351
101040020,2022-06-01,2027-05-31,1500000
101041331,2022-08-01,2027-07-31,1500000
101043216,2022-09-01,2027-08-31,1499798
101041669,2022-06-01,2027-05-31,1500000
101040378,2022-06-01,2027-05-31,1500000
101041539,2022-09-01,2027-08-31,1627988
101042392,2022-10-01,2027-09-30,2083871
101042574,2022-04-01,2027-03-31,1412500
101041480,2022-12-01,2027-11-30,1498883
101039174,2023-01-01,2027-12-31,1500000
101042125,2022-12-01,2027-11-30,1495528
101042148,2022-09-01,2027-08-31,"1499477,5"
101042046,2022-09-01,2027-08-31,1499469
101040492,2022-10-01,2027-09-30,1496821
101039252,2022-09-01,2027-08-31,1105303
101042610,2022-10-01,2027-09-30,1489225
101042349,2022-12-01,2027-11-30,1499393
101041762,2022-11-01,2027-10-31,1499826
101041491,2023-02-01,2028-01-31,1429135
101039904,2022-08-01,2027-07-31,1493680
101039795,2022-11-01,2027-10-31,1498859
101040682,2022-09-01,2027-08-31,1500000
101042759,2022-09-01,2027-08-31,2406250
101039208,2022-09-01,2027-08-31,1385743
101039567,2022-09-01,2027-08-31,1425000
101041131,2022-09-01,2027-08-31,1499878
101039265,2022-10-01,2027-09-30,1499993
101039583,2023-01-01,2027-12-31,1485413
101041475,2022-10-01,2027-09-30,1499058
101039354,2022-06-01,2027-05-31,1851328
101040999,2023-01-01,2027-12-31,1499773
101041374,2022-04-01,2027-03-31,1497425
101040991,2022-05-01,2027-04-30,1306637
101041421,2022-11-01,2027-10-31,2255511
101039588,2022-09-01,2027-08-31,1499230
101039545,2022-12-01,2027-11-30,1431711
101041110,2022-04-01,2027-03-31,1404141
101039556,2022-07-01,2027-06-30,1478373
101042989,2022-10-01,2027-09-30,1499125
101041224,2022-09-01,2027-08-31,2499864
101039777,2022-06-01,2027-05-31,1392265
101039657,2022-10-01,2027-09-30,1499423
101040070,2022-10-01,2027-09-30,1498855
101042642,2022-10-01,2027-09-30,1493850
101042403,2022-11-01,2027-10-31,1496823
101039862,2022-03-01,2027-02-28,1499971
101041551,2022-09-01,2027-08-31,1500000
101041223,2022-10-01,2027-09-30,1499953
101040379,2022-04-01,2027-03-31,1487500
101040341,2022-09-01,2027-08-31,1450931
101039115,2023-01-01,2027-12-31,1499860
101041464,2022-08-01,2027-07-31,1499686
101042052,2022-06-01,2027-05-31,1986991
101040391,2022-10-01,2027-09-30,1499625
101040726,2022-04-01,2027-03-31,1783319
101040276,2022-09-01,2027-08-31,1499988
101041730,2022-04-01,2027-03-31,1494810
101042729,2022-09-01,2027-08-31,1464300
101039222,2023-01-01,2027-12-31,1500000
101040858,2023-01-01,2027-12-31,"1456652,5"
101040977,2022-04-01,2027-03-31,1496395
101039436,2022-06-01,2027-05-31,1500000
101042439,2022-05-01,2027-04-30,"1499072,5"
101042881,2023-01-01,2027-12-31,1479321
101039843,2023-07-01,2028-06-30,1499899
101039066,2023-01-01,2027-12-31,1482050
101041424,2022-07-01,2027-06-30,1499946
101042417,2022-10-01,2027-09-30,1390625
101039500,2022-09-01,2027-08-31,1976126
101039576,2022-09-01,2027-08-31,1482750
101043047,2022-08-01,2027-07-31,1577695
101039841,2022-10-01,2027-09-30,1954308
101041354,2022-09-01,2027-08-31,1495898
101041069,2022-06-01,2027-05-31,1500000
101042625,2022-09-01,2027-08-31,1213888
101041077,2023-02-01,2028-01-31,1497169
101040978,2022-07-01,2027-06-30,1500000
101040548,2022-10-01,2027-09-30,1498372
101041597,2023-01-01,2027-12-31,2029368
101039914,2022-07-01,2027-06-30,1439413
101041744,2023-01-01,2027-12-31,2124089
101042293,2022-03-01,2027-02-28,1497850
101041435,2022-04-01,2027-03-31,1397300
101042884,2023-01-01,2027-12-31,1500000
101042247,2023-01-01,2027-12-31,1482076
101042292,2022-10-01,2027-09-30,"1499967,5"
101040088,2022-09-01,2027-08-31,1500000
101040059,2023-01-01,2027-12-31,"1895277,5"
101042655,2023-06-01,2028-05-31,1497793
101039804,2022-10-01,2027-09-30,1609470
101041554,2022-07-01,2027-06-30,1449034
101039294,2022-09-01,2027-08-31,1500000
101039361,2022-09-01,2027-08-31,1497378
101039802,2022-05-01,2027-04-30,1498624
101039452,2022-05-01,2027-04-30,1437941
101040760,2022-09-01,2027-08-31,"1104218,75"
101039655,2022-09-01,2027-08-31,1393425
101040745,2022-08-01,2027-07-31,1492753
101041246,2022-09-01,2027-08-31,1395888
101041087,2023-01-01,2027-12-31,1491166
101039296,2022-02-01,2027-01-31,1499984
101041741,2023-01-01,2027-12-31,1638020
101040651,2022-06-01,2027-05-31,1346126
101040850,2022-09-01,2027-08-31,1856793
101043127,2022-12-01,2027-11-30,1500000
101040535,2022-09-01,2027-08-31,1493753
101040724,2022-09-01,2027-08-31,1788003
101040025,2022-09-01,2027-08-31,1920260
101041939,2023-03-01,2028-02-29,1500000
101040472,2022-05-01,2027-04-30,1485013
101040227,2022-09-01,2027-08-31,1199519
101039145,2022-03-01,2027-02-28,1500000
101039127,2022-10-01,2027-09-30,1500000
101042634,2023-03-01,2028-02-29,1500000
101040160,2022-10-01,2027-09-30,1380760
101040453,2023-01-01,2028-01-31,1426714
101042466,2023-02-01,2028-01-31,1498929
101041908,2022-09-01,2027-08-31,1499290
101042585,2022-05-01,2027-04-30,1499488
101041885,2023-06-01,2028-05-31,1496294
101040588,2022-05-01,2027-04-30,1499265
101040302,2022-09-01,2027-08-31,1190125
101039433,2022-11-01,2027-10-31,1499130
101042865,2022-10-01,2027-09-30,1209375
101041101,2022-10-01,2027-09-30,1499738
101039402,2022-10-01,2027-09-30,1495428
101040901,2023-05-01,2028-04-30,1492968
101041938,2022-05-01,2027-04-30,1500000
101039493,2022-06-01,2027-05-31,1499485
101039538,2022-10-01,2027-09-30,1500000
101039426,2023-01-01,2027-12-31,1500000
101041376,2022-10-01,2027-09-30,1495013
101043132,2022-07-01,2027-06-30,1496250
101041545,2022-09-01,2027-08-31,1488988
101040688,2022-02-01,2027-01-31,1498500
101039760,2023-01-01,2028-08-31,1485852
101041570,2022-09-01,2027-08-31,1619687
101039953,2022-10-01,2027-09-30,1992500
101041729,2022-09-01,2027-08-31,1684046
101042075,2022-10-01,2027-09-30,1500000
101040051,2022-07-01,2027-06-30,1499993
101041298,2022-05-01,2027-04-30,1498750
101040948,2022-09-01,2027-08-31,1784229
101040164,2022-07-01,2027-06-30,1500000
101042781,2023-01-01,2027-12-31,2000000
101042198,2022-09-01,2027-08-31,1382689
101042147,2022-11-01,2027-10-31,"1499958,75"
101042304,2022-12-01,2027-11-30,2081275
101039758,2023-02-01,2028-01-31,1495050
101039827,2023-01-01,2027-12-31,1500000
101040035,2023-01-01,2027-12-31,1499153
101039206,2022-09-01,2027-08-31,1499718
101039794,2022-10-01,2027-09-30,1280750
101039421,2022-04-01,2027-03-31,1500000
101041975,2023-01-01,2027-12-31,1499728
101042338,2022-10-01,2027-09-30,1499855
101042650,2022-09-01,2027-08-31,2129247
101042572,2022-09-01,2027-08-31,2067194
101040475,2022-09-01,2027-08-31,1472313
101039636,2022-06-01,2027-05-31,1499525
101041245,2022-10-01,2027-09-30,1955213
101040854,2022-11-01,2027-10-31,1499206
101039375,2022-10-01,2027-09-30,1499365
101041824,2022-07-01,2027-06-30,1500000
101041097,2022-12-01,2027-11-30,2124988
101040019,2022-05-01,2027-04-30,1500000
101039501,2023-05-01,2028-04-30,1499950
101041284,2023-03-01,2028-02-29,1499586
101039716,2022-06-01,2027-05-31,1499930
101039683,2023-01-01,2027-12-31,1875938
101040049,2022-09-01,2027-08-31,1437776
101042028,2023-01-01,2027-12-31,1500000
101042538,2022-06-01,2027-05-31,1499950
101039864,2022-06-01,2027-05-31,1498885
101040134,2022-08-01,2027-07-31,1445535
101040163,2023-04-01,2028-03-31,1499605
101041343,2023-01-01,2027-12-31,1499586
101040267,2022-07-01,2027-06-30,1800000
101039754,2022-11-01,2027-10-31,1799250
101040394,2022-10-01,2027-09-30,1498590
101041231,2022-09-01,2027-08-31,1499923
101040002,2022-12-01,2027-11-30,1497749
101040703,2022-07-01,2027-06-30,1500000
101039712,2022-07-01,2027-06-30,1500000
101040951,2022-06-01,2027-05-31,1750000
101041192,2022-06-01,2027-05-31,1500000
101041982,2022-10-01,2027-09-30,1495000
101042567,2023-01-01,2027-12-31,1499885
101043213,2022-10-01,2027-09-30,1499750
101040938,2023-01-01,2027-12-31,"1194088,75"
101041819,2022-07-01,2027-06-30,1997105
101042139,2023-01-01,2027-12-31,"1486172,5"
101039090,2022-04-01,2027-03-31,1495000
101041206,2023-01-01,2027-12-31,"1475638,75"
101041516,2022-10-01,2027-09-30,1744065
101041453,2022-11-01,2027-10-31,1500000
101039913,2022-07-01,2027-06-30,1499821
101041145,2022-09-01,2025-08-31,614900
101041308,2022-05-01,2027-04-30,1500000
101042244,2022-09-01,2027-08-31,1499775
101042460,2023-01-01,2027-12-31,1389728
101039920,2022-09-01,2027-08-31,1498778
101041375,2023-02-01,2028-01-31,1498125
101042275,2022-10-01,2027-09-30,1246258
101039890,2022-06-01,2027-05-31,1498784
101041946,2022-06-01,2027-05-31,1499465
101041867,2023-01-01,2027-12-31,1500000
101041249,2023-07-01,2028-06-30,1474995
101040409,2023-01-01,2027-12-31,1498750
101042339,2022-09-01,2027-08-31,1500000
101039672,2022-06-01,2027-05-31,1500000
101039271,2022-10-01,2027-09-30,1498938
101040046,2022-03-01,2027-02-28,1499625
101039734,2022-08-01,2027-07-31,1499948
101040624,2022-07-01,2027-06-30,"1499798,75"
101039998,2022-04-01,2027-03-31,1498280
101040461,2022-06-01,2027-05-31,1451069
101043071,2023-04-01,2028-03-31,1499476
101039648,2022-09-01,2027-08-31,1470849
101042941,2022-10-01,2027-09-30,1812500
101039399,2022-09-01,2027-08-31,"1813373,75"
101040297,2022-09-01,2027-08-31,1499379
101040480,2022-10-01,2027-09-30,1500000
101039181,2022-11-01,2027-10-31,1498846
101040437,2022-09-01,2027-08-31,1499988
101041737,2022-06-01,2027-05-31,2500000
101042514,2022-12-01,2027-11-30,1340375
101042368,2022-09-01,2027-08-31,1499905
101042031,2022-03-01,2027-02-28,1450000
101040169,2022-11-01,2027-10-31,1999711
101039303,2022-04-01,2027-03-31,1420375
101042416,2022-06-01,2027-05-31,1487199
101041074,2022-10-01,2027-09-30,1499625
101043014,2023-01-01,2027-12-31,2318530
101040759,2022-07-01,2027-06-30,1500000
101039376,2022-07-01,2027-06-30,1499705
101040238,2022-07-01,2027-06-30,1499651
101040798,2022-06-01,2027-05-31,1492004
101042961,2022-07-01,2027-06-30,1500000
101040939,2023-04-01,2028-03-31,1500000
101041207,2022-07-01,2027-06-30,1482690
101042912,2022-09-01,2027-08-31,1498125
101041711,2022-09-01,2027-08-31,1499750
101039995,2023-01-01,2027-12-31,1497500
101042183,2022-10-01,2027-09-30,1500000
101040996,2022-07-01,2027-06-30,"1488762,5"
101040381,2022-10-01,2027-09-30,1498969
101041422,2023-01-01,2027-12-31,1500000
101042315,2022-12-01,2027-11-30,1840536
101040188,2022-05-01,2027-04-30,1500000
101039152,2023-01-01,2027-12-31,1499938
101041743,2023-01-01,2027-12-31,1499464
101043187,2023-01-01,2027-12-31,1495579
101043119,2022-06-01,2027-05-31,2500000
101042738,2022-06-01,2027-05-31,1768583
101042990,2022-09-01,2027-08-31,1500000
101040600,2022-06-01,2027-05-31,1462710
101039706,2022-12-01,2027-11-30,1500000
101039048,2022-02-01,2027-01-31,1496205
101041208,2022-04-01,2027-03-31,1435000
101040534,2023-01-01,2027-12-31,1500000
101041853,2023-01-01,2027-12-31,"1487023,75"
101040247,2022-07-01,2027-06-30,1499494
101042080,2022-10-01,2027-09-30,1494889
101042672,2022-09-01,2027-08-31,2499381
101041484,2022-06-01,2027-05-31,1499932
101042414,2022-09-01,2027-08-31,1930736
101039110,2022-06-01,2027-05-31,1496023
101042680,2022-06-01,2027-05-31,1499240
101042055,2022-09-01,2027-08-31,"1463212,5"
101039226,2022-09-01,2027-08-31,1290180
101039348,2022-09-01,2027-08-31,1499766
101039746,2022-09-01,2027-08-31,1499375
101039805,2022-09-01,2027-08-31,1499930
101040023,2022-07-01,2027-06-30,1500000
101039641,2022-09-01,2028-03-31,1499998
101039762,2022-03-01,2027-02-28,1268106
101042702,2022-10-01,2027-09-30,1495965
101039541,2022-04-01,2028-03-31,1500000
101039578,2023-03-01,2028-02-29,2097713
101040935,2022-04-01,2027-03-31,1409163
101041092,2022-10-01,2027-09-30,2134970
101039270,2023-03-01,2028-02-29,1499950
101041316,2022-09-01,2028-03-31,1496800
101041334,2022-09-01,2027-08-31,1077500
101041250,2022-04-01,2027-03-31,1500000
101039711,2022-09-01,2027-08-31,1499856
101042394,2023-01-01,2027-12-31,1499900
101043068,2023-01-01,2027-12-31,1481513
101041229,2022-11-01,2027-10-31,1500000
101040197,2023-06-01,2028-05-31,1499754
101041972,2023-09-01,2027-08-31,1384755
101039196,2022-07-01,2027-06-30,1500000
101041826,2023-06-01,2028-05-31,1500000
101041871,2022-07-01,2027-06-30,1499694
101042662,2022-07-01,2027-06-30,1470130
101040356,2022-10-01,2027-09-30,"1496142,5"
101040374,2023-04-01,2028-03-31,1025860
101042252,2022-07-01,2027-06-30,1484844
101041461,2022-09-01,2027-08-31,"1499968,75"
101043003,2022-09-01,2027-08-31,1490000
101040024,2022-09-01,2027-08-31,1497050
101039592,2022-05-01,2027-04-30,1500000
101041499,2022-06-01,2027-05-31,1083750
101041115,2022-06-01,2027-05-31,2445909
101040710,2022-10-01,2027-09-30,1384543
101039927,2022-02-01,2027-01-31,1499361
101040353,2022-04-01,2027-03-31,1462491
101039522,2023-01-01,2027-12-31,1499790
101040729,2022-05-01,2027-04-30,"1485042,5"
101042470,2022-09-01,2027-08-31,1500000
101039824,2022-05-01,2027-04-30,2364101
101041658,2022-09-01,2027-08-31,1476023
101039854,2022-06-01,2027-05-31,1499985
101039986,2022-09-01,2027-08-31,1500000
101039060,2023-09-01,2028-08-31,1499150
101041941,2022-05-01,2027-04-30,1499725
101040507,2022-09-01,2027-08-31,1079579
101042112,2022-04-01,2027-03-31,1710875
101042537,2022-06-01,2027-05-31,1750000
101040529,2022-10-01,2027-09-30,1496500
101041696,2023-03-01,2028-02-29,1498664
101041933,2022-09-01,2027-08-31,1786748
101039651,2022-10-01,2027-09-30,1495755
101039447,2022-09-01,2027-08-31,1226000
101042844,2023-01-01,2027-12-31,1999958
101039928,2022-04-01,2027-03-31,1651868
101041659,2023-01-01,2027-12-31,1604375
101039756,2022-10-01,2027-09-30,1351125
101039320,2022-04-01,2027-03-31,1493875
101040260,2023-01-01,2027-12-31,1227455
101040669,2022-05-01,2027-04-30,1500000
101041109,2022-10-01,2027-09-30,1499129
101039531,2022-12-01,2027-11-30,1500000
101039339,2023-01-01,2027-12-31,1835895
101041000,2022-09-01,2027-08-31,2320575
101041443,2022-05-01,2027-04-30,1771875
101040914,2022-05-01,2027-04-30,1500000
101039467,2023-01-01,2027-12-31,1495100
101040794,2022-04-01,2027-03-31,"1393312,5"
101043219,2023-01-01,2027-12-31,1424625
101039481,2022-09-01,2027-08-31,1315000
101042043,2022-10-01,2027-09-30,1998750
101041596,2022-09-01,2027-08-31,1498215
101039782,2023-01-01,2027-12-31,1748906
101041783,2022-09-01,2027-08-31,1499786
101040547,2022-04-01,2027-03-31,1500000
101041677,2022-06-01,2027-05-31,1495557
101042402,2022-11-01,2027-10-31,"1479262,5"
101042407,2022-09-01,2027-08-31,1500000
101040057,2022-10-01,2027-09-30,1975955
101042034,2022-09-01,2027-08-31,1499099
101041809,2022-09-01,2027-08-31,1500000
101041936,2022-07-01,2027-06-30,1499976
101042421,2022-05-01,2027-04-30,1498750
101040214,2022-09-01,2027-08-31,1498750
101042069,2022-09-01,2027-08-31,1494124
101039676,2022-10-01,2027-09-30,1498410
101042568,2022-10-01,2027-09-30,1382625
101040254,2022-05-01,2027-04-30,1500000
101039532,2022-06-01,2027-05-31,1370996
101042751,2022-09-01,2027-08-31,1499980
101041064,2022-08-01,2027-07-31,1492750
101040811,2023-01-01,2027-12-31,1499536
101096943,2023-01-01,2026-12-31,"11999799,75"
101042299,2023-01-01,2027-12-31,1634250
101081327,2023-01-01,2027-12-31,7307280
101132662,2024-01-01,2026-12-31,2998326
101060778,2022-09-01,2026-08-31,"5816687,5"
101080173,2022-11-01,2026-10-31,"2994543,75"
101058537,2022-10-01,2026-09-30,4996758
101130890,2024-05-01,2028-04-30,"5329362,5"
101107501,2023-06-01,2025-05-31,"214934,4"
101120677,2023-10-01,2027-09-30,"4498901,25"
101057043,2022-09-01,2026-08-31,2725301
101181231,2024-10-01,2028-09-30,1016600
101095413,2023-01-01,2027-12-31,"6993396,4"
101056957,2022-06-01,2025-05-31,4997690
101136812,2024-01-01,2029-12-31,"7537801,25"
101137127,2024-01-01,2027-12-31,"8185429,5"
101124225,2024-06-01,2029-05-31,1999498
101095423,2023-01-01,2027-12-31,3281100
101168892,2025-01-01,2028-12-31,3871908
101181941,2024-11-01,2027-10-31,"4985111,13"
101057724,2022-05-01,2027-04-30,6000000
101081776,2022-12-01,2026-11-30,7825297
101071224,2023-01-01,2026-12-31,"2777853,6"
101138583,2024-01-01,2027-06-30,"7436448,25"
101181661,2024-11-01,2028-04-30,"4484546,98"
101109871,2023-09-01,2025-08-31,"230774,4"
101107891,2024-03-01,2026-02-28,"230774,4"
101058680,2022-06-01,2025-05-31,"9176043,5"
101058093,2022-06-01,2025-05-31,2999814
101094366,2023-01-01,2027-12-31,4640205
101177858,2025-01-01,2027-12-31,"2851586,25"
101106997,2024-04-01,2026-03-31,"214934,4"
101077859,2023-10-01,2028-09-30,1499329
101079003,2022-10-01,2025-07-31,1499955
101157743,2024-06-01,2028-05-31,"3998450,25"
101109141,2024-09-01,2026-08-31,"214934,4"
101111977,2023-06-01,2026-08-31,"7011940,14"
101112737,2024-01-01,2028-06-30,17562795
101156237,2024-06-01,2025-11-30,150000
101106842,2023-10-01,2025-09-30,"214934,4"
101122363,2023-09-01,2027-08-31,"2999536,25"
101062895,2022-06-01,2024-05-31,"222727,68"
101136875,2024-02-01,2028-01-31,"4847238,27"
101156161,2025-01-01,2028-12-31,7999000
101057673,2022-09-01,2027-02-28,4352522
101094014,2023-01-01,2026-12-31,8018806
101132433,2024-01-01,2026-12-31,"2836911,25"
101120074,2024-01-01,2027-12-31,"2643825,6"
101095186,2023-04-01,2026-03-31,"2645732,5"
101059491,2022-06-01,2026-05-31,"9995239,5"
101172820,2025-01-01,2027-12-31,"2972693,34"
101107457,2024-04-01,2026-03-31,"214934,4"
101093962,2022-11-01,2025-10-31,"2997776,75"
101073543,2023-01-01,2027-03-31,2699028
101149868,2024-11-01,2026-10-31,"214934,4"
101135432,2024-01-01,2026-12-31,"2470992,5"
101150565,2024-05-01,2026-04-30,"203464,32"
101072930,2023-03-01,2027-02-28,"3872336,4"
101061603,2022-03-01,2023-12-31,204813
101072993,2023-02-01,2027-01-31,"2881036,8"
101120262,2023-09-01,2027-08-31,"2700619,2"
101093845,2022-12-01,2025-11-30,"2999993,5"
101064471,2022-06-01,2024-05-31,"229982,4"
101149347,2025-09-01,2027-08-31,"230774,4"
101081357,2023-10-01,2028-09-30,"7932116,48"
101141686,2024-09-01,2029-08-31,2500000
101084222,2023-01-01,2025-12-31,"5458232,5"
101061016,2022-10-01,2026-09-30,"3975427,11"
101153049,2024-09-01,2026-08-31,"230774,4"
101150584,2025-02-01,2027-01-31,"230774,4"
101081280,2022-11-01,2027-10-31,3360000
101058731,2022-06-01,2025-11-30,8959275
101091877,2023-01-01,2026-12-31,"5999206,25"
101172812,2024-11-01,2027-10-31,3000000
101060342,2023-03-01,2025-02-28,"230774,4"
101112943,2023-04-01,2027-03-31,"10939104,65"
101119614,2024-03-01,2028-02-29,"2356970,4"
101092912,2023-01-01,2025-12-31,5711250
101070374,2022-11-01,2025-10-31,"8416876,5"
101167589,2025-03-01,2028-02-29,"5720117,75"
101165221,2025-01-01,2029-12-31,1496994
101135877,2024-01-01,2026-06-30,"1498596,67"
101168490,2025-01-01,2027-12-31,"3935331,25"
101136195,2024-01-01,2027-12-31,"5094745,71"
101095835,2023-01-01,2025-12-31,"14276023,41"
101168816,2025-03-01,2029-02-28,"4027672,8"
101076963,2022-11-01,2026-07-31,"3368933,75"
101119929,2023-09-01,2027-08-31,"3195659,9"
101117675,2024-01-01,2028-12-31,1499999
101088968,2023-07-01,2028-06-30,1999491
101119598,2024-03-01,2028-02-29,2705760
101168673,2024-09-01,2028-08-31,"2923581,6"
101164937,2025-09-01,2030-08-31,1499803
101119349,2024-01-01,2027-12-31,"2673568,8"
101153507,2024-06-01,2026-05-31,"187624,32"
101178806,2024-11-01,2027-10-31,2999500
101094869,2023-02-01,2026-01-31,"2687214,39"
101123538,2023-10-01,2027-03-31,"7499166,31"
101079043,2022-10-01,2025-09-30,3222266
101073271,2023-02-01,2027-01-31,"2136945,6"
101119852,2024-01-01,2027-12-31,"2659370,4"
101057527,2022-07-01,2026-06-30,7559039
101168725,2024-09-01,2028-08-31,"4020451,2"
101082484,2022-11-01,2025-04-30,"2291602,5"
101105236,2023-12-20,2025-12-19,"172750,08"
101095574,2024-01-01,2028-12-31,2498741
101094664,2023-01-01,2026-06-30,7454093
101111948,2023-05-01,2026-04-30,25000000
101101917,2022-12-01,2026-11-30,"38386394,04"
101110951,2024-09-01,2026-08-31,"203464,32"
101178524,2024-10-01,2028-09-30,"4581467,62"
101102010,2023-01-01,2025-12-31,"21791729,98"
101113262,2023-05-01,2024-10-31,150000
101067138,2023-09-01,2025-08-31,"187624,32"
101103808,2023-06-01,2026-05-31,"4999476,25"
101096698,2023-02-01,2026-01-31,4034527
101056863,2022-09-01,2026-08-31,3527276
101056898,2022-10-01,2025-09-30,2613000
101119652,2024-02-01,2028-01-31,"2635429,2"
101134913,2024-01-01,2025-03-31,"508181,25"
101119527,2023-10-01,2027-03-31,"3999976,25"
101138960,2024-01-01,2027-12-31,3998865
101073920,2023-01-01,2025-12-31,4562975
101135542,2024-01-01,2027-12-31,4999895
101149592,2025-01-01,2026-12-31,"187624,32"
101079961,2022-10-01,2026-09-30,"10558608,73"
101135400,2024-06-01,2028-05-31,"6996507,5"
101064993,2022-10-01,2024-10-31,"187624,32"
101101973,2022-12-01,2026-09-30,"37875973,46"
101111890,2023-05-01,2026-04-30,"15942166,77"
101137814,2024-01-01,2027-12-31,4989715
101118217,2023-09-01,2027-02-28,2329860
101139908,2024-04-01,2027-03-31,"11267698,98"
101054502,2023-01-01,2027-12-31,2314680
101192462,2025-01-01,2027-12-31,"7971093,75"
101101955,2023-01-01,2026-06-30,45049000
101069614,2022-09-01,2025-08-31,5534448
101060184,2022-10-01,2026-09-30,"7733912,13"
101086209,2023-02-01,2027-01-31,2939922
101138353,2024-01-01,2027-12-31,"6408127,26"
101149435,2024-09-01,2026-08-31,"203464,32"
101125132,2024-11-01,2029-10-31,2374014
101107214,2023-07-01,2025-12-31,"254330,4"
101139678,2024-01-01,2027-12-31,"24724551,13"
101124038,2024-10-01,2029-09-30,1988158
101066486,2022-10-15,2024-10-14,"187624,32"
101140559,2024-01-01,2026-12-31,"34993248,27"
101055013,2022-09-01,2027-08-31,2293558
101056818,2022-05-01,2025-04-30,5951729
101059484,2022-10-01,2026-02-28,"296296,32"
101178744,2024-10-01,2027-03-31,"2037787,7"
101102019,2023-01-01,2026-12-31,"80495247,86"
101064881,2022-10-01,2024-09-30,"187624,32"
101093164,2023-01-01,2025-12-31,10011820
101094901,2022-12-01,2025-11-30,"4897778,5"
101137955,2024-01-01,2027-06-30,2994200
101059682,2022-11-01,2026-10-31,"3008131,6"
101135656,2024-01-01,2027-12-31,"3750364,25"
101183014,2024-12-01,2028-11-30,1039600
101165896,2024-10-01,2028-09-30,"3998027,5"
101156638,2025-01-01,2028-12-31,"6495815,56"
101120014,2023-10-01,2027-09-30,"2635135,2"
101166335,2024-11-01,2028-10-31,"3207732,75"
101066739,2022-11-01,2024-10-31,"226751,04"
101072818,2022-09-01,2026-08-31,"2628403,2"
101107534,2023-09-01,2025-08-31,"203464,32"
101108838,2023-09-01,2025-08-31,"203464,32"
101138794,2024-01-01,2027-12-31,"13289768,5"
101092562,2023-01-01,2025-12-31,"2997783,75"
101151329,2024-11-01,2026-10-31,"187624,32"
101069782,2022-09-01,2026-02-28,"8783042,88"
101161294,2025-04-01,2030-03-31,1499068
101058559,2022-10-01,2025-09-30,"4917856,07"
101112338,2023-09-01,2026-08-31,"7213403,05"
101081830,2022-07-01,2023-12-31,150000
101069343,2022-05-01,2023-10-31,150000
101056799,2022-06-01,2025-05-31,6987331
101097120,2023-02-01,2026-01-31,"4418603,56"
101136091,2024-01-01,2027-12-31,5997630
101120221,2023-09-18,2026-09-17,"5218854,88"
101101404,2023-02-01,2026-01-31,"8726769,5"
101079091,2022-10-01,2025-09-30,1275456
101070254,2022-10-01,2026-09-30,"5409839,38"
101139933,2023-07-01,2024-06-30,999030
101170480,2025-05-01,2030-04-30,1999698
101060826,2022-06-01,2026-05-31,"2816265,25"
101079952,2022-10-01,2025-09-30,4999721
101181841,2024-12-01,2028-11-30,"4493838,75"
101069644,2022-10-01,2026-09-30,6766313
101136728,2024-01-01,2028-12-31,"8743516,25"
101139790,2024-07-01,2027-06-30,"8577941,75"
101136119,2024-01-01,2026-12-31,"19999999,5"
101125458,2024-06-01,2029-05-31,1999021
101089163,2024-01-01,2028-12-31,1996795
101109623,2023-09-15,2025-09-14,"187624,32"
101061424,2022-09-01,2025-08-31,2998000
101069500,2022-09-01,2026-08-31,4000000
101084234,2023-01-01,2025-12-31,"2999913,5"
101126487,2024-07-01,2029-06-30,6854400
101136211,2023-11-01,2028-10-31,"19649625,13"
101058162,2022-06-01,2026-05-31,10311010
101114785,2023-07-01,2026-06-30,"5054856,64"
101168661,2024-11-01,2028-10-31,4094748
101084216,2022-10-01,2026-09-30,"5996868,5"
101168734,2024-12-01,2028-11-30,"3326716,8"
101172952,2024-10-01,2027-09-30,"5299661,25"
101165078,2025-01-01,2029-12-31,1500000
101106064,2023-08-01,2025-07-31,"215534,4"
101155506,2025-09-01,2027-08-31,"187624,32"
101082035,2022-12-01,2026-11-30,"3994479,75"
101091409,2023-01-01,2025-12-31,"3330616,5"
101167020,2024-09-01,2027-02-28,"999938,75"
101166386,2024-09-01,2028-11-30,"5338798,25"
101157517,2024-09-01,2028-08-31,"6735747,25"
101096923,2023-01-01,2026-12-31,14986315
101169378,2024-09-01,2028-08-31,"3851294,4"
101139270,2024-01-01,2026-12-31,"3686979,25"
101080711,2023-05-01,2028-04-30,5183000
101104522,2024-09-01,2026-08-31,"187624,32"
101135410,2024-01-01,2027-12-31,"4997722,25"
101054778,2023-01-01,2027-12-31,"2499373,75"
101180263,2024-11-01,2027-02-28,"998041,74"
101169197,2025-03-01,2029-02-28,"3384928,8"
101121356,2023-10-01,2027-09-30,"4563406,25"
101168855,2024-09-01,2028-08-31,"3177316,8"
101117462,2024-01-01,2028-12-31,1499070
101154956,2025-03-01,2027-02-28,"203464,32"
101119774,2023-11-01,2027-10-31,"6746086,25"
101138209,2024-01-01,2027-12-31,3520000
101108414,2023-10-01,2026-03-31,"234530,4"
101060739,2022-09-01,2026-08-31,9618791
101056784,2022-07-01,2027-06-30,"14866244,5"
101070627,2022-10-01,2025-09-30,4158961
101120068,2023-10-01,2027-09-30,"2716898,4"
101114847,2023-09-01,2026-02-28,993550
101147041,2024-05-01,2028-04-30,"6906426,01"
101112111,2023-06-01,2026-11-30,5987856
101153946,2024-05-01,2026-08-31,"218895,04"
101054658,2022-08-01,2027-07-31,2500000
101135838,2024-01-01,2026-06-30,1133755
101108904,2023-06-01,2026-05-31,"272536,32"
101112053,2023-05-01,2027-04-30,"24307086,87"
101188131,2025-01-01,2028-12-31,"14266198,83"
101083763,2022-11-01,2026-10-31,2499675
101135963,2024-06-01,2027-05-31,"5993041,75"
101135705,2024-01-01,2026-12-31,"2994601,72"
101061142,2022-06-01,2026-05-31,5755260
101068452,2022-09-01,2024-02-29,150000
101070417,2022-12-01,2026-05-31,3090920
101056886,2022-05-01,2025-10-31,5956880
101117270,2023-12-01,2028-11-30,1500000
101159480,2024-10-01,2027-09-30,"1497605,57"
101114010,2023-11-15,2025-11-14,"1331851,25"
101120427,2023-10-01,2027-09-30,"2701720,8"
101192356,2025-01-01,2030-12-31,"19996861,2"
101104006,2023-06-01,2027-05-31,3613415
101058598,2022-07-01,2026-06-30,"9734435,88"
101120321,2023-10-01,2027-09-30,2681280
101160532,2024-04-01,2026-03-31,1000000
101137583,2024-01-01,2027-06-30,"4271243,75"
101112347,2023-06-01,2027-05-31,"5379981,82"
101103355,2023-06-01,2025-05-31,"187624,32"
101120117,2024-03-01,2028-02-29,"2667448,8"
101168031,2024-11-01,2028-10-31,2846592
101182933,2025-01-01,2028-12-31,1357000
101062327,2023-02-01,2025-01-31,"187624,32"
101079200,2023-01-01,2025-12-31,"1406746,25"
101147275,2024-05-01,2027-04-30,"2996153,75"
101068900,2023-04-15,2025-10-14,"254330,4"
101153953,2024-07-15,2026-07-14,"187624,32"
101041863,2022-09-01,2027-08-31,1499999
101180121,2024-11-01,2027-10-31,"2198807,51"
101121853,2023-09-01,2026-02-28,"2999983,1"
101169359,2024-09-01,2028-08-31,3635604
101155875,2025-01-01,2028-12-31,"7767276,26"
101070052,2022-09-01,2025-08-31,10444121
101191922,2025-01-01,2028-06-30,"16233889,5"
101103646,2023-06-01,2026-05-31,"9872097,75"
101096275,2023-02-01,2027-01-31,"3394197,5"
101056730,2022-07-01,2026-06-30,9873628
101136438,2023-12-01,2029-11-30,"9991877,5"
101066680,2022-11-01,2024-10-31,"203464,32"
101067047,2023-01-01,2024-12-31,191760
101112282,2023-10-01,2026-09-30,"5503891,07"
101101978,2023-01-01,2026-03-31,24949000
101096566,2023-01-01,2026-12-31,"17903348,29"
101122194,2023-11-01,2027-10-31,"5998642,5"
101157151,2025-01-01,2028-06-30,"7997612,77"
101115320,2024-01-01,2028-12-31,2156250
101120290,2023-10-01,2027-09-30,"2679933,6"
101079250,2023-01-01,2025-12-31,1493789
101112268,2023-06-01,2026-05-31,"6203293,72"
101042612,2022-02-01,2027-01-31,1500000
101147171,2024-10-01,2028-09-30,"2955616,25"
101063107,2022-12-01,2024-11-30,"188590,08"
101149563,2024-09-01,2026-08-31,"203464,32"
101111304,2024-01-01,2026-12-31,"288859,2"
101073963,2022-10-01,2025-09-30,"3185442,25"
101056773,2022-06-01,2026-05-31,5999559
101181021,2024-11-01,2028-10-31,"6861253,27"
101181142,2025-01-01,2028-12-31,"6494227,21"
101147545,2024-06-01,2027-05-31,"2997076,75"
101166718,2024-10-01,2029-09-30,20000000
101147454,2024-05-01,2027-04-30,"2655807,5"
101115788,2023-11-01,2029-02-28,1672968
101114776,2023-09-01,2026-02-28,"877207,5"
101042855,2022-07-01,2027-06-30,2092095
101114684,2023-09-01,2026-02-28,"986483,75"
101140192,2024-05-01,2027-04-30,"14323709,3"
101066635,2022-10-01,2024-09-30,"203464,32"
101075424,2022-10-01,2026-03-31,"6565970,75"
101146684,2024-05-01,2027-04-30,"3214191,5"
101160687,2024-07-01,2028-06-30,"4999867,75"
101073551,2023-03-01,2027-02-28,"2698905,6"
101138326,2024-01-01,2025-06-30,150000
101169048,2024-09-01,2028-08-31,"2748477,6"
101093934,2023-03-01,2027-02-28,8903952
101041342,2022-04-01,2027-03-31,1498201
101078821,2023-05-01,2028-04-30,1499958
101096405,2023-01-01,2025-12-31,11081846
101169439,2025-02-01,2029-01-31,"3699568,8"
101183051,2025-01-01,2028-12-31,598000
101153476,2024-05-01,2026-04-30,"203464,32"
101101999,2023-01-01,2026-12-31,"20094268,79"
101102007,2023-01-01,2026-12-31,"34979440,86"
101169348,2025-03-01,2029-02-28,"3595946,4"
101169541,2025-01-01,2028-12-31,"3949948,8"
101168618,2025-02-01,2029-01-31,3974796
101121851,2023-07-01,2024-09-30,"1499328,12"
101135699,2024-01-01,2027-12-31,"10166376,25"
101101462,2023-03-01,2027-02-28,3984187
101039455,2022-09-01,2027-08-31,1495125
101177725,2024-11-01,2029-04-30,17295057
101120301,2024-01-01,2027-12-31,3471588
101135638,2024-01-01,2026-12-31,"2476628,75"
101079354,2022-10-01,2025-09-30,1498200
101081458,2023-01-01,2028-06-30,3628800
101119769,2024-01-01,2027-12-31,"2790583,2"
101083936,2022-11-01,2025-10-31,"2786907,75"
101091749,2023-01-01,2026-12-31,"3891871,26"
101131765,2024-04-01,2028-03-31,"14360285,75"
101140588,2024-01-01,2026-12-31,"13225141,88"
101106482,2023-06-15,2025-12-14,"254330,4"
101183089,2024-11-01,2028-10-31,1485800
101123467,2023-10-01,2027-09-30,"7497153,28"
101139117,2024-01-01,2027-12-31,"4990648,88"
101165129,2024-11-01,2029-10-31,1500000
101079929,2022-10-01,2025-12-31,4999216
101072360,2022-09-01,2026-08-31,"2502993,6"
101150523,2024-10-01,2026-09-30,"187624,32"
101122256,2023-10-01,2027-09-30,5769120
101136080,2023-12-01,2027-05-31,"7559885,68"
101169530,2024-10-01,2028-09-30,"3981772,8"
101139996,2024-05-01,2027-04-30,"10016584,63"
101076165,2022-10-01,2026-03-31,"6766958,75"
101101974,2023-01-01,2026-06-30,"38005938,75"
101138013,2024-01-01,2026-12-31,"4499934,75"
101109290,2024-02-01,2026-01-31,"187624,32"
101196142,2024-12-01,2026-11-30,2299864
101140226,2024-09-01,2027-08-31,"10290641,64"
101188037,2025-01-01,2028-06-30,4005690
101136388,2024-11-01,2030-10-31,9000000
101109788,2023-11-01,2025-10-31,"187624,32"
101158219,2024-03-01,2025-08-31,150000
101147571,2024-06-01,2028-05-31,"4167892,5"
101126132,2024-07-01,2029-06-30,1996040
101095754,2023-01-01,2026-12-31,"3936271,75"
101100509,2023-01-15,2025-01-14,998371
101064986,2022-06-01,2024-05-31,"203464,32"
101079995,2023-01-01,2025-12-31,4999975
101170048,2025-06-01,2030-05-31,2000000
101096387,2023-01-01,2025-12-31,"18333206,73"
101192750,2025-01-01,2027-12-31,"5826453,13"
101138379,2024-05-01,2028-04-30,"10800156,97"
101146122,2024-09-01,2028-08-31,"6974042,5"
101041486,2022-06-01,2027-05-31,1499395
101107363,2024-06-01,2026-11-30,"206641,2"
101169278,2025-01-01,2029-12-31,3944784
101096352,2023-01-01,2026-12-31,4827668
101149833,2025-09-01,2027-08-31,"187624,32"
101134929,2024-01-01,2027-06-30,"6200138,75"
101113946,2023-03-01,2026-08-31,"19999327,25"
101168562,2024-09-01,2027-08-31,3998925
101135403,2024-09-01,2027-08-31,"1999989,38"
101078711,2023-08-01,2028-07-31,1852430
101095874,2023-01-01,2027-04-30,"50720449,35"
101114855,2023-06-01,2026-05-31,"6497545,5"
101101998,2023-01-01,2025-12-31,"3999697,75"
101149399,2024-09-02,2026-09-01,"203464,32"
101072851,2023-01-01,2026-12-31,"2607717,6"
101072585,2023-01-01,2026-12-31,"2377288,8"
101151821,2024-12-01,2026-11-30,"203464,32"
101135443,2023-12-01,2026-05-31,1827268
101147653,2024-06-01,2028-05-31,"6996063,13"
101079125,2022-11-01,2025-10-31,1498250
101075665,2022-09-01,2026-08-31,7996531
101192574,2025-01-01,2027-12-31,2499960
101119961,2024-03-01,2028-02-29,"2672589,6"
101103998,2023-05-01,2026-04-30,"5999801,25"
101136597,2024-01-01,2027-12-31,5495530
101172705,2025-01-01,2027-12-31,"4939644,46"
101058453,2022-06-01,2026-05-31,12384507
101104141,2023-05-01,2026-10-31,"5598718,01"
101096753,2023-01-01,2027-12-31,"19618158,39"
101079963,2022-11-01,2026-03-31,2075558
101084405,2022-12-01,2026-08-31,"4390894,5"
101056927,2022-10-01,2025-03-31,1997951
101122167,2023-10-01,2026-09-30,"4151083,74"
101082131,2022-11-01,2025-10-31,1961575
101192047,2025-01-01,2028-12-31,"4999542,75"
101118278,2023-12-01,2026-11-30,"2499962,5"
101075783,2022-09-01,2026-08-31,"7508242,75"
101057693,2022-09-01,2026-08-31,7984484
101178798,2024-11-01,2028-10-31,"19992863,25"
101069689,2022-10-01,2026-09-30,"7840312,9"
101138646,2024-01-01,2027-12-31,9768063
101069658,2022-06-01,2025-05-31,"4578873,75"
101135784,2024-01-01,2027-06-30,9984510
101096571,2023-01-01,2027-12-31,"19986990,32"
101082327,2023-11-01,2026-10-31,"3285362,5"
101069852,2022-09-01,2025-06-30,"2572856,46"
101122357,2023-09-01,2026-08-31,"4038518,58"
101147412,2024-06-01,2027-11-30,"5999644,26"
101136000,2023-12-01,2027-11-30,"4701873,75"
101069890,2022-09-01,2026-08-31,9283175
101183145,2025-01-01,2027-12-31,"3499019,45"
101123326,2023-10-01,2027-03-31,"4999937,5"
101069820,2022-07-01,2026-06-30,"7491936,5"
101096197,2023-01-01,2026-12-31,"7930450,25"
101096921,2023-01-01,2026-12-31,"6369819,25"
101096192,2023-01-01,2026-12-31,8002111
101136139,2023-12-01,2028-11-30,"19960911,88"
101056661,2022-05-01,2025-04-30,"4999588,56"
101136186,2024-01-01,2027-12-31,"5586330,5"
101121530,2023-06-01,2026-05-31,"87239477,45"
101192566,2025-01-01,2027-12-31,2499990
101103956,2023-05-01,2027-04-30,5148296
101093016,2023-01-01,2026-06-30,"11945613,5"
101178721,2025-01-01,2028-12-31,"4825924,55"
101136136,2023-12-01,2027-11-30,9647826
101182324,2025-01-01,2027-12-31,5273375
101084377,2023-09-01,2027-08-31,"6452255,63"
101132448,2024-06-01,2027-11-30,"3997268,75"
101147777,2024-06-01,2027-05-31,"4999982,5"
101177422,2024-11-01,2028-10-31,5999845
101138373,2024-01-01,2027-12-31,"12499988,13"
101139666,2024-01-01,2028-12-31,"24743622,5"
101079951,2022-10-01,2026-09-30,"10016536,45"
101139652,2024-01-01,2027-12-31,"39994493,69"
101096354,2023-09-01,2026-08-31,"5999718,75"
101096992,2023-01-01,2026-12-31,7964444
101082575,2023-02-01,2026-01-31,"2632367,5"
101137967,2024-01-01,2026-12-31,3666685
101061157,2023-02-01,2026-01-31,"3785358,75"
101182453,2025-01-01,2027-12-31,2999595
101157243,2024-09-01,2027-08-31,"3467338,75"
101157458,2024-11-01,2028-10-31,"5633151,25"
101095904,2023-01-01,2026-12-31,19993346
101074075,2022-10-01,2025-09-30,"3549969,5"
101136006,2024-01-01,2026-12-31,"7255953,75"
101146909,2024-06-01,2027-05-31,"2996321,25"
101136904,2024-01-01,2026-12-31,"4998684,5"
101060534,2022-07-01,2025-06-30,"2999283,75"
101081931,2023-09-01,2027-08-31,"5476984,63"
101136507,2024-03-01,2028-02-29,"6496856,75"
101092100,2023-01-01,2025-12-31,"5926987,5"
101081802,2023-05-01,2027-04-30,"4996847,25"
101139637,2025-01-01,2028-12-31,"11999496,25"
101178794,2024-11-01,2027-10-31,"3999598,75"
101137248,2023-12-01,2027-11-30,"5772465,75"
101149224,2024-11-01,2026-10-31,"214934,4"
101055152,2023-01-01,2027-12-31,2420301
101078386,2023-06-01,2028-05-31,1491083
101140661,2024-10-01,2029-09-30,2499861
101183158,2024-11-01,2028-10-31,4966380
101131233,2023-10-01,2027-09-30,294400
101065558,2022-09-01,2024-08-31,"214934,4"
101106199,2024-05-10,2026-05-09,"230774,4"
101077592,2023-07-01,2028-06-30,1498735
101077481,2023-09-01,2028-08-31,1498616
101189401,2025-08-01,2027-01-31,150000
101136621,2024-01-01,2028-12-31,"5162444,25"
101060247,2022-09-01,2026-08-31,"11303944,75"
101141278,2025-01-01,2029-12-31,2500000
101184070,2025-03-01,2029-02-28,14997764
101138962,2024-02-01,2025-07-31,150000
101060638,2022-09-01,2026-02-28,"3332948,75"
101062721,2022-09-01,2024-08-31,"214934,4"
101164202,2024-10-01,2029-09-30,1499893
101060379,2022-07-01,2026-06-30,"8279720,25"
101149740,2024-08-15,2026-08-14,"230774,4"
101078151,2023-04-01,2028-03-31,1491174
101138338,2023-10-01,2025-03-31,150000
101088342,2024-02-01,2029-01-31,"1999428,75"
101118747,2023-01-01,2023-12-31,"298521,25"
101080788,2023-06-01,2028-05-31,"9962573,75"
101142093,2024-09-01,2029-08-31,2500000
101146273,2024-04-01,2026-03-31,"230774,4"
101148604,2024-05-01,2026-04-30,"214934,4"
101103304,2023-08-01,2025-07-31,"214934,4"
101150025,2025-04-01,2027-03-31,"230774,4"
101149652,2024-12-01,2026-11-30,"230774,4"
101151076,2024-08-01,2026-07-31,"230774,4"
101066084,2022-08-01,2024-07-31,"230774,4"
101177011,2025-01-01,2029-12-31,1432800
101148342,2024-10-01,2026-09-30,"214934,4"
101093873,2023-01-01,2027-12-31,"24269300,07"
101064009,2022-09-01,2024-08-31,"230774,4"
101041418,2022-07-01,2027-06-30,1499381
101078420,2023-04-01,2028-03-31,1659836
101169473,2024-09-01,2028-08-31,"3576974,4"
101057853,2022-08-01,2026-07-31,7984441
101079396,2023-01-01,2025-12-31,"1333347,5"
101066828,2022-12-01,2024-11-30,"230774,4"
101135671,2023-11-01,2026-10-31,6929701
101168810,2025-04-01,2029-03-31,"4130611,2"
101120250,2023-11-01,2027-10-31,"2892664,8"
101061028,2022-07-01,2026-06-30,4790326
101086394,2023-01-01,2026-12-31,496800
101189551,2025-01-01,2028-12-31,"4305637,5"
101063870,2023-01-01,2024-12-31,"214934,4"
101150305,2025-09-01,2027-08-31,"230774,4"
101111247,2023-04-01,2025-03-31,"187624,32"
101149300,2025-09-01,2027-08-31,"230774,4"
101039416,2022-09-01,2027-08-31,1499876
101122224,2024-01-01,2027-12-31,"4757391,33"
101125803,2024-03-01,2029-02-28,2000000
101109634,2024-01-01,2025-12-31,"230774,4"
101105365,2023-11-01,2026-10-31,"265099,2"
101072828,2022-09-01,2026-08-31,"1648915,2"
101063359,2023-01-01,2025-08-31,"214934,4"
101135082,2024-03-01,2028-02-29,6189082
101073471,2022-10-01,2026-09-30,"2768795,44"
101159920,2024-09-01,2027-08-31,"1497287,81"
101146497,2025-01-01,2026-12-31,"230774,4"
101066452,2023-07-01,2025-06-30,"230774,4"
101076758,2023-07-01,2028-06-30,1500000
101174557,2024-06-01,2027-11-30,"24974713,5"
101134138,2024-02-01,2027-07-31,3999500
101057014,2022-05-01,2029-04-30,200000000
101067058,2023-06-01,2025-05-31,"165312,96"
101088636,2023-09-01,2028-08-31,2000000
101059915,2022-12-01,2026-11-30,"15449902,5"
101152107,2025-09-01,2027-08-31,"214934,4"
101126248,2024-05-01,2029-04-30,1999993
101108100,2024-08-01,2026-07-31,"214934,4"
101062810,2023-01-01,2025-01-31,"230774,4"
101107099,2024-04-01,2026-03-31,"230774,4"
101060955,2023-03-01,2025-02-28,"214934,4"
101040641,2023-01-01,2027-12-31,1500000
101109359,2023-09-06,2025-09-05,"214934,4"
101172997,2024-10-01,2028-09-30,"7916214,3"
101111079,2023-07-01,2025-06-30,"214934,4"
101105215,2024-09-01,2027-08-31,"309951,36"
101109698,2023-06-01,2025-05-31,"230774,4"
101072410,2022-09-01,2026-08-31,"2605759,2"
101043083,2022-10-01,2027-09-30,"1740798,75"
101181822,2024-11-01,2028-10-31,"4499800,88"
101064828,2023-09-01,2025-08-31,"214934,4"
101161245,2025-01-01,2029-12-31,1499995
101081307,2023-06-01,2027-05-31,"6288178,75"
101150548,2024-09-01,2026-08-31,"230774,4"
101158325,2024-02-01,2025-07-31,150000
101106768,2024-08-01,2026-07-31,"214934,4"
101065374,2022-08-01,2024-07-31,"230774,4"
101073251,2022-11-01,2026-10-31,"2530832,34"
101072903,2022-10-01,2026-09-30,"2650312,8"
101067533,2022-09-01,2024-08-31,"214934,4"
101109463,2023-06-01,2025-05-31,"214934,4"
101041466,2022-09-01,2027-08-31,1498943
101067117,2023-01-01,2024-12-31,"230774,4"
101107083,2024-09-01,2026-08-31,"230774,4"
101155225,2024-08-01,2026-07-31,"230774,4"
101126665,2024-10-01,2029-09-30,6017760
101168939,2024-11-01,2028-10-31,3965616
101142230,2024-10-01,2029-09-30,2500000
101083923,2023-01-01,2026-12-31,"4868322,5"
101159883,2024-09-01,2027-08-31,"1497553,87"
101168829,2024-10-01,2028-09-30,"1907128,8"
101087058,2023-10-01,2028-09-30,2027474
101060415,2022-07-01,2027-06-30,12213773
101069515,2022-07-01,2025-12-31,"4996815,75"
101177446,2025-03-01,2030-02-28,5731200
101071843,2023-05-01,2029-04-30,8721625
101057077,2022-08-01,2026-07-31,"4252851,5"
101108420,2023-11-01,2025-10-31,"214934,4"
101104155,2024-02-16,2026-02-15,"230774,4"
101133983,2024-01-01,2027-12-31,"7229083,75"
101142033,2025-01-01,2029-12-31,2499769
101168881,2024-10-01,2028-09-30,"4000132,8"
101067686,2022-08-01,2024-07-31,"214934,4"
101102140,2022-10-01,2026-03-31,24000000
101119464,2024-02-01,2028-01-31,"2717755,2"
101070408,2022-10-01,2025-09-30,3742855
101078083,2023-10-01,2028-09-30,1454118
101154127,2025-01-01,2026-12-31,"230774,4"
101169403,2025-03-01,2029-02-28,3280572
101095820,2023-08-01,2028-07-31,2198091
101066734,2023-09-01,2025-08-31,"214934,4"
101152158,2025-05-01,2027-10-31,"206641,2"
101104193,2023-11-01,2025-10-31,"214934,4"
101057129,2022-08-01,2026-07-31,7597250
101136281,2023-12-01,2027-11-30,"7952496,25"
101064626,2023-01-01,2024-12-31,"230774,4"
101103129,2023-12-15,2025-12-14,"230774,4"
101072843,2023-03-01,2027-02-28,2569212
101124807,2024-05-01,2029-04-30,2000000
101056921,2022-07-01,2026-06-30,"8151049,5"
101081774,2022-11-01,2027-10-31,8008387
101103476,2023-03-01,2026-02-28,"3999996,25"
101119911,2023-11-01,2027-10-31,"2718489,6"
101070284,2022-10-01,2025-09-30,"4999941,5"
101064551,2022-10-01,2024-09-30,"214934,4"
101135159,2024-03-01,2028-02-29,5999675
101108340,2024-06-15,2026-06-14,"189687,36"
101182319,2024-11-01,2028-10-31,"6972375,38"
101112855,2023-06-01,2027-05-31,7000000
101169364,2025-01-01,2028-12-31,"3608186,4"
101063135,2022-08-01,2024-07-31,"230774,4"
101060057,2022-11-01,2028-10-31,"7992742,5"
101063896,2023-09-01,2025-08-31,"230774,4"
101060635,2022-07-01,2026-06-30,3333691
101149144,2025-08-01,2027-07-31,"214934,4"
101078570,2023-05-01,2028-04-30,1500000
101068203,2022-10-01,2025-08-31,"230774,4"
101079147,2022-10-01,2025-09-30,1228957
101169005,2024-09-01,2028-08-31,"2870877,6"
101079363,2022-11-01,2026-10-31,1201375
101060917,2022-07-01,2024-06-30,299722
101119633,2023-09-01,2027-08-31,"2741990,4"
101108732,2023-07-01,2025-06-30,"214934,4"
101166475,2024-01-01,2025-12-31,750000
101159581,2024-09-01,2027-08-31,"1395265,05"
101079069,2023-01-01,2025-12-31,"1499705,5"
101081251,2023-01-01,2026-12-31,"8555016,25"
101103772,2023-06-01,2026-11-30,11347664
101104867,2023-04-01,2025-05-31,"214934,4"
101177176,2024-12-01,2027-11-30,2999375
101136248,2023-11-01,2027-10-31,"4922812,5"
101157661,2024-06-01,2025-11-30,150000
101119497,2023-10-01,2027-09-30,"2799763,2"
101084204,2022-11-01,2027-04-30,"4830613,75"
101166838,2025-03-01,2029-02-28,4023756
101106627,2023-12-01,2025-11-30,"214934,4"
101060143,2022-06-01,2024-05-31,"214934,4"
101191794,2025-01-01,2029-12-31,"7978165,75"
101148364,2024-09-01,2026-08-31,"214934,4"
101112942,2023-06-01,2027-05-31,6993940
101086320,2023-01-01,2026-12-31,7999981
101149150,2024-04-01,2025-09-30,"161200,8"
101125652,2024-06-01,2029-05-31,1869055
101110589,2023-04-01,2025-03-31,"214934,4"
101062473,2022-10-01,2025-01-31,"232879,67"
101064250,2022-07-01,2023-12-31,"173080,8"
101126560,2024-01-01,2028-12-31,2865600
101109581,2024-02-01,2026-01-31,"230774,4"
101097979,2024-01-01,2028-12-31,2500000
101106080,2023-09-01,2025-08-31,"230774,4"
101184621,2025-02-01,2029-01-31,"7412137,75"
101079308,2022-10-01,2025-09-30,1499750
101150411,2025-03-01,2027-02-28,"230774,4"
101120524,2024-01-01,2027-12-31,"2578636,8"
101060014,2022-10-01,2025-09-30,6095569
101157438,2024-09-01,2028-08-31,6090925
101120466,2023-09-01,2027-08-31,3028356
101153717,2024-09-01,2026-08-31,"214934,4"
101068070,2022-09-01,2024-08-31,"214934,4"
101057882,2022-06-01,2027-05-31,9999995
101177687,2025-01-01,2027-12-31,"2985812,5"
101083833,2023-05-01,2028-04-30,"6086392,5"
101064654,2023-09-01,2025-08-31,"230774,4"
101043143,2022-09-01,2027-08-31,1919186
101106571,2023-06-01,2025-05-31,"214934,4"
101061660,2023-01-01,2024-12-31,"230774,4"
101105854,2024-08-12,2026-08-11,"214934,4"
101103134,2023-04-01,2025-03-31,"230774,4"
101168783,2025-01-01,2028-12-31,4181040
101063039,2022-10-01,2025-03-31,"230774,4"
101153913,2025-09-01,2027-08-31,"214934,4"
101081903,2022-12-01,2026-05-31,5987337
101142708,2024-10-01,2029-09-30,2500000
101163938,2025-07-01,2030-06-30,1491741
101107586,2024-05-01,2026-04-30,"173847,36"
101078107,2023-01-01,2027-12-31,1500000
101081420,2023-06-01,2027-05-31,"5579672,25"
101080323,2023-07-01,2028-06-30,"6999987,5"
101104602,2023-05-01,2025-04-30,"230774,4"
101131469,2024-01-01,2027-12-31,768200
101133191,2024-01-01,2028-12-31,"6993860,49"
101063763,2022-10-01,2025-06-30,"230774,4"
101069156,2022-05-01,2024-04-30,"214934,4"
101146276,2025-03-01,2027-02-28,"230774,4"
101091268,2022-11-01,2025-10-31,"4388914,75"
101162288,2025-01-01,2029-12-31,1497350
101096999,2023-10-01,2028-09-30,2499060
101119601,2023-12-01,2027-11-30,"2696457,6"
101132426,2024-03-01,2027-02-28,"2795851,25"
101134200,2024-09-01,2028-02-29,"4991187,5"
101062449,2023-09-01,2025-08-31,"230774,4"
101164148,2025-04-01,2030-03-31,1470201
101117373,2023-10-01,2028-09-30,1499536
101077271,2023-12-01,2028-11-30,1500000
101154869,2024-09-01,2026-08-31,"230774,4"
101064232,2023-04-01,2025-09-30,"215937,6"
101073231,2022-09-01,2026-08-31,"2331266,4"
101181623,2025-01-01,2028-12-31,"5999920,92"
101109725,2024-06-01,2026-05-31,"230774,4"
101060818,2022-11-01,2026-10-31,"7999587,5"
101182352,2024-11-01,2027-10-31,3000460
101156701,2024-10-01,2028-09-30,"5860203,75"
101063888,2023-01-01,2024-12-31,"214934,4"
101077479,2023-04-01,2028-03-31,1454635
101120187,2024-01-01,2027-12-31,"2800864,8"
101064589,2022-06-01,2024-05-31,"230774,4"
101065371,2023-01-01,2024-12-31,"214934,4"
101123183,2023-06-01,2024-11-30,150000
101166995,2025-04-01,2031-03-31,13069110
101064174,2023-03-01,2025-02-28,"214934,4"
101060538,2022-09-01,2026-08-31,"3153557,5"
101125362,2024-07-01,2029-06-30,1996986
101109396,2024-09-01,2026-08-31,"230774,4"
101159293,2024-06-01,2027-05-31,"1496870,32"
101067454,2023-02-01,2025-01-31,"230774,4"
101068833,2024-01-01,2026-12-31,"286191,36"
101151923,2024-11-01,2026-10-31,"214934,4"
101081788,2022-11-01,2026-10-31,3996390
101060393,2022-10-01,2026-09-30,7809605
101059788,2023-09-01,2029-08-31,"14999906,25"
101060244,2023-09-01,2025-08-31,"214934,4"
101072531,2023-02-01,2027-01-31,"2727057,6"
101061198,2022-11-01,2026-10-31,"2637258,75"
101124391,2024-08-01,2029-07-31,1970878
101130121,2023-12-01,2025-05-31,"1290201,28"
101163677,2025-01-01,2029-12-31,1496394
101154427,2025-03-15,2027-03-14,"214934,4"
101065478,2023-09-01,2025-08-31,"214934,4"
101060841,2023-09-01,2025-08-31,"214934,4"
101150622,2024-10-01,2026-09-30,"230774,4"
101073507,2023-01-01,2026-12-31,"2743459,2"
101131096,2024-02-01,2027-01-31,3062192
101067963,2023-09-01,2025-08-31,"230774,4"
101083388,2023-01-01,2028-12-31,10822804
101168626,2024-10-01,2028-09-30,"2671855,2"
101063285,2022-06-01,2024-05-31,"214934,4"
101125480,2025-05-01,2030-04-30,1999591
101148506,2024-09-01,2026-08-31,"214934,4"
101118768,2024-01-01,2029-12-31,9973679
101119492,2024-03-01,2028-02-29,"2676016,8"
101071865,2023-09-01,2029-08-31,11260286
101110417,2023-09-01,2025-08-31,"230774,4"
101180278,2024-11-01,2027-04-30,1631875
101094812,2023-01-01,2025-12-31,2589225
101182041,2025-01-01,2027-12-31,"2999815,35"
101061962,2023-01-15,2025-01-14,"230774,4"
101077147,2023-09-01,2028-08-31,1496368
101160901,2025-04-01,2030-03-31,1499043
101146918,2024-04-01,2026-03-31,"214934,4"
101110156,2023-07-01,2025-06-30,"214934,4"
101177913,2025-02-01,2029-01-31,2998365
101080717,2023-07-01,2027-06-30,"7425446,8"
101082004,2023-09-01,2027-08-31,"9688013,92"
101081238,2023-09-01,2028-02-29,6654885
101078303,2023-06-01,2028-05-31,1500000
101126220,2024-07-01,2029-06-30,2000000
101067602,2023-06-01,2025-05-31,"230774,4"
101107704,2023-08-07,2025-08-06,"214934,4"
101107964,2024-03-01,2026-02-28,"142757,76"
101108282,2023-07-01,2025-06-30,"230774,4"
101107341,2023-04-01,2025-03-31,"214934,4"
101151897,2024-10-01,2026-09-30,"214934,4"
101110196,2023-05-01,2025-04-30,"230774,4"
101120237,2023-09-01,2027-08-31,11030575
101137601,2024-03-01,2028-02-29,"5868639,19"
101153806,2025-09-01,2028-02-29,288468
101153691,2024-10-01,2026-09-30,"230774,4"
101094065,2023-01-01,2026-12-31,"8214732,88"
101104696,2023-09-01,2025-08-31,"230774,4"
101150469,2024-04-01,2026-03-31,"214934,4"
101095698,2023-12-01,2028-11-30,9958833
101095290,2023-03-01,2026-02-28,"2143188,38"
101159414,2024-10-01,2027-09-30,"1417508,62"
101136701,2024-01-01,2026-12-31,"5003746,41"
101154525,2024-08-01,2026-07-31,"214934,4"
101103059,2023-07-01,2028-06-30,5207500
101064872,2023-08-14,2025-08-13,"230774,4"
101119534,2024-01-01,2027-12-31,"2706538,16"
101163035,2025-01-01,2029-12-31,1499478
101081298,2023-09-01,2028-08-31,4298400
101066225,2023-09-01,2025-08-31,"214934,4"
101061681,2022-09-01,2024-08-31,"230774,4"
101136957,2023-12-01,2027-11-30,"7280986,25"
101123379,2023-06-01,2024-11-30,150000
101063466,2023-09-01,2026-07-31,"276681,6"
101073238,2023-03-01,2027-02-28,"2747620,8"
101130949,2024-03-01,2029-02-28,14588114
101065213,2022-09-01,2024-08-31,"230774,4"
101148378,2024-10-01,2026-09-30,191760
101137196,2024-01-01,2027-12-31,6676490
101096548,2023-11-01,2028-10-31,2475491
101146092,2025-06-01,2027-05-31,"172750,08"
101109551,2024-06-01,2026-05-31,"214934,4"
101179234,2025-09-01,2030-08-31,6652800
101155748,2024-06-01,2029-05-31,8510200
101060759,2022-09-01,2025-08-31,"1788059,5"
101170678,2025-06-01,2030-05-31,1999610
101107611,2024-03-15,2026-03-14,"206887,68"
101066903,2023-05-01,2025-04-30,"214934,4"
101105307,2024-05-01,2026-04-30,"165312,96"
101137154,2023-12-01,2028-11-30,"9598516,5"
101137378,2024-01-01,2027-12-31,"6547156,75"
101156325,2025-01-01,2028-12-31,"7668747,89"
101097439,2024-01-01,2028-12-31,2446884
101148824,2025-01-01,2026-12-31,"214934,4"
101151525,2024-09-01,2026-08-31,"214934,4"
101131261,2024-04-01,2028-09-30,"14499857,75"
101116662,2024-02-01,2029-01-31,1500000
101063449,2022-10-01,2024-09-30,"214934,4"
101107921,2024-09-01,2026-08-31,"230774,4"
101132698,2024-06-01,2027-05-31,"3035393,75"
101073533,2022-10-01,2026-09-30,"2738724,78"
101120126,2024-03-01,2028-02-29,"4006864,8"
101060645,2022-07-01,2026-06-30,"3911528,25"
101072427,2022-09-01,2026-08-31,"2785809,6"
101115754,2024-06-01,2029-05-31,1686734
101070109,2022-10-01,2025-09-30,"8997632,25"
101138678,2024-01-01,2028-12-31,"3879168,25"
101142277,2025-01-01,2029-12-31,2499773
101067291,2022-08-01,2024-09-30,"222727,68"
101152199,2025-04-01,2027-03-31,"165312,96"
101130271,2024-03-01,2028-02-29,846400
101127936,2024-01-01,2028-12-31,3024000
101135064,2024-01-01,2026-06-30,1000000
101141917,2024-11-01,2029-10-31,2500000
101072491,2022-10-01,2027-02-28,3206214
101079164,2022-12-01,2025-11-30,1499750
101189234,2024-10-01,2026-03-31,150000
101057103,2022-09-01,2027-02-28,5988859
101157867,2024-09-01,2028-08-31,"6991831,25"
101155233,2025-09-01,2028-08-31,"288859,2"
101119554,2024-01-01,2027-12-31,"4037403,6"
101121338,2023-09-01,2026-02-28,1499920
101097259,2023-10-01,2028-09-30,2476718
101088098,2023-09-01,2028-08-31,1999500
101096912,2024-01-01,2026-12-31,"1845291,75"
101098332,2023-11-01,2028-10-31,1877793
101066876,2023-01-01,2024-12-31,"203464,32"
101058715,2022-05-01,2025-04-30,5351440
101094428,2023-02-01,2026-01-31,"2389941,69"
101147241,2024-04-01,2026-03-31,"181152,96"
101101966,2022-12-01,2026-11-30,"46225689,31"
101159546,2024-09-01,2027-08-31,"1499465,06"
101095384,2023-10-01,2026-09-30,6640205
101168943,2024-09-01,2028-08-31,3603168
101147000,2024-05-01,2027-04-30,"4856743,63"
101120323,2023-10-01,2026-09-30,2908625
101072634,2023-01-01,2026-12-31,"2128255,2"
101096649,2023-01-01,2026-12-31,13419988
101135884,2024-01-01,2027-12-31,9998550
101136607,2024-11-01,2030-10-31,"14999782,5"
101086685,2023-08-01,2028-07-31,2932775
101057434,2022-09-01,2027-08-31,5980347
101066062,2022-07-01,2024-12-31,"203464,32"
101072846,2023-01-01,2026-12-31,"1802857,6"
101046314,2022-05-01,2025-04-30,"10496136,5"
101087113,2024-07-01,2029-06-30,2565578
101132308,2023-12-01,2026-11-30,"3996147,5"
101057525,2022-05-01,2026-04-30,4757958
101154204,2025-09-01,2027-08-31,"172750,08"
101169012,2025-03-01,2029-02-28,"2686665,6"
101070162,2022-10-01,2025-09-30,"3529112,5"
101057437,2022-06-01,2025-05-31,11059061
101177564,2025-01-01,2029-12-31,3360000
101116253,2025-01-01,2029-12-31,2048115
101135175,2024-01-01,2027-06-30,"4996749,38"
101112823,2023-09-01,2027-02-28,"9452372,5"
101070062,2022-11-01,2025-10-31,6435635
101087218,2023-11-01,2028-10-31,1998348
101119744,2023-10-01,2026-09-30,"8769661,5"
101192736,2024-12-01,2028-08-31,"4999940,22"
101076160,2023-10-01,2028-09-30,1499750
101182930,2025-01-01,2028-12-31,1329400
101081529,2022-11-01,2024-04-30,150000
101156734,2024-02-01,2025-07-31,150000
101079777,2023-04-01,2028-03-31,"5996818,75"
101069400,2022-09-01,2024-02-29,150000
101165402,2024-11-01,2029-10-31,1500000
101092725,2023-05-01,2028-04-30,2954167
101135798,2024-01-01,2027-12-31,7239725
101080983,2023-05-01,2028-04-30,"5704756,25"
101163425,2024-12-01,2029-11-30,1473454
101180055,2024-11-01,2026-04-30,"999778,59"
101131109,2023-12-01,2027-11-30,915400
101070658,2022-09-01,2025-08-31,5734395
101135533,2024-01-01,2026-12-31,5835760
101114701,2023-06-01,2026-05-31,"3787940,63"
101058573,2023-01-01,2025-12-31,4809449
101135737,2023-09-01,2027-02-28,3999500
101120726,2023-09-01,2026-08-31,10746872
101141466,2024-10-01,2029-09-30,2500000
101181413,2025-01-01,2027-12-31,"6475880,5"
101080135,2023-07-01,2028-06-30,"5087742,5"
101161975,2025-10-01,2030-09-30,1500000
101092875,2023-01-01,2025-12-31,"5500207,5"
101073899,2022-09-01,2025-08-31,"4999237,88"
101073558,2023-02-01,2027-01-31,"2707473,6"
101169295,2025-01-01,2028-12-31,"3989239,2"
101057655,2022-12-01,2026-11-30,5940894
101065536,2022-07-01,2024-06-30,"222727,68"
101070363,2022-11-01,2025-10-31,3493992
101135166,2024-01-01,2026-12-31,"1301318,75"
101123888,2024-05-01,2029-04-30,1999465
101113935,2023-07-01,2024-06-30,75000
101071856,2022-06-01,2023-01-31,75000
101112184,2023-07-01,2024-06-30,75000
101168492,2024-09-01,2026-08-31,1500000
101155460,2024-06-01,2026-05-31,"214934,4"
101131117,2024-01-01,2027-12-31,892400
101086300,2023-01-01,2026-12-31,"7499292,49"
101070468,2022-11-01,2026-10-31,"3498525,25"
101131501,2024-01-01,2027-12-31,611800
101169519,2024-12-01,2028-11-30,3982140
101111369,2023-09-01,2025-08-31,"226751,04"
101119711,2024-01-01,2027-12-31,"2595232,8"
101086179,2023-01-01,2026-12-31,"9960357,5"
101057603,2022-11-01,2026-10-31,7702741
101142461,2025-02-01,2030-01-31,2497250
101130495,2024-06-01,2027-05-31,"7897415,86"
101142306,2024-08-01,2029-07-31,2500000
101068828,2023-04-01,2026-09-30,"334757,04"
101088405,2023-05-01,2028-04-30,1983000
101167512,2024-12-01,2028-11-30,"2637950,4"
101114718,2023-06-01,2026-05-31,"4803147,13"
101069336,2022-04-01,2023-09-30,150000
101182891,2024-11-01,2028-10-31,1237400
101096379,2023-01-01,2025-06-30,4215999
101166392,2024-10-01,2027-09-30,"1962507,85"
101086487,2023-01-01,2026-12-31,1168400
101194363,2024-10-01,2027-09-30,"1499967,5"
101053309,2023-05-01,2028-04-30,2342038
101136791,2024-01-01,2027-12-31,5857735
101056885,2022-06-01,2026-05-31,4457334
101057400,2022-09-01,2026-08-31,4650797
101120606,2023-09-01,2026-08-31,"3896405,26"
101046016,2021-10-14,2026-10-13,"9995919,5"
101058129,2022-09-01,2025-08-31,"11138287,5"
101114692,2023-06-01,2026-05-31,"10847805,53"
101056934,2023-01-01,2026-12-31,9204541
101131737,2023-10-01,2026-09-30,"1933437,5"
101135990,2024-01-01,2026-12-31,"6818658,38"
101093393,2023-01-01,2026-12-31,"3906355,38"
101093293,2023-01-01,2025-12-31,"6997721,25"
101070190,2023-01-01,2026-02-28,"5950682,5"
101184736,2025-02-01,2029-01-31,"7227516,25"
101139172,2024-01-01,2026-12-31,"12571341,13"
101160770,2025-01-01,2029-12-31,1500000
101183031,2025-01-01,2028-12-31,496800
101181381,2025-01-01,2028-12-31,"3865504,86"
101081028,2023-11-01,2028-04-30,8185948
101086348,2023-01-01,2026-12-31,915400
101117469,2024-04-01,2029-03-31,1405894
101116257,2025-01-01,2029-12-31,1055314
101188904,2025-01-01,2026-06-30,150000
101061453,2022-11-01,2027-04-30,2846944
101130873,2023-11-01,2025-10-31,"155793,6"
101058384,2022-06-01,2025-05-31,7991699
101117045,2024-05-01,2029-04-30,1499930
101119501,2023-12-01,2027-11-30,"2747743,2"
101091496,2023-01-01,2025-12-31,4999916
101039198,2022-10-01,2027-09-30,1499750
101189771,2025-01-01,2027-12-31,"9999998,5"
101059543,2022-10-01,2026-09-30,"3046560,5"
101119590,2023-11-01,2027-10-31,"3334846,8"
101057699,2022-09-01,2026-08-31,5838576
101076119,2023-03-01,2028-02-29,1499731
101129909,2024-06-01,2028-05-31,"5997208,5"
101169429,2024-12-01,2028-11-30,3832812
101149176,2024-09-01,2027-08-31,"222549,12"
101057442,2022-09-01,2027-08-31,22561532
101129644,2024-02-01,2027-07-31,"2999903,75"
101121129,2023-10-01,2026-09-30,"5998864,19"
101055155,2023-03-01,2028-02-29,3498426
101069836,2022-12-01,2025-05-31,2000000
101119891,2024-01-01,2027-12-31,"2681769,6"
101137426,2024-07-01,2028-06-30,"7933969,38"
101057332,2022-10-01,2027-09-30,9033750
101081642,2022-12-01,2026-11-30,"8612068,5"
101093822,2023-01-01,2026-12-31,"7971863,5"
101154423,2024-09-16,2026-09-15,"166278,72"
101073911,2023-01-01,2025-06-30,"6481677,32"
101080219,2023-05-01,2028-04-30,"9875071,25"
101072124,2022-06-01,2023-01-31,75000
101057389,2022-06-01,2026-05-31,5378299
101114315,2023-06-01,2024-05-31,75000
101165990,2024-09-01,2027-08-31,"1913378,13"
101172693,2024-09-01,2028-02-29,13524750
101070229,2022-09-01,2024-10-31,849775
101070080,2022-09-01,2026-02-28,"3248696,25"
101182001,2024-11-01,2026-10-31,"799939,38"
101135562,2024-01-01,2026-12-31,1497842
101138097,2023-12-01,2027-11-30,"9222570,5"
101112581,2023-05-01,2027-04-30,"5509655,5"
101157892,2024-10-01,2028-09-30,4999785
101157663,2024-05-01,2027-04-30,"3999185,26"
101157528,2024-06-01,2028-05-31,"4984163,75"
101137440,2024-01-01,2028-12-31,"6694438,25"
101135031,2024-07-01,2027-12-31,4813575
101112436,2023-06-01,2027-05-31,"4886349,75"
101123324,2023-11-01,2027-10-31,5664921
101155569,2025-08-18,2027-08-17,"181152,96"
101131631,2023-12-01,2027-11-30,1375400
101131205,2024-01-01,2027-12-31,460000
101137758,2023-11-01,2027-10-31,3847500
101065428,2023-01-03,2025-01-02,"165312,96"
101172850,2024-10-01,2027-09-30,3906925
101109547,2024-01-22,2026-01-21,"181152,96"
101137905,2024-03-01,2028-02-29,1958285
101067916,2023-07-17,2025-07-16,"181152,96"
101061233,2022-10-01,2025-09-30,2997062
101124939,2024-07-01,2029-06-30,2000000
101155221,2024-09-02,2026-09-01,"165312,96"
101148763,2024-12-01,2026-11-30,"165312,96"
101112409,2023-06-01,2027-05-31,"5651163,5"
101114074,2024-02-01,2026-01-31,999503
101056306,2022-09-01,2025-08-31,4461323
101060814,2022-09-01,2026-08-31,"5670152,13"
101072598,2022-09-01,2026-08-31,"2526321,6"
101157679,2024-09-01,2028-08-31,"7236512,5"
101179088,2025-01-01,2029-12-31,1528320
101153928,2025-03-01,2027-02-28,"165312,96"
101063150,2023-07-01,2025-06-30,"165312,96"
101172806,2024-09-01,2027-08-31,"5499281,22"
101066877,2022-10-01,2024-09-30,"165312,96"
101084398,2023-01-01,2027-06-30,6947466
101157488,2024-09-01,2028-08-31,"4997527,5"
101068728,2022-09-01,2024-10-31,"166654,96"
101056858,2022-06-01,2026-05-31,6687423
101135517,2024-01-01,2027-12-31,5999830
101132327,2024-01-01,2027-12-31,"2999967,5"
101083408,2023-01-01,2025-12-31,"2817498,5"
101084127,2022-11-01,2025-10-31,"2875262,25"
101172887,2024-11-01,2027-10-31,"5526007,5"
101191936,2025-01-01,2027-06-30,"12999999,99"
101104263,2023-07-01,2026-06-30,"4999561,5"
101092598,2023-01-01,2025-12-31,12988081
101192035,2025-01-01,2027-12-31,"12142044,75"
101135422,2024-06-01,2027-11-30,"5996597,75"
101073879,2022-09-01,2025-08-31,3974400
101091915,2022-12-01,2026-11-30,"7007470,74"
101075656,2022-10-01,2026-09-30,"9552297,63"
101095119,2023-01-01,2026-12-31,3619635
101069731,2022-09-01,2025-12-31,"7151677,5"
101136462,2024-01-01,2027-06-30,4999635
101081865,2022-11-01,2026-04-30,"3996824,73"
101080117,2023-11-01,2027-10-31,9488616
101096120,2023-01-01,2025-12-31,5955098
101139291,2024-01-01,2026-12-31,"3999523,76"
101069717,2022-09-01,2025-12-31,"8999808,13"
101167904,2024-10-01,2027-09-30,"5203611,25"
101096435,2023-01-01,2025-12-31,4999153
101112708,2023-06-01,2027-05-31,"6999461,25"
101086219,2023-03-01,2027-02-28,372600
101070487,2022-09-01,2025-08-31,9127711
101086343,2023-01-01,2026-12-31,671600
101058589,2022-10-01,2025-09-30,"9335578,88"
101070074,2022-10-01,2025-09-30,"4396835,5"
101095759,2023-01-01,2025-06-30,"22999795,14"
101095871,2023-01-01,2025-12-31,14647245
101057497,2022-12-01,2026-11-30,"7876015,76"
101122101,2023-10-01,2027-09-30,"4999497,23"
101095933,2023-01-01,2025-12-31,4527400
101097122,2023-01-01,2025-12-31,5901405
101192113,2025-01-01,2027-12-31,"7994612,5"
101039945,2022-09-01,2027-08-31,1499375
101132901,2024-03-01,2030-02-28,"13854592,75"
101136346,2024-01-01,2030-12-31,"52673304,15"
101068321,2022-07-01,2024-06-30,"188590,08"
101149419,2025-09-01,2027-08-31,"172750,08"
101115916,2024-01-01,2028-12-31,1489901
101132585,2024-03-01,2027-02-28,3104745
101132467,2024-01-01,2026-12-31,2774250
101150356,2024-12-01,2026-11-30,"172750,08"
101188201,2025-05-01,2029-04-30,"9767243,25"
101108151,2023-07-01,2025-06-30,"188590,08"
101086149,2023-02-01,2027-01-31,533600
101068377,2023-04-01,2025-03-31,"172750,08"
101076026,2023-09-01,2028-08-31,1769998
101106261,2024-04-01,2026-03-31,"230774,4"
101096888,2023-01-01,2027-12-31,8857813
101081858,2022-11-01,2026-04-30,"5560916,25"
101086695,2023-11-01,2028-10-31,1999587
101131818,2024-02-01,2029-01-31,"14494818,43"
101058020,2022-09-01,2027-08-31,"14252873,35"
101112876,2023-09-01,2028-02-29,"15169196,25"
101136361,2024-06-01,2034-05-31,"32394255,89"
101136259,2024-01-01,2028-12-31,"6612652,75"
101177819,2025-01-01,2028-06-30,"2978702,5"
101125532,2024-06-01,2029-05-31,1999969
101110437,2024-09-01,2026-08-31,"188590,08"
101078497,2023-05-01,2028-04-30,1325060
101086224,2023-01-01,2026-12-31,1439800
101061272,2022-10-01,2026-03-31,"2995026,25"
101060593,2022-09-01,2026-08-31,"6674782,75"
101124349,2024-06-01,2029-05-31,1676870
101192503,2025-01-01,2028-12-31,"3996168,95"
101124725,2024-05-01,2029-04-30,1864059
101181958,2024-11-01,2027-10-31,"4876764,11"
101157502,2024-06-01,2028-11-30,11999990
101076495,2023-11-01,2028-10-31,"1499993,84"
101148414,2025-09-01,2028-08-31,"297164,16"
101118626,2024-07-01,2030-06-30,"7616426,25"
101104716,2023-05-01,2027-04-30,"5801577,5"
101058527,2022-09-01,2025-08-31,6476658
101103419,2024-03-01,2026-02-28,"172750,08"
101168916,2024-11-01,2028-10-31,3270780
101131121,2024-04-01,2029-03-31,"14157482,52"
101060218,2023-03-01,2028-02-29,"10815148,25"
101139769,2024-05-01,2027-04-30,"11274522,51"
101181936,2025-01-01,2027-12-31,"1934961,38"
101092518,2023-01-01,2026-12-31,2909336
101177191,2025-01-01,2027-12-31,2956480
101075510,2022-10-01,2025-06-30,"1929882,5"
101126676,2024-09-01,2029-08-31,1344000
101106517,2024-04-01,2026-03-31,"188590,08"
101106264,2023-11-01,2025-10-31,"172750,08"
101119947,2023-09-01,2027-08-31,"3248503,2"
101086416,2023-01-01,2026-12-31,1278800
101156800,2025-01-01,2031-12-31,"9498603,68"
101058620,2022-09-01,2026-08-31,"14866440,5"
101135238,2024-01-01,2027-12-31,"4893596,25"
101092796,2023-01-01,2026-06-30,"1669149,75"
101079608,2022-09-01,2025-08-31,2747864
101104792,2023-10-01,2026-09-30,"320924,16"
101095862,2023-02-01,2025-01-31,498836
101134024,2024-05-01,2028-04-30,"2999998,05"
101077793,2023-06-01,2028-05-31,1495320
101086295,2023-01-01,2026-12-31,556600
101191747,2025-01-01,2028-12-31,7555750
101057597,2023-01-01,2025-12-31,5727386
101068795,2023-09-01,2026-08-31,"265099,2"
101180590,2024-12-01,2026-11-30,"150438,72"
101108140,2024-01-01,2026-12-31,"207796,8"
101059824,2022-09-01,2026-08-31,"8662360,5"
101046133,2022-02-01,2025-07-31,20998624
101071533,2023-01-01,2028-12-31,8976957
101137270,2024-01-01,2028-12-31,5723637
101158968,2024-09-01,2027-08-31,"1499531,25"
101097094,2023-01-01,2026-12-31,"9951078,19"
101146398,2024-10-01,2026-09-30,"172750,08"
101078875,2023-01-01,2025-12-31,"1328229,75"
101093441,2023-01-01,2026-12-31,3997406
101072735,2023-01-01,2026-12-31,"2584461,6"
101056734,2022-06-01,2025-05-31,2999630
101104340,2024-04-01,2026-03-31,"172750,08"
101189458,2025-01-01,2026-06-30,150000
101065517,2023-01-01,2024-12-31,"188590,08"
101070177,2022-09-01,2025-08-31,10997675
101094397,2023-01-01,2025-12-31,"4777337,5"
101100643,2023-06-01,2024-12-31,150000
101119555,2023-09-01,2027-08-31,"4054233,6"
101109748,2024-09-01,2026-08-31,"172618,56"
101151929,2025-09-01,2027-08-31,"172750,08"
101151942,2025-01-01,2026-12-31,"172750,08"
101154563,2024-10-01,2026-09-30,"172750,08"
101137074,2024-01-01,2027-12-31,"9988833,75"
101113564,2024-02-01,2028-01-31,"2164852,8"
101095604,2022-12-01,2027-11-30,"6521311,5"
101094738,2023-01-01,2025-06-30,2847250
101124288,2024-04-01,2029-03-31,1800926
101061610,2022-03-01,2024-02-29,395000
101131420,2024-03-01,2028-02-29,464600
101172722,2024-10-01,2029-03-31,"11589148,25"
101095407,2023-03-01,2029-02-28,"8649616,25"
101138060,2024-01-01,2026-12-31,"2998759,25"
101057321,2022-05-01,2026-04-30,5978716
101091246,2022-12-01,2026-11-30,4688807
101058427,2022-09-01,2025-02-28,7814549
101135406,2025-01-01,2028-12-31,"9356238,75"
101164219,2025-05-01,2030-04-30,1389776
101064953,2022-11-01,2024-10-31,"188590,08"
101042882,2023-05-01,2027-10-31,1114266
101057262,2022-06-01,2027-05-31,"7036677,64"
101182937,2025-01-01,2028-12-31,671600
101135764,2024-01-01,2027-06-30,"4539801,13"
101112434,2023-06-01,2027-11-30,"13996379,25"
101147319,2024-01-01,2026-12-31,"37995202,5"
101106296,2023-06-01,2025-05-31,"214934,4"
101081177,2024-01-01,2027-12-31,"8946199,75"
101120127,2024-03-01,2028-02-29,2733912
101091997,2023-01-01,2025-12-31,"5427117,25"
101106559,2024-02-01,2026-01-31,"172750,08"
101109934,2023-10-02,2026-10-01,"265099,2"
101138414,2024-01-01,2027-12-31,"3985648,75"
101146149,2025-09-01,2027-08-31,"172750,08"
101137146,2024-01-01,2029-12-31,17760512
101119504,2023-12-01,2027-11-30,"2723263,2"
101108797,2023-04-01,2025-03-31,"187624,32"
101061755,2022-04-01,2024-01-31,235850
101131740,2024-01-01,2026-12-31,"2929673,38"
101192974,2025-01-01,2028-12-31,2498475
101119635,2024-01-01,2027-12-31,"3792542,4"
101112723,2023-10-01,2027-09-30,6612911
101136027,2023-12-01,2026-11-30,2499125
101131843,2024-01-01,2026-12-31,1855814
101159497,2024-10-01,2027-09-30,"1494802,5"
101094228,2023-03-01,2027-02-28,"2628125,85"
101095654,2023-01-01,2029-12-31,91574573
101060918,2022-10-01,2025-09-30,"3629488,75"
101178061,2025-01-01,2027-12-31,"2999996,25"
101162512,2024-04-01,2026-01-31,333500
101178268,2025-01-01,2027-12-31,2999937
101132531,2024-04-01,2027-03-31,"2250187,2"
101131544,2024-01-01,2027-12-31,1196000
101178573,2025-01-01,2028-06-30,"2481662,5"
101155975,2025-01-01,2029-12-31,"6602444,87"
101151854,2025-01-01,2029-12-31,"6363250,97"
101155116,2024-09-01,2026-08-31,"149575,68"
101075416,2022-10-01,2026-03-31,"15026220,75"
101162613,2024-04-01,2026-03-31,"273945,63"
101081923,2022-12-01,2026-11-30,"4620652,5"
101178889,2025-02-01,2028-01-31,3252120
101136914,2024-01-01,2028-12-31,4999960
101080934,2023-04-01,2027-03-31,"6998198,75"
101061680,2022-05-01,2024-04-30,301100
101045661,2022-07-01,2027-06-30,2000000
101045811,2023-07-01,2028-06-30,1351528
101045613,2022-08-01,2028-07-31,1978750
101045778,2023-06-01,2028-05-31,1999774
101044703,2022-12-01,2027-11-30,1995000
101044975,2022-11-01,2027-10-31,1999995
101045094,2023-01-01,2027-12-31,1994225
101043300,2022-10-01,2027-09-30,2000000
101043452,2023-01-01,2027-12-31,1992976
101045415,2023-01-01,2027-12-31,1993875
101043602,2022-10-01,2027-09-30,1991725
101045003,2023-04-01,2028-03-31,1999613
101044226,2023-09-01,2028-08-31,2000000
101045605,2022-10-01,2027-09-30,"1999533,75"
101045072,2023-01-01,2027-12-31,2781215
101045473,2022-11-01,2027-10-31,1999266
101045416,2022-06-01,2027-05-31,2000000
101044228,2023-01-01,2027-12-31,1998000
101045299,2023-01-01,2027-12-31,1958705
101045454,2023-01-01,2027-12-31,1998500
101043671,2022-10-01,2027-09-30,1997915
101043968,2022-09-01,2027-08-31,952785
101045526,2022-09-01,2027-08-31,2158630
101045433,2022-05-01,2027-04-30,2480500
101043485,2022-12-01,2027-11-30,1999444
101045788,2023-01-01,2027-12-31,2912102
101043387,2022-10-01,2027-09-30,1930839
101045516,2022-10-01,2027-09-30,1999318
101043854,2022-11-01,2027-10-31,2874335
101043931,2023-01-01,2027-12-31,1999478
101044797,2023-01-01,2027-12-31,3000000
101044612,2022-09-01,2027-08-31,1885000
101045152,2023-09-01,2028-08-31,1994249
101043288,2022-10-01,2027-09-30,1998744
101043884,2023-05-01,2028-04-30,"1999982,5"
101045396,2022-09-01,2027-08-31,1962253
101045424,2023-02-01,2028-01-31,2017409
101043370,2022-10-01,2027-09-30,1999006
101044637,2023-01-01,2027-12-31,2493821
101044243,2022-09-01,2027-08-31,1998625
101043353,2022-05-01,2027-04-30,1987059
101043229,2022-10-01,2027-09-30,2558750
101044724,2022-10-01,2027-09-30,1999629
101044072,2022-09-01,2027-08-31,1191078
101044516,2022-05-01,2027-04-30,2340000
101044195,2023-03-01,2028-02-29,1971671
101045180,2022-06-01,2027-05-31,1977464
101044937,2023-01-01,2027-12-31,2000000
101045756,2022-09-01,2027-08-31,1999826
101044374,2024-09-01,2029-08-31,1998950
101045225,2022-12-01,2027-11-30,1998168
101044599,2022-11-01,2027-10-31,1993125
101045015,2022-10-01,2027-09-30,2394779
101044686,2023-09-01,2028-08-31,"1999562,5"
101043986,2023-05-01,2028-04-30,2051921
101043431,2023-01-01,2027-12-31,"1992062,5"
101045089,2023-03-01,2028-02-29,2999801
101045643,2022-09-01,2027-08-31,1999958
101044526,2022-10-01,2027-09-30,1999406
101045008,2022-09-01,2027-08-31,1997993
101045783,2022-10-01,2027-09-30,1964000
101045549,2022-06-01,2027-05-31,1998145
101045774,2023-01-01,2027-12-31,1822500
101043587,2022-09-01,2027-08-31,1999444
101044770,2023-03-01,2028-02-29,1984800
101043939,2022-12-01,2027-11-30,1943208
101044710,2023-02-01,2028-01-31,2699309
101044133,2023-01-01,2027-12-31,1991250
101044616,2023-02-01,2028-01-31,1999815
101044777,2022-12-01,2027-11-30,1998918
101044865,2022-12-01,2027-11-30,1997729
101043969,2022-11-01,2027-10-31,1994136
101044282,2023-01-01,2027-12-31,2000000
101044731,2024-01-01,2028-12-31,1992925
101045466,2022-08-01,2027-07-31,2000000
101045765,2022-05-01,2027-04-30,2000000
101044852,2022-12-01,2027-11-30,1981250
101043231,2023-05-01,2028-04-30,1999970
101044662,2022-10-01,2027-09-30,1998334
101045309,2022-10-01,2027-09-30,1986196
101045763,2022-10-01,2027-09-30,1996250
101044452,2022-10-01,2027-09-30,"1997453,75"
101043730,2022-10-01,2027-09-30,2000000
101045083,2022-06-01,2027-05-31,1936503
101044753,2022-12-01,2027-11-30,1978875
101044626,2022-09-01,2027-08-31,1982314
101044428,2023-09-01,2028-08-31,1999935
101043235,2022-10-01,2027-09-30,1997815
101043991,2023-02-01,2028-01-31,1997969
101044011,2023-06-01,2028-05-31,"1841342,5"
101043584,2022-09-01,2027-08-31,1998389
101044362,2023-01-01,2027-12-31,1918515
101044726,2023-01-01,2027-12-31,2990000
101043372,2023-04-01,2028-03-31,1997509
101044300,2022-09-01,2027-08-31,1968500
101045468,2023-09-01,2028-08-31,1999550
101043738,2023-01-01,2027-12-31,2765537
101043851,2023-01-01,2027-12-31,2694623
101044772,2023-01-01,2027-12-31,"1999073,39"
101042188,2022-09-01,2027-08-31,"1999417,5"
101044915,2023-01-01,2027-12-31,1999930
101045114,2022-06-01,2027-05-31,1999096
101044244,2022-09-01,2027-08-31,2001468
101045340,2023-01-01,2027-12-31,1928624
101043804,2023-01-01,2027-12-31,1995826
101044202,2023-03-01,2028-02-29,1999845
101043548,2023-01-01,2027-12-31,1999315
101044546,2023-01-01,2027-12-31,1956434
101045646,2023-01-01,2027-12-31,2000000
101043833,2023-02-01,2028-01-31,1970986
101044247,2023-06-01,2028-05-31,1976300
101043417,2022-09-01,2027-08-31,2000000
101045733,2023-01-01,2027-12-31,1854188
101045227,2023-01-01,2027-12-31,1726250
101044020,2023-02-01,2028-01-31,2993750
101045394,2022-09-01,2027-08-31,1999338
101044469,2023-01-01,2027-12-31,1999643
101043465,2022-10-01,2027-09-30,1896821
101044906,2023-01-01,2027-12-31,1981735
101044740,2023-01-01,2027-12-31,1999363
101043705,2022-06-01,2027-05-31,"1865833,75"
101045747,2022-08-01,2027-07-31,1983056
101043954,2022-09-01,2026-08-31,668961
101043753,2023-01-01,2027-12-31,2000000
101043272,2022-11-01,2027-10-31,1523488
101043543,2023-02-01,2028-01-31,1995424
101043364,2023-03-01,2028-02-29,2000000
101045534,2022-09-01,2028-08-31,1880430
101045786,2024-02-01,2029-01-31,1996396
101043369,2022-09-01,2027-08-31,1997183
101043451,2022-09-01,2027-08-31,1979250
101043617,2022-06-01,2027-05-31,1999750
101044142,2022-07-01,2027-06-30,1999973
101043321,2023-03-01,2028-02-29,2937489
101044424,2022-09-01,2027-08-31,1999386
101044579,2022-12-01,2027-11-30,1993094
101044123,2022-10-01,2027-09-30,1621875
101043504,2023-09-01,2028-08-31,1955208
101045497,2023-06-01,2028-05-31,1999415
101044664,2022-09-01,2027-08-31,1996935
101045075,2022-10-01,2027-09-30,1822724
101043572,2022-09-01,2027-08-31,1974800
101044779,2023-01-01,2027-12-31,2206963
101044152,2022-09-01,2027-08-31,1999996
101043536,2023-05-01,2028-04-30,2000000
101043747,2023-01-01,2027-12-31,1999750
101045136,2023-02-01,2028-01-31,"2284012,5"
101043899,2022-11-01,2027-10-31,1197632
101043751,2023-02-01,2028-01-31,1995263
101044105,2022-09-01,2027-08-31,1996496
101044561,2023-01-01,2027-12-31,1782649
101045746,2022-09-01,2027-08-31,"1973133,75"
101043588,2022-10-01,2027-09-30,1950625
101045253,2022-10-01,2027-09-30,1998280
101044930,2022-09-01,2027-08-31,1409559
101045245,2022-07-01,2027-06-30,1992304
101043907,2022-10-01,2027-09-30,"1999957,5"
101044248,2023-03-01,2028-02-29,1999944
101043957,2023-11-01,2028-10-31,2597500
101043225,2022-10-01,2027-09-30,1927325
101043268,2022-10-01,2027-09-30,1999773
101043983,2022-09-01,2027-08-31,2000000
101044421,2022-10-01,2027-09-30,1998869
101044076,2022-09-01,2027-08-31,1999995
101043686,2023-01-01,2027-12-31,1999878
101045082,2022-10-01,2027-09-30,1948233
101045054,2024-01-01,2028-12-31,2000000
101045612,2022-10-01,2027-09-30,"1949357,5"
101044276,2022-09-01,2027-08-31,1944116
101043428,2023-01-01,2027-12-31,1998974
101045467,2023-01-01,2027-12-31,1934500
101045004,2022-11-01,2027-10-31,1751250
101043403,2022-07-01,2027-06-30,1999063
101043656,2022-10-01,2027-09-30,2969219
101044319,2023-01-01,2027-12-31,966000
101044764,2022-09-01,2027-08-31,2415625
101044180,2022-11-01,2027-10-31,1999994
101043589,2022-09-01,2027-08-31,2000000
101044114,2022-09-01,2027-08-31,1987840
101043471,2023-01-01,2027-12-31,2125000
101045669,2023-01-01,2027-12-31,1998851
101044320,2023-04-01,2028-03-31,1999825
101045275,2022-06-01,2027-05-31,1836250
101045289,2022-11-01,2027-10-31,2000000
101044989,2023-01-01,2027-12-31,2000000
101043486,2022-09-01,2027-08-31,2993579
101043749,2023-03-01,2028-02-29,1999431
101044318,2022-05-01,2027-04-30,2000000
101045009,2022-06-01,2027-05-31,2617155
101045260,2023-09-01,2028-08-31,1970000
101043637,2022-09-01,2027-08-31,1861899
101043416,2022-12-01,2027-11-30,1999944
101043985,2023-04-01,2028-03-31,2832500
101045750,2022-09-01,2027-08-31,1948125
101043433,2023-01-01,2027-12-31,1987500
101044725,2023-01-01,2027-12-31,1978350
101044443,2023-02-01,2028-01-31,"1991908,75"
101045453,2022-09-01,2027-08-31,2000000
101044951,2023-01-01,2027-12-31,1991125
101043257,2023-03-01,2028-02-29,1999699
101043615,2023-01-01,2027-12-31,1999256
101044220,2022-09-01,2027-08-31,1999119
101048445,2023-07-01,2028-06-30,1996988
101043844,2022-10-01,2027-09-30,1963575
101043559,2022-10-01,2027-09-30,1999995
101039103,2023-01-01,2027-12-31,"1999348,75"
101043981,2023-01-01,2027-12-31,"1695982,5"
101044464,2023-01-01,2027-12-31,2000000
101044339,2022-10-01,2027-09-30,1936613
101044892,2022-10-01,2027-09-30,1999226
101044165,2022-09-01,2027-08-31,1990500
101043381,2023-01-01,2027-12-31,2399350
101043815,2022-06-01,2027-05-31,1999764
101044073,2023-01-01,2027-12-31,1998750
101044738,2022-10-01,2027-09-30,2277248
101043959,2023-01-01,2027-12-31,1995000
101045285,2023-01-01,2027-12-31,1993750
101044069,2022-10-01,2027-09-30,1998641
101044619,2022-09-01,2027-08-31,1996206
101044047,2022-09-01,2027-08-31,2000000
101043732,2022-09-01,2027-08-31,1999894
101045128,2022-05-01,2027-04-30,1999993
101044609,2023-01-01,2027-12-31,2000000
101043474,2023-01-01,2027-12-31,1999818
101044794,2023-01-01,2027-12-31,2000000
101041177,2022-05-01,2028-04-30,"1998008,75"
101045506,2022-10-01,2027-09-30,1899696
101045738,2023-01-01,2027-12-31,1998711
101045135,2022-12-01,2027-11-30,1525000
101045527,2022-11-01,2027-10-31,1999625
101045026,2022-09-01,2027-08-31,1999981
101044479,2022-09-01,2027-08-31,1999780
101042597,2023-04-01,2028-03-31,2000000
101043711,2022-10-01,2027-09-30,2000000
101044994,2022-08-01,2027-07-31,"1999963,75"
101045302,2023-01-01,2027-12-31,1994870
101043382,2023-01-01,2027-12-31,1998859
101043783,2022-07-01,2027-06-30,2998125
101045653,2023-09-01,2028-08-31,1999995
101044360,2022-10-01,2027-09-30,2131809
101043302,2022-11-01,2027-10-31,"2437493,75"
101043243,2023-02-01,2028-01-31,1897685
101044127,2023-01-01,2027-12-31,1999818
101045217,2022-12-01,2027-11-30,1999515
101044505,2023-01-01,2027-12-31,1997978
101043450,2023-09-01,2028-08-31,1616250
101043645,2023-03-01,2028-02-29,1981555
101044046,2022-09-01,2027-08-31,1981875
101044249,2022-10-01,2027-09-30,1963290
101044665,2022-09-01,2027-08-31,1842642
101042707,2022-09-01,2027-08-31,1918969
101044574,2022-08-01,2027-07-31,2000000
101045098,2022-11-01,2027-10-31,1834375
101043344,2022-10-01,2027-09-30,1861100
101044361,2022-09-01,2027-08-31,1862332
101045195,2022-11-01,2027-10-31,1966250
101044048,2022-09-01,2027-08-31,1995750
101045057,2022-09-01,2027-08-31,"1986701,25"
101044015,2023-01-01,2027-12-31,1915601
101044831,2023-03-01,2028-02-29,1999999
101045172,2023-06-01,2028-05-31,1799990
101043740,2023-09-01,2028-08-31,1843311
101045485,2022-06-01,2027-05-31,2000000
101044356,2023-01-01,2027-12-31,1929204
101043848,2022-09-01,2027-08-31,2000000
101043468,2022-09-01,2027-08-31,1949291
101043676,2022-07-01,2027-06-30,1995925
101043410,2023-01-01,2027-12-31,1962000
101044495,2023-01-01,2027-12-31,2000000
101044878,2023-02-01,2028-01-31,1999720
101045226,2023-03-01,2028-02-29,1998885
101044873,2022-09-01,2027-08-31,2000000
101044631,2022-11-01,2027-10-31,2000000
101044387,2022-12-01,2027-11-30,1998319
101045171,2022-11-01,2027-10-31,1998891
101045273,2023-03-01,2028-02-29,2249666
101045813,2022-09-01,2027-08-31,2184375
101044932,2023-01-01,2027-12-31,1992181
101045439,2023-07-01,2028-06-30,"1998217,5"
101043835,2023-04-01,2028-03-31,2112500
101043238,2022-07-01,2027-06-30,1993059
101045346,2022-06-01,2026-05-31,625229
101043998,2022-04-01,2027-03-31,1999748
101043552,2022-11-01,2027-10-31,1876640
101043802,2022-09-01,2027-08-31,1999265
101044657,2023-03-01,2028-02-29,2292750
101045236,2022-11-01,2027-10-31,1998775
101044990,2022-06-01,2027-05-31,2249895
101045660,2023-03-01,2028-02-29,1999999
101045156,2022-11-01,2027-10-31,2000000
101044437,2023-01-01,2027-12-31,1998963
101043467,2022-09-01,2027-08-31,2680195
101044949,2023-01-01,2027-12-31,1999485
101043975,2022-09-01,2027-08-31,1955918
101043314,2022-10-01,2027-09-30,2000000
101044399,2022-09-01,2027-08-31,1999995
101044225,2022-09-01,2027-08-31,2627380
101044468,2022-09-01,2027-08-31,1999000
101045239,2023-01-01,2027-12-31,1533887
101044445,2022-09-01,2027-08-31,"1999928,75"
101044355,2022-09-01,2027-08-31,2000000
101045517,2022-09-01,2027-08-31,2000000
101045149,2022-09-01,2027-08-31,"1999760,5"
101045376,2022-09-01,2027-08-31,"1997348,75"
101044434,2022-09-01,2027-08-31,2350000
101044629,2022-12-01,2027-11-30,1999686
101045223,2023-01-01,2027-12-31,1998760
101045042,2023-01-01,2027-12-31,1891333
101044032,2023-03-01,2028-02-29,2000000
101045437,2022-06-01,2027-05-31,693750
101044828,2022-11-01,2027-10-31,1998865
101043480,2023-01-01,2027-12-31,2341250
101044461,2022-12-01,2027-11-30,1999500
101045494,2022-09-01,2027-08-31,1594166
101045257,2023-01-01,2027-12-31,1999925
101148965,2025-03-01,2027-02-28,"211754,88"
101151524,2024-06-01,2026-05-31,191760
101120283,2024-01-01,2027-12-31,"2398219,2"
101151041,2024-05-01,2026-04-30,191760
101150961,2025-01-01,2026-12-31,175920
101148613,2024-12-01,2026-11-30,175920
101044649,2022-10-01,2027-09-30,1957875
101137141,2024-01-01,2027-12-31,"3865043,13"
101077920,2024-01-01,2028-12-31,1499398
101136379,2023-12-01,2028-05-31,"9999252,5"
101168379,2024-11-01,2028-10-31,3722580
101039378,2023-01-01,2027-12-31,1500000
101078226,2023-10-01,2028-09-30,1496219
101072599,2023-03-01,2027-02-28,"2657779,2"
101102281,2023-10-01,2025-09-30,175920
101144014,2024-01-01,2026-12-31,"2999393,63"
101095289,2023-01-01,2025-12-31,"3535099,75"
101094107,2023-10-01,2026-09-30,2757703
101119745,2023-09-01,2027-08-31,"2748232,8"
101065037,2022-07-01,2024-06-30,175920
101137405,2024-01-01,2028-12-31,"7881685,25"
101137610,2024-01-01,2026-12-31,"5993812,38"
101107047,2023-08-01,2025-07-31,191760
101060876,2022-10-01,2027-09-30,4434000
101060452,2022-11-01,2026-10-31,"5486889,25"
101169365,2025-03-01,2029-02-28,"2741011,2"
101108377,2023-07-01,2025-06-30,"165312,96"
101095593,2023-01-01,2025-12-31,"3962457,5"
101155977,2025-01-01,2029-12-31,"9992936,16"
101066305,2022-09-01,2024-08-31,175920
101173001,2024-10-01,2029-09-30,"8007322,5"
101132582,2024-03-01,2027-02-28,"2741606,25"
101165479,2025-02-01,2030-01-31,1500000
101052200,2021-01-01,2025-12-31,549442000
101123406,2024-09-01,2026-02-28,150000
101061621,2022-09-01,2025-08-31,"2969558,25"
101073440,2023-01-01,2026-12-31,"2695600,8"
101073292,2022-10-01,2026-09-30,"3993645,6"
101132113,2024-01-01,2026-12-31,"1498587,5"
101151997,2024-10-01,2026-09-30,175920
101181895,2025-01-01,2027-12-31,"2848728,69"
101055060,2023-01-01,2027-12-31,2303531
101066898,2022-10-01,2024-09-30,"211754,88"
101069789,2022-07-01,2025-06-30,6003240
101125625,2024-09-01,2029-08-31,"1987368,75"
101076968,2023-06-01,2028-05-31,1476432
101132946,2023-12-01,2027-11-30,"14035277,25"
101167768,2024-12-01,2028-11-30,"3142137,6"
101153187,2024-04-01,2026-03-31,175920
101172988,2024-09-01,2027-08-31,"2985827,5"
101094394,2023-03-01,2027-02-28,"2992512,5"
101072779,2023-01-01,2026-12-31,2645172
101044957,2022-10-01,2027-09-30,1815546
101120449,2024-03-01,2028-02-29,"3747304,8"
101113343,2023-09-01,2025-02-28,150000
101070279,2022-09-01,2025-08-31,"8808062,5"
101109475,2023-09-01,2025-08-31,"172750,08"
101118013,2024-01-01,2028-12-31,"1496578,75"
101057651,2022-11-01,2027-10-31,"7136102,68"
101126688,2024-09-01,2029-08-31,1881600
101094991,2023-01-01,2026-12-31,"2623816,75"
101137988,2024-01-01,2028-06-30,"2987233,75"
101150387,2024-04-01,2026-03-31,191760
101104011,2023-07-01,2025-06-30,175920
101169223,2025-03-01,2029-02-28,"3516631,2"
101114043,2023-03-01,2026-08-31,"24999999,7"
101072180,2023-04-01,2029-03-31,13929477
101106892,2024-08-01,2027-07-31,"266684,16"
101063202,2022-10-01,2025-09-30,"239237,76"
101080544,2023-07-01,2028-06-30,"9458801,25"
101071886,2023-01-01,2026-12-31,"2673813,6"
101181363,2025-01-01,2029-12-31,"7999593,75"
101072559,2023-01-01,2026-12-31,2688624
101132781,2024-01-01,2026-12-31,3000000
101117370,2024-01-01,2028-12-31,1498694
101103780,2024-09-01,2027-08-31,"266684,16"
101148801,2024-04-01,2026-03-31,175920
101096312,2023-01-01,2027-12-31,11996753
101169118,2025-02-01,2029-01-31,3681576
101075828,2023-09-01,2028-08-31,1493339
101075879,2023-05-01,2028-04-30,"1121513,75"
101107531,2023-04-01,2025-03-31,175920
101156304,2025-01-01,2029-12-31,"17042172,16"
101137347,2024-01-01,2026-12-31,6422635
101179123,2024-12-01,2029-11-30,4032000
101151442,2024-09-01,2026-08-31,175920
101164934,2025-03-01,2030-02-28,1498511
101093051,2023-01-01,2025-12-31,4998438
101106819,2023-05-01,2025-04-30,"187624,32"
101149711,2024-08-01,2026-07-31,175920
101095392,2023-12-01,2027-11-30,3014766
101149506,2024-06-01,2026-05-31,175920
101130077,2024-01-01,2027-12-31,1389200
101075383,2023-10-01,2028-09-30,1497516
101079460,2023-01-01,2025-12-31,"1493487,5"
101102728,2023-05-01,2025-04-30,191760
101169263,2025-01-01,2028-12-31,"4000622,4"
101061122,2022-11-01,2025-10-31,"2664796,25"
101066082,2022-10-01,2025-03-31,"211754,88"
101081347,2023-01-01,2027-12-31,2292480
101115476,2024-01-01,2026-12-31,3991297
101188620,2024-10-01,2026-09-30,2294720
190198268,2023-03-01,2025-02-28,2499000
101185509,2025-03-01,2029-08-31,"4554301,25"
101185712,2025-03-01,2029-02-28,"3495061,25"
101047081,2022-10-01,2026-09-30,2109624
190141418,2022-09-01,2024-08-31,2500000
101057189,2022-07-01,2025-10-31,2498828
101160873,2024-07-01,2026-06-30,"2212272,13"
190155553,2022-12-01,2025-08-31,2500000
101070939,2022-12-01,2026-11-30,3997917
101114899,2023-09-01,2027-08-31,3983635
101046748,2022-09-01,2026-08-31,2498688
101145544,2024-03-01,2026-02-28,"2499987,88"
190132011,2022-06-01,2025-01-31,2498825
190188544,2023-05-01,2025-04-30,"2497617,5"
101161627,2024-06-01,2026-05-31,2435182
190153073,2023-10-01,2025-09-30,2499999
101058079,2022-10-01,2025-09-30,2499975
190159907,2023-02-01,2025-01-31,2499875
101070788,2022-10-01,2026-09-30,"2835282,5"
101129705,2024-01-01,2026-12-31,"2219087,05"
190129251,2023-11-01,2026-04-30,2497708
190104468,2022-09-01,2025-03-31,2499993
101184347,2024-11-01,2028-10-31,"2999791,25"
101115506,2023-11-01,2028-10-31,"3697437,5"
101099462,2023-03-01,2027-02-28,"2868446,25"
101113073,2023-06-01,2026-05-31,"2494687,5"
190134274,2023-08-01,2025-07-31,2500000
101113180,2023-05-01,2026-04-30,2499999
101046451,2022-04-01,2026-03-31,"3090026,35"
101162423,2024-10-01,2027-09-30,3585750
101099834,2023-01-01,2025-06-30,2499166
101130224,2024-05-01,2028-04-30,"3438122,5"
190196128,2022-06-01,2024-09-30,"2315943,88"
101145011,2024-03-01,2026-02-28,2478210
190185439,2023-11-01,2026-01-31,2500000
190154656,2022-11-01,2024-10-31,2499000
101145244,2024-05-01,2026-02-28,2499999
101113173,2023-06-01,2025-05-31,2499999
190143500,2022-01-01,2024-06-30,2471508
101165966,2024-09-01,2027-08-31,2999875
101099145,2023-02-01,2026-01-31,2158000
101188070,2024-10-01,2026-09-30,"2373874,95"
190151437,2022-01-01,2023-12-31,2393912
101098680,2023-01-01,2026-06-30,"2911722,5"
190177779,2022-08-01,2025-03-31,2497568
190159801,2022-10-01,2025-03-31,2500000
101144426,2024-01-02,2026-01-01,"2356243,75"
190160822,2022-02-01,2025-03-31,2500000
190163360,2023-09-01,2025-08-31,2500000
190141257,2023-01-01,2024-06-30,2500000
190140394,2022-12-01,2025-11-30,2481701
101189288,2024-12-01,2026-11-30,2499952
101188592,2025-05-01,2027-04-30,"2488359,5"
101057450,2022-05-01,2025-04-30,2490802
190162033,2022-08-01,2025-01-31,2500000
190129097,2022-10-01,2025-09-30,2499999
101130574,2024-01-01,2027-12-31,"3315441,25"
101120693,2023-11-01,2025-10-31,2000000
101115416,2023-10-01,2027-09-30,"4137668,75"
101057436,2022-07-01,2025-06-30,2499838
190180051,2022-07-01,2024-12-31,1939875
190132320,2023-05-01,2025-04-30,2500000
190191982,2023-02-01,2025-07-31,"2498561,63"
101145131,2024-03-01,2026-02-28,2499999
101071015,2022-11-01,2026-10-31,2105228
101162377,2024-10-01,2028-09-30,"3993001,25"
190178589,2022-09-01,2025-08-31,"2458128,75"
190160802,2023-08-01,2025-05-31,2500000
101187508,2024-12-01,2028-11-30,"2990207,5"
101165824,2024-02-01,2027-01-31,2499999
190130497,2022-05-01,2024-04-30,2436866
101145549,2023-10-01,2025-05-31,2299633
190132742,2022-10-01,2024-09-30,1622881
190157248,2023-04-01,2025-03-31,"2499437,5"
190122961,2023-04-01,2026-03-31,2500000
101145893,2023-07-11,2024-04-10,300000
190105118,2022-06-01,2024-12-31,2500000
190145145,2022-03-01,2024-08-31,"2396802,3"
190144130,2022-07-01,2024-12-31,"2474937,5"
101046630,2022-10-01,2026-03-31,"3303533,75"
190170592,2023-09-01,2025-08-31,2500000
190195250,2023-08-01,2025-07-31,"2400259,75"
190166658,2022-12-01,2024-11-30,"2499999,95"
190154762,2023-07-01,2025-06-30,2499999
101156395,2024-05-01,2027-04-30,2488750
101099096,2023-09-01,2027-02-28,"3126347,5"
101187962,2024-11-01,2026-10-31,2470125
190103720,2023-08-01,2026-01-31,2333625
190162340,2023-11-01,2025-10-31,"2457113,75"
101046217,2022-04-01,2026-03-31,"2994244,99"
101166493,2024-05-01,2026-04-30,2499999
190122948,2023-03-01,2025-02-28,2498562
190184696,2023-01-01,2025-12-31,2500000
101097661,2022-12-01,2025-11-30,2499999
101166325,2024-04-01,2026-03-31,2432150
101046909,2022-03-01,2026-02-28,"3925043,25"
101159440,2024-08-01,2027-07-31,2522500
190127887,2023-04-01,2025-03-31,2499999
101161926,2024-07-01,2026-06-30,2495500
190135455,2023-01-01,2024-12-31,899304
101115149,2023-10-01,2027-09-30,3247100
190178224,2023-10-01,2025-09-30,2499999
190188876,2023-06-01,2025-01-31,2499999
190194936,2022-05-01,2024-04-30,1700000
190152193,2023-01-01,2025-06-30,"2499999,99"
190101940,2022-01-01,2025-06-30,2500000
101046369,2022-04-01,2025-09-30,3263781
101129886,2024-01-01,2027-12-31,2135087
101188461,2024-09-01,2026-08-31,2493000
101113098,2023-05-01,2025-04-30,1667500
190131184,2022-05-01,2024-10-31,1207113
101047263,2022-10-01,2026-09-30,2999300
190183782,2023-07-01,2025-12-31,2499999
190175560,2022-10-01,2024-09-30,2497614
190111595,2024-01-01,2025-12-31,2500000
101188219,2024-12-01,2026-11-30,2497250
190141800,2023-08-01,2025-07-31,2500000
190185304,2023-08-01,2025-07-31,2436000
101070817,2022-11-01,2027-10-31,4098438
190146205,2022-02-01,2024-09-30,"2499437,5"
101130046,2024-02-01,2027-01-31,"3143276,25"
190174417,2022-04-01,2024-03-31,2451121
190167638,2022-07-01,2025-05-31,2384900
101161484,2024-09-01,2028-08-31,"3449447,25"
101144497,2024-03-01,2027-02-28,"2475229,75"
101115548,2023-11-01,2025-10-31,3948125
190134541,2022-01-01,2024-02-29,2500000
101071008,2022-10-01,2026-09-30,"3799402,5"
101188622,2024-12-01,2026-11-30,2499999
190163567,2023-02-01,2025-01-31,2499999
190118958,2022-11-01,2024-10-31,2500000
190175074,2023-08-01,2025-07-31,2298325
101099405,2023-04-01,2027-03-31,3111973
101185664,2024-12-01,2027-11-30,"2863733,75"
101130523,2024-04-01,2028-03-31,"3421471,25"
190109071,2022-09-01,2025-12-31,2500000
101099063,2022-12-01,2027-11-30,"2321677,5"
190195672,2023-05-01,2025-10-31,2000560
101130395,2024-03-01,2027-02-28,2202333
101161553,2025-01-01,2026-12-31,"2499991,38"
101145548,2024-03-01,2025-10-31,2494625
190125207,2023-05-01,2025-04-30,2500000
101187428,2025-02-01,2029-01-31,"3194343,75"
190181387,2023-09-01,2025-08-31,2499525
101058125,2022-05-01,2025-04-30,2495127
190167072,2022-12-01,2025-05-31,2461556
101160868,2024-10-01,2028-09-30,"3999997,25"
190176840,2023-01-01,2025-11-30,2500000
190150004,2023-02-01,2025-10-31,1800000
190114794,2022-02-01,2025-01-31,2427794
101099555,2023-04-01,2026-09-30,"3204941,5"
190159768,2022-04-01,2024-11-30,2500000
190183836,2022-07-01,2025-06-30,2500000
190152225,2023-02-01,2027-01-31,2500000
190120397,2022-07-01,2025-10-31,2500000
101115204,2023-11-01,2026-10-31,"3964666,25"
190154511,2022-04-01,2025-03-31,2461375
101145402,2024-01-01,2025-12-31,"2481587,5"
101098944,2023-04-01,2026-03-31,"2988377,7"
101114746,2023-11-01,2027-10-31,2890605
101161792,2024-06-01,2026-05-31,"2499999,99"
101046937,2022-03-01,2025-02-28,"3425640,75"
190171583,2022-09-01,2025-02-28,"2496242,88"
101058349,2022-10-01,2025-09-30,"1798152,5"
101162436,2024-09-01,2028-08-31,1181750
190110577,2022-12-01,2024-11-30,2499742
101189279,2024-12-01,2026-08-31,2499999
190159775,2022-04-01,2025-02-28,"2263404,5"
101185617,2025-02-01,2029-01-31,3013180
101130125,2024-03-01,2027-08-31,"3200092,25"
101130093,2024-01-01,2027-12-31,"3454613,75"
101099092,2023-05-01,2027-04-30,"3293227,5"
101187539,2025-02-01,2029-01-31,"3481857,25"
190131605,2022-11-01,2024-04-30,2500000
101046333,2022-06-01,2026-05-31,1698750
101115190,2023-10-01,2027-09-30,"3717545,25"
190140847,2023-12-01,2025-11-30,2497425
190102751,2022-09-01,2024-08-31,"2439377,5"
190139307,2022-12-01,2025-07-31,"2454396,88"
101099654,2023-07-01,2027-06-30,3488483
190176251,2023-05-01,2025-04-30,2772276
101046787,2022-05-01,2025-10-31,2683996
101189219,2024-10-01,2026-03-31,2435125
101070940,2022-10-01,2026-09-30,"3298843,75"
101085956,2022-08-01,2024-08-31,499325
101129904,2024-03-01,2028-02-29,"1973038,75"
190158883,2023-05-01,2025-12-31,2455635
190132248,2022-09-01,2024-12-31,2500000
101046815,2022-06-01,2025-05-31,"2999772,5"
101099093,2023-02-01,2027-01-31,3554156
190164847,2023-01-01,2024-12-31,2499999
101115422,2023-10-01,2028-09-30,3993665
190132096,2023-02-01,2025-07-31,2499999
101057769,2022-04-01,2024-06-30,786875
190170931,2023-01-01,2024-12-31,2499999
101058284,2022-04-01,2025-03-31,2498710
190183722,2023-01-01,2024-12-31,2450000
101070908,2022-11-01,2026-10-31,"4034074,3"
190129138,2022-04-01,2025-03-31,2220050
101046475,2022-04-01,2024-09-30,2744300
190177399,2022-10-01,2024-09-30,2163875
101099753,2022-10-01,2026-03-31,2468750
101115215,2023-09-01,2027-08-31,"3999506,5"
190138361,2022-04-01,2024-03-31,1998658
101099125,2023-05-01,2026-04-30,"3570258,75"
190126119,2023-05-01,2025-04-30,2289875
101115337,2023-11-01,2027-10-31,"2934318,75"
101144691,2024-01-01,2025-12-31,2396457
101098961,2023-03-01,2027-02-28,"2999924,5"
190138640,2022-02-01,2024-08-31,2422519
101144681,2023-07-01,2025-12-31,2494504
101047029,2022-03-01,2026-02-28,"3014375,5"
101112868,2023-06-01,2026-05-31,2499955
190190785,2023-06-01,2025-05-31,1635953
101130633,2024-01-01,2027-12-31,"2998788,75"
101188544,2024-09-01,2026-08-31,"2442727,56"
101113004,2023-05-01,2026-04-30,2461900
101186012,2024-11-01,2027-10-31,2944905
101185775,2024-12-01,2027-11-30,"2991061,25"
190158311,2024-01-01,2025-12-31,"2462533,5"
101161539,2024-06-01,2026-08-31,2493750
101187231,2025-02-01,2028-01-31,"2548532,5"
101099310,2023-03-01,2026-08-31,3615375
101162297,2024-09-01,2028-08-31,"4031666,25"
190174464,2023-03-01,2025-02-28,2500000
190142218,2022-03-01,2024-12-31,2318032
101165486,2024-07-01,2026-12-31,1893340
190121010,2021-12-01,2023-11-30,2500000
101115381,2023-10-01,2027-09-30,4000000
101105050,2023-09-01,2026-02-28,1000000
101166048,2024-07-01,2028-06-30,2499999
190109979,2023-08-01,2025-07-31,2500000
101070930,2022-10-01,2026-09-30,"3926432,26"
190176843,2023-06-01,2025-02-28,"2082710,88"
101046961,2022-12-01,2026-05-31,"3263726,25"
101113067,2023-04-01,2026-03-31,2497500
190193416,2022-07-01,2024-06-30,1666350
190194105,2023-02-01,2025-07-31,1407525
190136873,2022-11-01,2024-10-31,2500000
101075818,2022-09-01,2025-08-31,"7299999,15"
101070931,2022-09-01,2026-08-31,4149921
190197114,2023-10-01,2025-09-30,2500000
101099896,2023-09-01,2028-08-31,3374041
101047008,2022-07-01,2026-06-30,"4039541,25"
190181217,2023-01-01,2025-06-30,2500000
101046667,2022-09-01,2026-08-31,3536935
101112764,2023-05-01,2025-10-31,"2499998,75"
190181549,2022-01-01,2023-12-31,2425149
101162517,2024-10-01,2028-09-30,"3999222,5"
190132613,2023-01-01,2024-12-31,2499000
101113038,2023-05-01,2025-12-31,"2475562,5"
101165428,2024-06-01,2024-11-30,49965
101130209,2024-02-01,2028-07-31,"5972875,75"
190115232,2022-11-01,2024-10-31,2500000
101071159,2022-11-01,2027-10-31,2856441
190185624,2022-12-01,2025-03-31,1902542
101070950,2022-10-01,2026-09-30,"3797562,5"
190197288,2023-04-01,2025-03-31,"1815295,6"
101099230,2022-11-01,2025-04-30,2307188
190138422,2023-01-01,2024-12-31,1703625
101071054,2022-09-01,2025-08-31,"1364281,25"
101129931,2024-02-01,2028-01-31,2482745
101046620,2022-05-01,2026-04-30,2982792
190195702,2022-09-01,2025-02-28,"2156681,63"
101113088,2023-04-01,2025-03-31,"2370937,5"
101113140,2023-06-01,2026-05-31,"2496602,75"
101158688,2024-05-01,2027-04-30,2499875
101161522,2024-09-01,2027-08-31,3968750
190149120,2022-09-01,2025-02-28,1753842
101161930,2024-07-01,2027-06-30,3999000
101166562,2024-08-01,2027-01-31,2499999
101165845,2024-04-01,2026-03-31,2499999
101099736,2023-06-01,2026-05-31,2987943
190134697,2022-07-01,2024-06-30,2469289
101129663,2024-01-01,2026-12-31,"2522411,25"
101189176,2024-12-01,2026-11-30,2499999
190187847,2023-12-01,2025-11-30,2500000
190172852,2023-05-01,2025-04-30,2449869
190133766,2023-10-01,2025-09-30,2500000
190131793,2022-06-01,2025-05-31,"2591603,88"
101145303,2024-01-01,2025-12-31,2100000
101187866,2024-11-01,2026-10-31,"2388060,02"
190185351,2022-08-01,2024-07-31,"2495788,75"
190166095,2023-10-01,2025-09-30,2499999
190147557,2023-06-01,2025-05-31,2492262
190130710,2023-10-01,2025-09-30,2499999
190168043,2022-09-01,2025-02-28,"2099387,5"
101188938,2024-10-01,2027-03-31,2499999
190151257,2022-07-01,2024-12-31,2222675
101129622,2024-01-01,2027-12-31,3194450
101099098,2023-10-01,2027-03-31,"1828288,75"
101058056,2023-01-01,2025-12-31,1298712
101098791,2023-04-01,2028-03-31,1998347
101099066,2023-01-01,2026-12-31,"2591050,25"
101159159,2024-04-01,2026-03-31,2499375
101163320,2024-07-01,2026-06-30,2499999
190197515,2023-03-01,2026-08-31,2499999
101160790,2024-04-01,2025-12-31,2499999
190151672,2022-01-01,2024-06-30,"2476106,5"
101158591,2024-07-01,2027-06-30,2499999
190110623,2022-11-01,2025-04-30,2500000
101070856,2023-01-01,2026-12-31,"4395570,38"
101070903,2022-10-01,2027-09-30,"4406097,5"
101046329,2023-01-01,2025-12-31,"2982184,75"
190120980,2023-05-01,2025-04-30,2387000
101161907,2024-04-01,2026-03-31,2498125
190140779,2023-04-01,2025-12-31,2482709
101145296,2024-03-01,2026-02-28,2499999
190199097,2022-08-01,2024-07-31,1290322
101162196,2024-10-01,2028-09-30,"3857353,75"
101115293,2023-09-01,2026-08-31,"4538156,25"
101098996,2023-04-01,2027-03-31,3603992
190124655,2023-02-01,2025-03-31,2500000
190135769,2022-03-01,2025-02-28,2410174
190187335,2023-12-01,2025-11-30,2500000
190190768,2022-08-01,2026-01-31,2500000
190138223,2023-04-01,2025-03-31,2456775
101186900,2024-12-01,2028-11-30,"2996312,5"
101115575,2023-09-01,2027-08-31,3980960
101188313,2024-12-01,2026-05-31,2495624
101115295,2023-10-01,2028-09-30,4546205
101144456,2024-01-01,2025-12-31,"2252714,63"
190129559,2022-06-01,2025-05-31,2500000
101058039,2022-09-01,2024-08-31,1500000
101091254,2022-10-01,2024-03-31,699725
101145463,2024-04-01,2025-09-30,2084977
101099538,2023-01-01,2025-06-30,2499000
190124200,2023-08-01,2025-07-31,"2078472,38"
190125421,2023-03-01,2024-10-31,1254225
101144659,2023-07-01,2024-12-31,2499999
101073761,2023-01-01,2024-12-31,"1986176,25"
190173745,2022-11-01,2025-04-30,2500000
101130715,2024-02-01,2029-01-31,"3391796,25"
101046846,2022-05-01,2026-04-30,2896750
101145335,2024-03-01,2025-08-31,2499999
101046307,2022-04-01,2026-03-31,2996550
101099355,2023-04-01,2027-03-31,3083850
101188324,2024-12-01,2026-11-30,2496375
190160513,2022-06-01,2025-05-31,2499000
190167125,2022-03-01,2024-01-31,"1722185,5"
190113059,2023-01-01,2025-12-31,"2392687,5"
190180859,2022-12-01,2025-11-30,2500000
190162545,2023-09-01,2025-08-31,"2499999,99"
101188740,2024-12-01,2026-11-30,2499999
101115292,2024-02-01,2028-01-31,2509125
101046878,2022-05-01,2026-04-30,"1672528,5"
101058075,2022-09-01,2025-08-31,2071778
190159682,2023-02-01,2026-04-30,2500000
101057564,2022-05-01,2025-04-30,1294000
190198093,2023-09-01,2025-08-31,"2499999,99"
190146453,2022-01-01,2023-12-31,2448250
190170276,2022-06-01,2025-02-28,2078428
190141200,2022-03-01,2025-02-28,2081625
101070721,2022-10-01,2025-09-30,"2201654,72"
190133715,2023-03-01,2025-02-28,2495836
101099058,2023-09-01,2027-08-31,6069304
101112839,2023-03-01,2025-02-28,2495000
101099283,2023-07-01,2027-06-30,2998500
190156971,2022-05-01,2024-04-30,"2306573,5"
190180588,2023-03-01,2025-02-28,2458928
101159049,2024-05-01,2027-04-30,2483740
101161441,2024-11-01,2027-10-31,3997635
101046928,2022-05-01,2026-04-30,3547046
101188111,2024-11-01,2026-10-31,2493000
101057954,2022-06-01,2026-05-31,2575920
190117839,2023-12-01,2025-11-30,1319500
101099787,2023-01-01,2025-12-31,2498419
190157957,2023-04-01,2026-03-31,"1539105,75"
190101904,2022-10-01,2025-09-30,2497469
190152266,2022-06-01,2024-05-31,"2299750,5"
101070953,2022-11-01,2027-10-31,4475946
101192038,2025-01-01,2027-12-31,"5999932,5"
101161751,2024-06-01,2026-11-30,2499999
190196379,2023-04-01,2025-03-31,2470759
101186814,2025-10-01,2029-09-30,2999205
190120429,2022-09-01,2027-03-31,2500000
101162503,2024-09-01,2027-08-31,"3600937,25"
101145475,2023-12-01,2025-05-31,"2499139,13"
101115535,2023-10-01,2027-09-30,"3998856,25"
190117316,2023-10-01,2025-09-30,1534750
101099313,2023-03-01,2026-02-28,2969980
190116867,2023-04-01,2025-03-31,1724625
101115420,2023-11-01,2027-10-31,"3984437,5"
190121972,2022-01-01,2023-12-31,"2485995,75"
101047160,2022-05-01,2026-04-30,1966665
101115264,2023-10-01,2027-09-30,"4003582,5"
101099139,2023-04-01,2027-03-31,"3875747,5"
190119214,2021-10-01,2023-09-30,2500000
101189207,2024-10-01,2026-09-30,2499000
190198323,2022-05-01,2024-04-30,1810550
101112779,2023-09-01,2026-08-31,"2498937,5"
190191933,2022-07-01,2024-10-31,"2425019,02"
101099491,2023-06-01,2026-05-31,2449926
101115492,2023-10-01,2027-09-30,"3979006,5"
101115315,2023-07-01,2027-09-30,"4749963,75"
101188285,2024-12-01,2026-11-30,2499817
190184468,2023-02-01,2025-07-31,2500000
190132825,2022-05-01,2024-12-31,2318750
190124297,2022-06-01,2025-05-31,2269312
190151578,2022-11-01,2024-10-31,2359000
101145256,2024-03-01,2026-02-28,"2444378,1"
190185443,2021-10-01,2024-02-29,1987387
101098475,2023-01-01,2025-06-30,1881875
101129734,2024-01-01,2026-12-31,"2372318,75"
101130178,2024-09-01,2028-08-31,"3015883,25"
101187800,2025-02-01,2028-01-31,"2797407,5"
101046424,2022-04-01,2026-03-31,3197925
190122644,2023-08-01,2025-07-31,2499875
101058111,2022-05-01,2026-04-30,2194210
101186952,2025-02-01,2029-01-31,"3046127,5"
101165614,2024-07-01,2026-06-30,2441250
101136762,2023-11-01,2026-04-30,"2499998,75"
101161602,2024-10-01,2028-09-30,3085000
190133662,2022-01-01,2022-12-31,2500000
101161461,2024-07-01,2026-06-30,2387000
190143220,2023-10-01,2025-09-30,2500000
101189261,2024-09-02,2027-03-01,"2499831,25"
101057649,2022-06-01,2026-03-31,2499810
190183588,2022-06-01,2025-01-31,2500000
101144600,2024-11-01,2026-02-28,2499999
190119724,2023-06-01,2025-05-31,"1257836,65"
101097989,2022-11-01,2025-10-31,2499716
190146991,2023-03-01,2025-05-31,2450000
190148118,2023-03-01,2025-02-28,"2235809,5"
101105161,2024-01-01,2025-02-28,700000
101164808,2024-08-01,2028-01-31,"2499998,9"
101161620,2024-10-01,2028-09-30,4532625
190178154,2023-01-01,2025-12-31,"2417259,25"
101186520,2025-02-01,2029-01-31,2997300
101189088,2024-12-01,2026-11-30,2493313
101188946,2024-04-01,2026-03-31,2499999
101136411,2023-12-01,2026-11-30,"2494542,5"
101129812,2024-03-01,2028-02-29,2943233
101131069,2024-10-01,2028-03-31,"2786477,5"
101115442,2023-10-01,2027-03-31,"3873437,5"
101069981,2022-09-01,2026-08-31,3644380
101098934,2023-03-01,2026-02-28,2266125
101130241,2024-02-01,2027-01-31,"1726876,9"
190109922,2023-04-01,2025-09-30,2499999
101046920,2022-10-01,2026-09-30,3000418
101161563,2024-07-01,2026-06-30,2499999
101162320,2024-10-01,2027-09-30,3486560
190175727,2022-05-01,2024-04-30,2493050
101145231,2024-03-01,2026-02-28,"2499035,8"
101113193,2023-09-01,2026-08-31,"2084871,25"
101070740,2022-09-01,2026-08-31,"4387825,75"
101188322,2024-12-01,2026-11-30,2499999
190150530,2024-01-01,2025-12-31,2499999
101046651,2022-09-01,2026-08-31,3591780
101186758,2025-03-01,2029-02-28,"2894306,25"
101186013,2025-02-01,2029-01-31,3000000
101071105,2022-11-01,2026-10-31,3644418
190182727,2022-11-01,2025-02-28,2500000
101145440,2024-03-01,2026-02-28,2499999
101046927,2022-04-01,2026-03-31,2997047
101099596,2023-04-01,2027-03-31,"4229608,5"
190165136,2023-01-01,2024-12-31,2499999
101158666,2024-05-01,2027-04-30,"2499997,5"
101071140,2022-10-01,2025-09-30,1782000
101136414,2024-01-01,2026-06-30,2440870
101115182,2023-11-01,2026-10-31,3992975
101161535,2024-10-01,2028-09-30,"3603457,5"
190112192,2022-08-01,2024-12-31,2000000
101188086,2024-12-01,2026-11-30,2486874
101130710,2024-08-01,2028-07-31,3265977
190178595,2022-04-01,2024-12-31,2500000
190110216,2022-10-01,2024-09-30,2500000
101099552,2023-04-01,2026-03-31,2999191
190185733,2022-10-01,2025-06-30,2500000
101130740,2024-01-01,2027-12-31,"2988461,25"
101161135,2024-10-01,2028-09-30,"3635772,5"
101130979,2024-03-01,2028-02-29,"3759489,5"
101099652,2023-05-01,2026-04-30,2533255
101164662,2024-04-01,2025-12-31,2499999
101121100,2023-11-01,2026-04-30,"1993088,75"
101189238,2024-08-01,2026-07-31,"2184052,5"
101136793,2023-09-01,2026-02-28,"2499998,75"
101046973,2022-10-01,2025-09-30,"2270149,94"
101158943,2024-04-01,2027-03-31,2499625
101159068,2024-06-01,2026-11-30,"867937,5"
190187799,2022-10-01,2024-09-30,"2485857,5"
190123526,2022-06-15,2024-06-14,2403093
101161465,2024-09-01,2028-08-31,"4548872,5"
101115317,2023-10-01,2026-09-30,"2418514,98"
101057919,2022-04-01,2024-12-31,1950000
190102529,2024-01-01,2025-12-31,2499999
101099210,2023-03-01,2027-02-28,"2998988,75"
190155287,2022-01-01,2024-03-31,2500000
101046946,2022-04-01,2025-03-31,2606250
190117429,2023-05-01,2025-04-30,2450000
190182078,2022-04-01,2023-10-31,1510469
101158575,2024-04-01,2027-03-31,"2476343,5"
101129661,2024-04-01,2028-03-31,3635137
190140802,2023-08-01,2025-07-31,2498125
101098900,2023-11-01,2027-10-31,"2999993,75"
101158920,2024-04-01,2027-03-31,"2499983,5"
190155678,2023-02-01,2025-07-31,2500000
101099663,2022-12-01,2025-11-30,"3018312,5"
101047137,2022-09-01,2026-02-28,"1904544,25"
101096317,2023-01-01,2026-12-31,2659996
190115974,2022-12-01,2024-11-30,2499999
190141476,2023-05-01,2025-04-30,2493750
101164420,2024-09-01,2025-08-31,"49713,44"
101188638,2024-11-01,2026-10-31,2492571
101188959,2024-12-01,2026-11-30,"2498402,48"
101071010,2022-10-01,2026-03-31,"3229932,25"
101145326,2023-10-01,2025-09-30,2499999
190144395,2023-08-01,2025-07-31,2500000
190156124,2023-09-01,2025-08-31,2500000
190139954,2022-04-01,2023-10-31,1399658
101136371,2023-11-01,2026-10-31,"2499143,75"
190183888,2022-11-01,2024-10-31,1992550
101161085,2024-10-01,2028-03-31,3055280
101163492,2024-01-01,2026-03-31,2498816
101046911,2022-04-01,2025-03-31,2914056
190173644,2022-10-01,2024-09-30,1389062
190188862,2022-10-01,2025-06-30,2500000
101144395,2024-02-01,2026-01-31,2499999
190136402,2022-01-01,2023-10-31,1686300
101046742,2022-05-01,2025-10-31,2508694
101161495,2024-08-01,2026-07-31,"2496112,5"
101130883,2024-01-01,2026-12-31,2999840
190143610,2022-11-01,2024-10-31,"2165828,88"
101046489,2022-03-01,2026-02-28,"2552277,5"
101046968,2022-10-01,2025-09-30,"3368158,75"
101162112,2024-11-01,2027-10-31,"3654473,29"
190166506,2023-01-01,2024-06-30,2499579
190127219,2023-02-01,2025-06-30,"2230783,63"
101058166,2022-09-01,2025-07-31,2499513
190103391,2022-10-01,2024-09-30,2499999
101113086,2023-06-01,2026-05-31,1298411
101136978,2024-01-01,2026-12-31,2523585
101070865,2022-10-01,2025-09-30,"4428402,5"
101145140,2024-05-01,2026-08-31,2499999
190184905,2022-08-01,2025-07-31,2389625
101098989,2023-03-01,2026-08-31,3333513
190106489,2023-05-01,2025-04-30,2497305
101098717,2023-03-01,2027-02-28,"2455823,25"
101136680,2023-10-01,2026-09-30,"2489162,5"
190133087,2023-11-01,2025-10-31,1481076
190195324,2022-06-01,2024-05-31,1697500
190118992,2023-04-01,2025-03-31,2500000
190115658,2023-04-01,2025-09-30,"2499402,5"
101099381,2023-01-01,2026-06-30,2497750
190176800,2022-08-01,2025-05-31,2500000
101071041,2022-10-01,2026-09-30,4500000
101058035,2022-05-01,2024-04-30,2594615
190151860,2022-11-01,2024-10-31,"1472849,88"
101185661,2025-04-01,2028-03-31,"3700823,5"
101130304,2024-02-01,2028-01-31,"2997641,25"
101124675,2024-04-01,2027-03-31,2119133
190113917,2022-12-01,2025-09-30,"1799999,25"
101115601,2023-10-01,2027-09-30,"3426308,75"
190121670,2023-10-01,2025-09-30,2499500
101189068,2025-01-01,2026-12-31,"2494748,99"
101046836,2022-09-01,2026-08-31,2871775
101161087,2024-09-01,2028-08-31,3781325
101099481,2023-04-01,2026-03-31,2809260
190160766,2023-10-01,2025-09-30,2500000
101189082,2024-10-01,2027-03-31,"2489221,49"
190122502,2022-05-01,2026-04-30,2500000
101129952,2023-12-01,2026-11-30,2495445
101071147,2022-10-01,2026-09-30,4485655
101047223,2022-05-01,2026-04-30,3723551
190132953,2022-03-01,2024-10-31,"2498014,75"
101136541,2023-12-01,2026-11-30,2495000
101136703,2023-11-01,2026-10-31,"2499998,75"
101115456,2023-11-01,2026-10-31,"3571708,75"
190161361,2022-11-01,2025-03-31,2496112
190124924,2023-08-01,2025-07-31,2499999
101188682,2025-01-01,2026-12-31,"2486312,5"
101131014,2023-11-01,2027-10-31,"2965384,75"
101130384,2024-04-01,2028-03-31,"2675838,75"
101164403,2024-04-01,2026-07-31,2499999
101186889,2025-04-01,2028-03-31,"2992374,75"
101115307,2023-10-01,2026-09-30,"2347916,25"
190109977,2022-06-01,2026-05-31,2500000
101188572,2024-12-01,2027-02-28,"2499357,86"
101186774,2025-02-01,2028-01-31,2998878
190136759,2022-08-01,2025-04-30,1958697
101161251,2024-09-01,2028-08-31,3999995
101159096,2024-04-01,2027-03-31,"2499721,25"
101058229,2022-04-01,2025-03-31,2100238
190143516,2023-03-01,2025-02-28,2499999
101189103,2024-11-01,2026-10-31,"2494672,92"
190198819,2022-05-01,2024-04-30,2402487
101161973,2024-08-01,2026-07-31,2499999
101186252,2025-02-01,2028-01-31,"2999101,25"
190199469,2023-04-01,2025-03-31,2402750
101161424,2024-07-01,2026-06-30,"2411489,5"
101158721,2024-05-01,2027-04-30,2499750
101098490,2023-02-01,2027-01-31,"2565836,25"
101113260,2023-05-01,2025-10-31,"1549111,25"
101130308,2024-04-01,2028-03-31,"3639665,75"
101162771,2024-03-01,2026-02-28,2499343
101113081,2023-10-01,2026-09-30,"1756837,5"
101158803,2024-03-01,2026-02-28,2498125
101189116,2024-10-01,2026-09-30,"2157637,23"
101047099,2022-09-01,2025-08-31,2987775
190171211,2023-05-01,2025-06-30,2499875
101114924,2023-10-01,2028-09-30,3999840
190119321,2023-12-01,2025-11-30,"1557877,13"
190163802,2023-01-01,2024-12-31,2499700
101158577,2024-08-01,2027-07-31,2499340
190175425,2023-03-01,2025-02-28,2500000
190144355,2022-10-01,2024-09-30,"2443616,88"
190190885,2022-06-15,2024-06-14,2500000
190176001,2022-09-01,2025-08-31,2500000
101162318,2024-10-01,2028-09-30,"3605988,75"
101099608,2023-01-01,2025-12-31,2499968
101115028,2023-11-01,2027-04-30,3505325
190167448,2022-05-01,2024-11-30,"2488572,8"
101161230,2024-05-01,2027-04-30,2491650
101161583,2024-10-01,2028-09-30,"3997916,25"
101188828,2025-01-01,2026-12-31,2499999
190124491,2023-11-01,2025-10-31,"2495510,93"
190160729,2023-01-01,2024-12-31,2499901
190129575,2022-11-01,2024-10-31,2287922
190178748,2022-12-01,2024-11-30,2499999
101130604,2024-03-01,2027-02-28,2999835
101186701,2025-03-01,2028-02-29,"2565321,25"
101130249,2024-03-01,2028-02-29,"2984716,25"
101099620,2023-01-01,2025-12-31,"2495626,25"
190168073,2023-06-01,2025-09-30,2499999
101161603,2024-10-01,2027-09-30,3972890
101161137,2024-10-01,2028-09-30,"3427222,5"
101115410,2023-10-01,2028-09-30,1659570
190157289,2022-05-01,2024-10-31,2430225
101129638,2024-05-01,2028-04-30,2664940
101099916,2023-08-01,2027-01-31,"2999834,25"
101099717,2023-10-01,2026-09-30,"2519031,25"
190140124,2023-07-01,2025-06-30,2499999
101046835,2022-11-01,2026-10-31,"3275985,75"
190152213,2022-06-01,2023-11-30,2450876
190167814,2023-02-01,2025-12-31,2500000
101046231,2022-11-01,2025-10-31,2383360
101130717,2024-03-01,2027-08-31,2995840
101188575,2025-01-01,2026-12-31,"2491232,64"
101185862,2025-02-01,2029-01-31,"2998122,5"
101188559,2025-01-01,2026-12-31,"2481137,31"
101130895,2023-12-01,2026-11-30,"2530269,25"
101099699,2022-12-01,2025-11-30,2054755
101058055,2022-04-01,2025-12-31,2899553
101056951,2022-08-01,2025-07-31,2477043
101158869,2024-06-01,2027-05-31,"2499229,75"
190135075,2023-07-01,2025-06-30,1500712
101130021,2024-02-01,2028-01-31,"2779713,75"
190191356,2024-01-01,2025-12-31,2499875
190163627,2023-09-01,2025-08-31,1279460
101189143,2025-01-01,2026-12-31,"2445035,98"
101071178,2022-10-01,2026-09-30,3132460
101098813,2023-05-01,2026-04-30,"2728446,75"
101188110,2024-09-01,2026-08-31,"2483665,63"
101099528,2023-04-01,2027-03-31,3638501
101114987,2023-10-01,2027-09-30,"3145242,5"
101058027,2022-06-01,2025-05-31,800000
190148437,2022-01-01,2024-10-31,2500000
190129990,2023-04-01,2025-03-31,2495500
101165759,2024-07-01,2026-06-30,1779750
190148354,2022-10-01,2025-01-31,"2235926,88"
190126744,2023-01-01,2024-12-31,2499999
101130639,2024-06-01,2028-05-31,"2915568,75"
101166650,2024-06-01,2026-05-31,2450000
101130161,2024-07-01,2027-06-30,"2996048,75"
190126641,2022-07-01,2024-02-29,2500000
101046298,2022-02-01,2029-01-31,4003007
101159437,2024-03-01,2026-02-28,"2466223,75"
190175375,2022-10-01,2024-09-30,2499000
101058011,2022-06-01,2024-05-31,2223128
101187897,2024-07-01,2026-06-30,2499999
101188127,2024-10-01,2026-12-31,"2475890,67"
190119289,2022-07-01,2024-12-31,2500000
101145228,2024-02-01,2026-01-31,1531950
190123060,2023-05-01,2025-04-30,2494275
101099867,2023-04-01,2027-06-30,"2733931,25"
101137000,2023-12-01,2026-11-30,"2499445,93"
190107486,2022-10-01,2026-09-30,2500000
101057960,2022-10-01,2025-09-30,2488500
101058004,2022-05-01,2025-10-31,2441979
101188637,2024-12-01,2026-11-30,2499999
101188409,2024-11-01,2027-04-30,2493000
101112669,2023-03-01,2026-02-28,"2499812,5"
101161353,2024-09-01,2028-08-31,"3943243,75"
101145322,2024-03-01,2026-02-28,"2499894,25"
101165323,2024-07-01,2026-06-30,2328679
101113107,2023-06-01,2025-11-30,"2499995,75"
101115134,2023-11-01,2027-10-31,"3973783,75"
101161754,2024-10-01,2028-09-30,3989085
101114582,2023-05-01,2026-10-31,"6999452,1"
101158959,2024-04-01,2026-09-30,1998750
101071179,2022-10-01,2026-03-31,2550196
190109269,2022-07-01,2024-06-30,2500000
190102812,2023-06-01,2025-11-30,"2495937,5"
101159322,2024-03-01,2027-02-28,"2485833,75"
190118690,2022-11-01,2024-10-31,2426375
101188710,2024-09-01,2027-02-28,"2262530,08"
101188580,2024-08-01,2026-07-31,"2471437,5"
101099775,2022-11-01,2024-08-31,2496073
190107075,2022-04-01,2024-03-31,"1596148,93"
101115536,2023-10-01,2026-09-30,"3740868,49"
101046364,2022-04-01,2026-03-31,2999822
101136772,2023-11-01,2025-10-31,"2498563,75"
101099697,2023-06-01,2027-05-31,"3420513,75"
101161103,2024-10-01,2027-09-30,"2603887,5"
190154620,2023-03-01,2025-03-31,2478175
101146834,2024-07-01,2027-06-30,2480000
190100375,2022-10-01,2024-03-31,1735300
101098649,2023-06-01,2027-05-31,2995000
190149849,2022-05-01,2024-04-30,1944337
101099934,2023-04-01,2027-03-31,"3584656,75"
190164416,2022-04-01,2024-03-31,"1682537,51"
101112987,2023-05-01,2025-04-30,"2499998,75"
190126414,2023-08-01,2025-07-31,2495850
101161281,2024-09-01,2027-08-31,"3765840,75"
101046870,2022-03-01,2026-02-28,3450856
101130006,2024-01-01,2027-06-30,2897578
101186580,2025-02-01,2029-01-31,"3079962,5"
101184647,2025-03-01,2030-02-28,"2999999,25"
190169569,2022-09-01,2025-03-31,2500000
101166088,2024-06-01,2024-11-30,46594
101070917,2022-10-01,2027-09-30,"3946172,5"
101185769,2025-02-01,2028-01-31,"3276577,5"
101071145,2022-11-01,2026-10-31,3857067
101145401,2023-12-01,2025-11-30,2499999
101129720,2024-03-01,2028-02-29,2634485
101159210,2024-04-01,2027-03-31,2482500
101121093,2023-11-01,2025-10-31,2000000
101186901,2025-05-01,2028-10-31,"2919176,25"
101112988,2023-06-01,2026-08-31,"2111146,25"
190141008,2023-02-01,2025-04-30,2497688
190101308,2023-01-01,2024-12-31,2500000
190123677,2022-11-01,2024-10-31,2500000
101129798,2024-02-01,2028-01-31,"2430574,75"
101098992,2022-12-01,2025-11-30,"1162209,25"
101098597,2023-01-01,2026-12-31,"3537120,25"
101058142,2022-05-01,2025-04-30,2475998
101070913,2022-11-01,2027-10-31,"2805403,82"
101112948,2023-04-01,2025-03-31,2226280
190189473,2023-08-01,2025-07-31,2499999
101136471,2023-11-01,2025-10-31,"2495968,75"
190151856,2022-12-01,2024-11-30,"2499962,5"
190138295,2022-06-01,2026-06-30,2500000
101113121,2023-06-01,2026-05-31,2069150
190138846,2023-02-01,2025-01-31,2500000
190107195,2023-12-01,2025-11-30,"2425934,35"
101188773,2025-01-01,2026-06-30,2485840
101187647,2025-03-01,2030-02-28,"2995448,5"
101047214,2022-04-01,2025-09-30,"3078249,75"
101187260,2025-05-01,2028-04-30,2999500
101188906,2024-12-01,2026-11-30,"2490105,31"
190135342,2022-10-01,2024-09-30,2500000
101073762,2022-11-01,2024-10-31,2000000
101188940,2024-04-01,2026-03-31,2499999
190132711,2023-09-01,2025-08-31,2499999
190117010,2022-04-01,2024-03-31,1519875
101115574,2023-10-01,2028-09-30,4349410
101046790,2022-04-01,2026-03-31,3229534
190188598,2022-04-01,2025-03-31,2500000
190170580,2022-07-01,2024-12-31,1935530
190186800,2023-03-01,2025-08-31,2455250
101158723,2024-03-01,2027-02-28,2498375
190165249,2022-09-01,2025-05-31,2500000
101071212,2022-09-01,2025-11-30,2000000
101073781,2022-11-01,2024-10-31,"1999987,5"
190137729,2022-09-01,2025-03-31,"1820106,2"
101115233,2023-10-01,2027-09-30,"3885462,5"
190137459,2022-12-01,2025-05-31,2499999
190118954,2023-07-01,2025-06-30,2500000
190139157,2023-01-01,2024-12-31,1153390
101188752,2024-12-01,2026-11-30,2499999
101099579,2023-02-01,2028-01-31,3543967
190108904,2022-10-01,2024-09-30,2163608
101070948,2022-10-01,2027-09-30,"4194947,5"
190125922,2023-01-02,2025-01-01,2500000
101115538,2023-10-01,2026-09-30,3982133
190121771,2022-08-01,2024-01-31,"1886791,02"
190131747,2023-02-01,2025-01-31,2499999
101099487,2023-04-01,2026-03-31,2956825
101071040,2022-10-01,2027-09-30,3360825
101099284,2022-12-01,2025-05-31,2373125
190192260,2022-05-01,2025-01-31,2500000
101057941,2022-04-01,2025-03-31,2500000
190100437,2022-03-01,2024-04-30,2439500
101188457,2024-12-01,2026-11-30,2499999
190180830,2023-12-01,2025-11-30,2499999
101114978,2023-11-01,2027-10-31,3260250
101058278,2022-08-01,2025-07-31,2499416
190178133,2022-04-01,2024-03-31,2099562
190164663,2022-10-01,2024-09-30,2293725
101058016,2022-06-01,2025-05-31,2489571
190109136,2023-03-01,2025-08-31,"2493058,75"
190105256,2022-11-01,2024-10-31,2500000
101057978,2022-06-01,2025-05-31,2498750
101144779,2024-01-01,2025-12-31,2499999
101129967,2024-01-01,2026-12-31,2961225
101145249,2024-02-01,2026-01-31,2306500
101130550,2024-03-01,2028-02-29,"3342833,75"
190138134,2022-08-01,2025-04-30,"2497880,88"
101161066,2024-05-01,2026-04-30,"2493809,5"
190186802,2023-03-01,2025-02-28,2499999
101057616,2022-09-01,2025-08-31,2485717
190134230,2022-06-01,2024-11-30,1904000
101046758,2022-10-01,2025-09-30,"3045502,5"
101161690,2024-09-01,2027-08-31,3999590
101167739,2024-08-01,2026-07-31,4499625
101161136,2024-07-01,2026-06-30,2499875
101099291,2023-04-01,2027-03-31,"2495508,5"
101058200,2022-06-01,2025-05-31,2497750
101144502,2024-02-01,2026-01-31,2499999
190100402,2022-02-01,2024-01-31,2150000
101158703,2024-06-01,2025-02-28,"49982,06"
101130325,2024-09-01,2029-08-31,"2359068,75"
101130618,2024-04-01,2028-03-31,"2670933,75"
190106381,2022-04-01,2025-02-28,"2450688,63"
190188980,2023-02-01,2025-01-31,2496592
190185094,2022-07-01,2024-12-31,"2497240,59"
190186984,2023-03-01,2025-02-28,2499999
190173479,2022-03-01,2024-02-29,"2482483,5"
101098826,2023-02-01,2027-01-31,1718408
101166533,2024-06-01,2026-05-31,"2499998,66"
101099220,2023-02-01,2027-01-31,"3334517,5"
101058240,2022-04-01,2025-03-31,2496674
190130309,2023-02-01,2025-07-31,2500000
190153654,2022-11-01,2024-10-31,2482564
101070891,2022-10-01,2025-09-30,"3784703,75"
190157849,2023-09-01,2025-08-31,2479750
190121231,2021-09-01,2023-08-31,"2168687,5"
190143920,2023-05-01,2025-01-31,2349375
190111938,2022-04-01,2024-12-31,2457000
101113110,2023-06-01,2026-05-31,"2498963,75"
190106476,2023-04-01,2025-09-30,2499999
190195939,2023-10-01,2025-09-30,2458662
101099232,2022-11-01,2025-10-31,"2499998,75"
190123213,2022-05-01,2024-07-31,"2491365,63"
190120340,2022-04-01,2024-09-30,"2490742,63"
101115525,2023-10-01,2026-09-30,2885525
101058103,2022-08-01,2025-05-31,2499482
190185467,2023-09-01,2025-08-31,"2497491,5"
101189123,2024-12-01,2026-11-30,2499999
190199127,2023-01-01,2024-12-31,2495099
101070741,2022-10-01,2025-09-30,2368910
190163952,2023-08-01,2025-07-31,2487240
101145339,2023-07-01,2025-06-30,2499999
101185817,2025-02-01,2029-01-31,"3235322,25"
101161032,2025-01-01,2028-12-31,"3645212,5"
101188842,2025-01-01,2026-12-31,"2490416,25"
101130747,2024-02-01,2027-01-31,"1225468,83"
190185259,2022-04-01,2023-12-31,2456377
101187842,2025-04-01,2029-03-31,2999625
190167799,2022-07-01,2025-01-31,2287720
101057934,2022-04-01,2024-03-31,2453292
190161902,2022-04-01,2023-03-31,1950597
101186212,2025-04-01,2029-03-31,"3209102,5"
190146685,2022-10-01,2025-03-31,2500000
190116067,2023-03-01,2024-08-31,"2481705,5"
101115488,2023-11-01,2026-10-31,2975275
101112739,2023-05-01,2026-04-30,2499141
101136633,2023-12-01,2026-11-30,"2499051,25"
101046448,2022-06-01,2025-11-30,3154350
101145278,2024-03-01,2026-08-31,2499999
101188965,2025-01-01,2026-12-31,2499999
190134524,2023-03-01,2025-08-31,"2482096,75"
101136719,2023-12-01,2026-11-30,2499397
101098965,2023-05-01,2028-04-30,2896496
101070922,2022-10-01,2025-09-30,"3617783,75"
101113048,2023-05-01,2026-04-30,"2499998,75"
101166201,2024-05-01,2026-04-30,2499999
190192897,2023-07-01,2025-06-30,2499999
190118979,2023-03-01,2025-08-31,2499875
101162457,2024-09-01,2028-08-31,"4318432,5"
101188720,2024-12-01,2026-11-30,2499999
190101116,2022-11-01,2025-07-31,2499999
190124455,2022-04-01,2024-03-31,2500000
190112197,2022-06-01,2024-05-31,1767500
101165721,2024-01-01,2026-06-30,2499999
101057977,2022-05-01,2025-04-30,2499222
101071203,2022-11-01,2027-10-31,3337725
101098651,2023-02-01,2027-01-31,2999750
190157602,2022-07-01,2024-06-30,1538250
190186381,2023-01-01,2024-12-31,2500000
101159229,2024-05-01,2027-04-30,2498245
101161509,2024-10-01,2028-09-30,"3988206,25"
190126069,2021-11-01,2024-03-31,"2490687,5"
101099423,2023-03-01,2027-02-28,2740675
101115421,2023-10-01,2027-09-30,"3939947,5"
101113079,2023-04-01,2025-03-31,"2451913,75"
101115545,2023-09-01,2027-08-31,4158610
101071188,2022-09-01,2026-08-31,3999225
101161052,2024-10-01,2027-09-30,"3422982,5"
190145679,2023-01-01,2024-12-31,1700392
101189019,2025-01-01,2026-12-31,2499999
190175162,2022-10-01,2024-09-30,2500000
101070802,2022-10-01,2025-09-30,3980291
190183494,2023-02-01,2025-01-31,870625
101047177,2022-11-01,2025-10-31,"2992203,75"
190125980,2022-05-01,2024-09-30,2489148
101130218,2024-01-01,2026-12-31,2966695
101126704,2023-03-01,2023-10-31,400000
190186816,2022-01-01,2023-12-31,2348873
190121193,2022-07-01,2023-12-31,2100000
101115389,2023-10-01,2026-09-30,"2437522,5"
101145204,2024-01-01,2025-12-31,2486750
190157517,2022-04-01,2026-03-31,2500000
190108462,2022-09-01,2024-08-31,"2473268,46"
190144075,2023-04-01,2026-03-31,"2342835,5"
101130615,2023-11-01,2026-10-31,"3020886,25"
190123465,2023-03-01,2025-06-30,1746209
101057894,2022-10-01,2025-03-31,2093331
190144923,2023-01-01,2024-12-31,2500000
101186925,2024-12-01,2027-12-31,"2909251,25"
101046941,2022-03-01,2026-02-28,"2665564,75"
190123244,2022-09-01,2025-06-30,2499999
101115504,2023-07-01,2026-06-30,"3080623,75"
101115253,2023-09-01,2027-08-31,4000000
190164424,2022-12-01,2024-11-30,1366312
190104075,2022-11-01,2025-10-31,2497250
190106553,2023-01-01,2025-05-31,1716743
101188310,2025-01-01,2026-12-31,"2434790,33"
190123865,2023-09-01,2025-08-31,2031050
101158879,2024-03-01,2027-02-28,"2497711,25"
101144958,2024-05-01,2026-04-30,"2491062,88"
190146292,2022-12-01,2024-11-30,2496599
190103838,2023-01-01,2025-05-31,1692596
101189100,2024-10-01,2026-09-30,2457875
101099476,2023-01-01,2024-12-31,1982688
190121563,2023-03-01,2025-02-28,2465750
101144749,2024-02-01,2026-01-31,2498475
101115118,2023-09-01,2027-08-31,"3963836,25"
190112238,2022-01-01,2023-12-31,1860725
190145380,2022-09-01,2024-12-31,2500000
101188864,2024-12-01,2026-11-30,2499525
101162257,2024-09-01,2028-08-31,"2862042,5"
190153016,2022-10-01,2024-09-30,2220750
190150864,2022-08-01,2025-03-31,2500000
101057672,2022-04-01,2025-03-31,2010200
190142580,2022-06-01,2025-05-31,"2325312,5"
101186537,2025-02-01,2029-01-31,"2997921,25"
190177099,2023-02-01,2025-04-30,2386562
101130724,2024-02-01,2028-01-31,1994770
190178477,2023-03-01,2025-08-31,2499999
101099676,2023-04-01,2026-03-31,"2994409,98"
101047131,2022-06-01,2026-05-31,"3739723,75"
190125825,2023-01-01,2024-12-31,2499000
101184379,2024-12-01,2028-12-31,3000000
190143893,2023-01-01,2023-12-31,2500000
190163665,2023-01-01,2025-12-31,1646117
101099346,2023-04-01,2028-03-31,"4597578,75"
190140677,2022-12-01,2025-01-31,2500000
190151095,2024-01-01,2025-12-31,1636639
190182335,2022-09-01,2025-08-31,2258375
101161674,2024-09-01,2026-08-31,"1673262,5"
101098972,2023-04-01,2027-03-31,"2903862,5"
101058252,2022-06-01,2024-12-31,1141648
190126352,2023-05-01,2026-04-30,2500000
101115115,2023-10-01,2026-09-30,3999857
101070918,2022-10-01,2026-09-30,2839511
190149727,2022-04-01,2024-09-30,2500000
101161573,2024-11-01,2028-10-31,3066939
101071111,2022-09-01,2026-08-31,"3314383,75"
190183175,2022-04-01,2024-03-31,2500000
190103560,2022-11-01,2025-04-30,1941782
190144382,2023-04-01,2025-03-31,2458000
101166300,2024-06-01,2026-05-31,"2360936,9"
101099430,2023-02-01,2027-01-31,"3194262,5"
101189171,2024-11-01,2026-10-31,2499875
190102649,2022-01-01,2024-06-30,2499000
190154650,2023-07-01,2025-06-30,2491125
101188588,2024-12-01,2026-11-30,2491249
190138713,2023-06-01,2025-05-31,2499999
101159364,2024-07-01,2027-06-30,2498750
101099000,2023-01-01,2025-11-30,1457500
190102180,2022-06-01,2024-05-31,1156312
190136578,2023-01-01,2024-12-31,1742160
101130650,2024-01-01,2026-12-31,2987655
101160467,2024-08-01,2026-07-31,3986000
101144824,2024-02-01,2026-01-31,"2456037,5"
190146412,2023-02-01,2025-05-31,2500000
190156232,2022-08-01,2024-07-31,2500000
101162223,2024-10-01,2027-09-30,"3976608,75"
101047289,2022-10-01,2025-09-30,"2687263,75"
190127290,2022-07-01,2025-06-30,2438800
190188065,2023-03-01,2025-02-28,2500000
101189252,2025-01-01,2026-12-31,2499999
101070976,2022-10-01,2026-09-30,"3502967,49"
190153745,2023-06-01,2025-06-30,"2499999,99"
101188264,2024-11-01,2026-10-31,2498125
101130315,2024-03-01,2028-02-29,"2165477,5"
190162248,2023-05-01,2025-04-30,2500000
101046294,2022-04-01,2026-03-31,2047125
101188563,2025-01-01,2026-12-31,"2297531,7"
190190711,2022-08-01,2024-07-31,2499574
101099963,2023-03-01,2026-02-28,4420511
190124596,2023-01-01,2024-12-31,2495281
101047028,2022-12-01,2026-11-30,"5722533,53"
190152156,2023-08-01,2025-03-31,2499999
190115994,2023-02-01,2025-04-30,2500000
190134039,2022-05-01,2024-10-31,1590750
101144903,2024-02-01,2026-01-31,2499999
101058000,2022-03-01,2024-08-31,2398115
190173163,2022-05-01,2024-12-31,2052714
190134447,2022-12-01,2024-11-30,1961067
101112991,2023-06-01,2025-11-30,2495900
190190195,2022-10-01,2025-05-31,2449440
101057679,2022-04-01,2025-03-31,2499267
101166330,2024-05-01,2026-04-30,"2425437,88"
190186747,2023-05-01,2025-10-31,2500000
101046693,2022-04-01,2026-03-31,"4339714,25"
190180284,2023-07-01,2025-06-30,2500000
101145478,2024-03-01,2026-02-28,"1548268,75"
101161062,2024-09-01,2027-08-31,2511105
101145380,2024-03-01,2026-11-30,2499999
101046458,2022-06-01,2027-05-31,"2643187,5"
101161114,2024-11-01,2028-10-31,"3100934,25"
101098722,2023-10-01,2027-09-30,3251081
101162376,2024-10-01,2028-09-30,"1322281,25"
101188707,2024-11-01,2026-10-31,"2499962,5"
101099366,2023-04-01,2026-03-31,1945622
101136407,2023-10-01,2026-09-30,2494415
101071175,2022-11-01,2027-10-31,4043375
101046297,2022-10-01,2026-09-30,"2930127,5"
101115403,2023-11-01,2026-10-31,"3776701,25"
190142579,2022-12-01,2025-04-30,1012375
101057902,2022-07-01,2025-06-30,2427025
101137084,2023-10-01,2026-03-31,"1966218,75"
190155254,2022-03-01,2024-02-29,2412112
190199874,2022-02-01,2025-01-31,1947888
190104418,2023-07-03,2025-07-02,2499999
101161312,2024-10-01,2028-09-30,"3398692,5"
101162683,2024-07-01,2026-06-30,2498470
101113302,2023-06-01,2026-05-31,"1584066,25"
190156996,2023-12-01,2025-11-30,2492350
101046894,2022-04-01,2026-03-31,"3685549,5"
190171705,2023-01-01,2024-12-31,"2490337,5"
101166301,2024-04-01,2025-09-30,2499999
101103057,2023-05-01,2026-04-30,2457765
101115159,2023-10-01,2027-09-30,"4006599,85"
190141232,2022-03-01,2024-02-29,"2496229,75"
190110172,2022-01-01,2025-12-31,2500000
190163787,2023-03-01,2025-02-28,2498600
190174063,2022-10-01,2024-09-30,2438488
101145362,2024-03-01,2026-02-28,2499999
190167786,2022-03-01,2024-12-31,1788062
101129641,2024-04-01,2028-03-31,"3890838,75"
190114688,2023-01-01,2024-12-31,2447812
101058224,2022-11-01,2025-10-31,2433125
101129613,2024-04-01,2028-03-31,2966790
101098647,2023-05-01,2027-04-30,"3443137,18"
101144662,2024-04-01,2026-03-31,"2433345,25"
190181669,2022-02-01,2023-07-31,1279184
101161110,2024-09-01,2028-08-31,"3920718,75"
101099379,2022-12-01,2025-11-30,"2483327,5"
190161681,2023-04-03,2025-04-02,2479700
190136266,2023-02-01,2025-01-31,2495415
101047120,2022-03-01,2026-02-28,"2988434,75"
190184742,2023-08-01,2025-07-31,"2498266,7"
101185125,2025-04-01,2029-03-31,"2997801,25"
190181809,2022-01-01,2024-06-30,2072266
101129853,2024-04-01,2028-03-31,2792500
101113210,2023-05-01,2025-10-31,2498945
101129842,2024-01-01,2027-12-31,"2882322,5"
190188855,2023-01-01,2024-12-31,2499000
101161637,2024-10-01,2029-03-31,"4041021,75"
101046923,2022-04-01,2027-03-31,"4027964,75"
190155873,2023-01-01,2025-06-30,2492700
101099192,2023-04-01,2026-03-31,2533216
190172256,2023-01-01,2025-09-30,2493750
190145869,2022-02-01,2024-01-31,2500000
190155898,2023-02-01,2025-01-31,1680875
190108094,2022-07-01,2025-06-30,2421314
101128598,2024-03-01,2028-02-29,2998045
101136924,2024-01-01,2026-12-31,"2494251,25"
101145536,2024-04-01,2026-03-31,2499999
190169028,2023-12-01,2025-11-30,1522762
101161153,2024-09-01,2028-08-31,3997735
101046504,2022-04-01,2026-03-31,"3198152,5"
101046719,2022-05-01,2026-04-30,"3267127,5"
190181312,2022-11-01,2025-04-30,"2480187,5"
190178979,2023-07-01,2025-06-30,2065437
101129645,2024-04-01,2027-09-30,"2908754,98"
190183999,2023-03-01,2025-02-28,1950095
190126849,2022-01-01,2024-04-30,1814022
101188848,2024-12-01,2026-11-30,"2498730,5"
101104445,2023-10-01,2025-09-30,20000000
101130954,2023-11-01,2026-10-31,2250500
190138948,2022-04-01,2024-11-30,2499999
101185141,2025-01-01,2029-12-31,"3069321,25"
190154354,2023-08-01,2025-07-31,2500000
190153981,2022-03-01,2024-02-29,1728011
101136310,2024-01-01,2026-12-31,"2378694,25"
101130047,2024-05-01,2028-04-30,"3867840,25"
190119713,2023-04-01,2025-03-31,2254028
101187492,2025-02-01,2029-01-31,"2913913,75"
101099054,2023-04-01,2026-03-31,"3798713,75"
190138275,2022-11-01,2025-09-30,2261783
101145196,2024-03-01,2026-02-28,2499999
101189202,2024-09-01,2025-11-30,2495625
190100321,2023-10-01,2025-09-30,2499999
190115848,2023-04-01,2025-03-31,2450000
101158710,2024-04-01,2026-03-31,2432030
190188714,2022-07-01,2024-06-30,2500000
101043356,2023-01-01,2027-12-31,2657500
101165883,2025-05-01,2030-04-30,1259375
101076028,2023-06-01,2028-05-31,"1493498,75"
101096251,2024-09-01,2029-08-31,2499224
101106862,2023-09-01,2025-08-31,"152623,68"
101086109,2023-01-01,2026-12-31,"2998677,25"
101194408,2024-11-01,2026-08-31,50000
101194586,2024-12-01,2025-08-31,50000
101194590,2024-10-01,2025-09-30,50000
101194541,2024-11-01,2025-07-31,49949
101194517,2024-12-01,2025-11-30,50000
101202712,2025-01-01,2025-06-30,50000
101202787,2025-02-01,2025-07-31,50000
101194589,2024-11-01,2027-10-31,"49828,75"
101130454,2023-12-01,2026-11-30,2433300
101201944,2025-02-01,2025-06-30,50000
101099719,2023-01-01,2026-12-31,3994150
101071191,2022-12-01,2025-11-30,"3330897,5"
101114487,2023-06-01,2024-05-31,75000
101124993,2023-04-01,2024-01-31,100000
101177629,2024-03-01,2025-02-28,300000
101051386,2021-11-01,2022-08-31,100000
101114060,2023-07-01,2024-02-29,75000
101114240,2023-07-01,2024-03-31,75000
101112673,2023-01-01,2025-12-31,"141219766,48"
101070776,2022-05-01,2024-12-31,"3712326,24"
101113806,2023-07-01,2024-06-30,75000
101113873,2023-07-01,2024-09-30,75000
101114178,2023-06-01,2024-02-29,75000
101114552,2023-06-01,2024-01-31,75000
101114150,2023-07-01,2024-04-30,75000
101071734,2022-06-01,2022-11-30,75000
101114204,2023-06-01,2024-05-31,75000
101113939,2023-06-01,2024-01-31,75000
101113968,2023-06-01,2024-05-31,75000
101114083,2023-07-01,2024-06-30,75000
101071626,2022-06-01,2023-05-31,75000
101114096,2023-06-01,2024-02-29,75000
101071430,2022-06-01,2023-01-31,75000
101113949,2023-08-01,2024-07-31,75000
101114220,2023-07-01,2024-01-31,75000
101114193,2023-07-01,2024-06-30,75000
101114191,2023-07-01,2024-03-31,75000
101114035,2023-07-01,2024-03-31,75000
101121353,2023-08-01,2027-03-31,1286125
